-- phpMyAdmin SQL Dump
-- version 3.5.8.1deb1
-- http://www.phpmyadmin.net
--
-- Host: localhost
-- Generation Time: Jan 31, 2014 at 04:47 PM
-- Server version: 5.5.34-0ubuntu0.13.04.1
-- PHP Version: 5.4.9-4ubuntu2.4

SET SQL_MODE="NO_AUTO_VALUE_ON_ZERO";
SET time_zone = "+00:00";


/*!40101 SET @OLD_CHARACTER_SET_CLIENT=@@CHARACTER_SET_CLIENT */;
/*!40101 SET @OLD_CHARACTER_SET_RESULTS=@@CHARACTER_SET_RESULTS */;
/*!40101 SET @OLD_COLLATION_CONNECTION=@@COLLATION_CONNECTION */;
/*!40101 SET NAMES utf8 */;

--
-- Database: `sohorepro`
--

DELIMITER $$
--
-- Procedures
--
CREATE DEFINER=`root`@`localhost` PROCEDURE `compName`()
SELECT category_name FROM sohorepro_category$$

DELIMITER ;

-- --------------------------------------------------------

--
-- Table structure for table `sohorepro_address`
--

CREATE TABLE IF NOT EXISTS `sohorepro_address` (
  `id` int(11) NOT NULL AUTO_INCREMENT,
  `comp_id` int(11) NOT NULL,
  `company_name` tinytext NOT NULL,
  `address_1` tinytext NOT NULL,
  `address_2` tinytext NOT NULL,
  `address_3` tinytext NOT NULL,
  `city` varchar(225) NOT NULL,
  `state` varchar(225) NOT NULL,
  `zip` varchar(11) NOT NULL,
  `zip_ext` varchar(11) NOT NULL,
  `phone` varchar(225) NOT NULL,
  `extension` varchar(11) NOT NULL,
  `attention_to` varchar(225) NOT NULL,
  `type` enum('0','1') NOT NULL,
  UNIQUE KEY `id` (`id`),
  KEY `id_2` (`id`)
) ENGINE=InnoDB  DEFAULT CHARSET=latin1 AUTO_INCREMENT=14 ;

--
-- Dumping data for table `sohorepro_address`
--

INSERT INTO `sohorepro_address` (`id`, `comp_id`, `company_name`, `address_1`, `address_2`, `address_3`, `city`, `state`, `zip`, `zip_ext`, `phone`, `extension`, `attention_to`, `type`) VALUES
(1, 1, '15 Union Square West', 'No.5 Vivekananthar Street', 'Vivekananthar Street', 'Dubai Kurukku Santhu', 'Dubai', '33', '13134', '', '', '', 'Jassim', '1'),
(2, 2, '', 'Infinity Capital Management', '1407 Broadway >> 30th Floor', '', 'New York', '33', '10001', '', '', '', 'James Jung', '1'),
(3, 3, '', '160 Water Street', '', '', 'New York', '33', '10038', '', '', '', 'Bob Shaperio', '1'),
(4, 4, '', 'c/o SLRDC   Jeffrey S. Levien', '140 West 57th Street  Suite 5A', '', 'New York', '33', '10019', '', '', '', 'Jeffrey Levien', '1'),
(5, 5, '', '', '2 Beekman Place', '', 'New York', '33', '10022', '', '', '', 'James Blumenthal', '1'),
(6, 6, '', 'Suite 1518', '180 Varick Street', '', 'New York', '33', '10014', '', '', '', 'Eileen Costello', '1'),
(7, 7, '', '5th Floor', '110 Leroy Street', '', 'New York', '33', '10014', '', '', '', 'Nadine Wilson', '1'),
(8, 8, '', '202 Spring Street', '', '', 'New York', '33', '10012', '', '', '', 'David Goldoff', '1'),
(9, 9, '', 'Suite 604', '63 Greene Street', '', 'New York', '33', '10012', '', '', '', 'Montgomery Brown', '1'),
(10, 10, '', 'c/o Flintlock Construction Services', '345 West 35th St >> 12th Floor', '', 'New York', '33', '10001', '', '', '', 'Tricia', '1'),
(11, 11, '', 'c/o Flintlock Construction Services', '345 West 35th St >> 12th Floor', '', 'New York', '33', '10002', '', '', '', 'Tricia1', '1'),
(12, 1, 'Colan Infotech', 'No: 6 Montieth Road', 'Near by Alsa Maal', 'Taas Mahal', 'Chennai', '2', '12313', '', '123-231-4545', '', 'Jassim', '0'),
(13, 1, 'Jassim Company', 'kldfksdkl', 'kdfk', 'lkdfgsk', 'dfklgk', '3', '89348', '2346', '234-348-2358', '2138', 'skidfj', '0');

-- --------------------------------------------------------

--
-- Table structure for table `sohorepro_category`
--

CREATE TABLE IF NOT EXISTS `sohorepro_category` (
  `id` int(11) NOT NULL AUTO_INCREMENT,
  `category_name` varchar(225) NOT NULL,
  `super_id` int(11) NOT NULL,
  `parent_id` int(11) NOT NULL,
  `status` enum('0','1') NOT NULL DEFAULT '0',
  `sort` int(11) NOT NULL,
  PRIMARY KEY (`id`)
) ENGINE=InnoDB  DEFAULT CHARSET=latin1 AUTO_INCREMENT=65 ;

--
-- Dumping data for table `sohorepro_category`
--

INSERT INTO `sohorepro_category` (`id`, `category_name`, `super_id`, `parent_id`, `status`, `sort`) VALUES
(1, 'Large Format Media', 0, 0, '1', 1),
(2, 'Ammonia Diazo', 1, 0, '1', 1),
(3, 'Engineering Bond', 1, 0, '1', 2),
(4, 'Engineering Vellum', 1, 0, '1', 3),
(5, 'Engineering Film', 1, 0, '1', 4),
(6, 'InkJet Bond', 1, 0, '1', 6),
(7, 'Inkjet Photo', 1, 0, '1', 7),
(8, 'InkJet Fine Art', 1, 0, '1', 8),
(9, 'InkJet Vellum', 1, 0, '1', 5),
(10, 'InkJet Film', 1, 0, '1', 9),
(11, 'Copier Supplies', 0, 0, '1', 2),
(12, 'Copy Paper', 11, 0, '1', 10),
(13, 'White Paper - 20lb', 11, 12, '1', 12),
(14, 'White Paper  - 60lb', 11, 12, '1', 14),
(15, 'Strathmore', 11, 12, '1', 15),
(16, 'Colored Paper - 20lb', 11, 12, '1', 16),
(17, 'Colored Paper - 60lb', 11, 12, '1', 17),
(18, 'Cover Stock - 65lb', 11, 12, '1', 18),
(19, ' Laser Paper', 11, 12, '1', 19),
(20, 'Transparency', 11, 12, '1', 20),
(21, 'Film', 11, 12, '1', 21),
(22, 'Vellum', 11, 12, '1', 22),
(23, 'Applique Film', 11, 12, '1', 23),
(24, 'Ink  Toner', 0, 0, '1', 3),
(25, 'KIP', 24, 0, '1', 13),
(26, 'Seiko', 24, 0, '1', 15),
(27, 'Oce', 24, 0, '1', 14),
(28, 'Xerox', 24, 0, '1', 11),
(29, 'Hewlett-Packard', 24, 0, '1', 12),
(30, 'DesignJet 510', 24, 29, '1', 30),
(31, 'DesignJet 500/800', 24, 29, '1', 31),
(32, 'DesignJet 500/510/800', 24, 29, '1', 32),
(33, 'DesignJet 1000/1050', 24, 29, '1', 33),
(34, 'DesignJet 5000/5500', 24, 29, '1', 34),
(35, 'DesignJet 4000', 24, 29, '1', 35),
(36, 'DesignJet T120/T520', 24, 29, '1', 36),
(37, 'DesignJet T770/T790/T1100/T1200/T2300', 24, 29, '1', 37),
(38, 'DesignJet T2500', 24, 29, '1', 38),
(39, 'DesigJet T7100', 24, 29, '1', 39),
(40, 'DesignJet Z5200', 24, 29, '1', 40),
(41, 'DesignJet Z6100/Z6200', 24, 29, '1', 41),
(42, 'Binding Supplies', 0, 0, '1', 4),
(43, 'Wire-O', 42, 0, '1', 16),
(44, 'Acco', 42, 0, '1', 17),
(45, 'Velo', 42, 0, '1', 18),
(46, 'Plastic Comb', 42, 0, '1', 19),
(47, 'Screw Post', 42, 0, '1', 20),
(48, 'Fast Back', 42, 0, '1', 21),
(49, 'Coil', 42, 0, '1', 22),
(50, 'Covers', 42, 0, '1', 23),
(51, 'Clear', 42, 50, '1', 50),
(52, 'Frosted', 42, 50, '1', 52),
(53, 'Opaque', 42, 50, '1', 53),
(54, 'Illustration Board', 42, 50, '1', 54),
(55, 'Chip Board', 42, 50, '1', 55),
(56, 'Display Boards', 0, 0, '1', 5),
(57, 'Foam Board', 56, 0, '1', 24),
(58, 'Gator Board', 56, 0, '1', 25),
(59, 'Illustration Board', 56, 0, '1', 26),
(60, 'Packaging', 0, 0, '1', 6),
(61, 'Kraft Paper', 60, 0, '1', 27),
(62, 'Letthead Box', 60, 0, '1', 28),
(63, 'Sketch Paper', 0, 0, '1', 7),
(64, 'Sketch Paper', 63, 0, '1', 29);

-- --------------------------------------------------------

--
-- Table structure for table `sohorepro_checkout`
--

CREATE TABLE IF NOT EXISTS `sohorepro_checkout` (
  `id` int(11) NOT NULL AUTO_INCREMENT,
  `product_id` int(11) NOT NULL,
  `quantity` int(11) NOT NULL,
  `unit_price` decimal(15,2) NOT NULL,
  `user_id` int(11) NOT NULL,
  `company_id` int(11) NOT NULL,
  `reference` varchar(225) NOT NULL,
  `shipping_add_id` int(11) NOT NULL,
  PRIMARY KEY (`id`)
) ENGINE=InnoDB  DEFAULT CHARSET=latin1 AUTO_INCREMENT=82 ;

-- --------------------------------------------------------

--
-- Table structure for table `sohorepro_company`
--

CREATE TABLE IF NOT EXISTS `sohorepro_company` (
  `comp_id` int(11) NOT NULL AUTO_INCREMENT,
  `comp_name` varchar(255) NOT NULL,
  `comp_contact_name` varchar(255) NOT NULL,
  `comp_contact_email` varchar(255) NOT NULL,
  `comp_contact_phone` varchar(255) NOT NULL,
  `comp_contact_fax` varchar(225) NOT NULL,
  `comp_business_address1` tinytext NOT NULL,
  `comp_business_address2` tinytext NOT NULL,
  `comp_business_address3` tinytext NOT NULL,
  `comp_room` varchar(255) NOT NULL,
  `comp_suite` varchar(255) NOT NULL,
  `comp_floor` varchar(255) NOT NULL,
  `comp_city` varchar(255) NOT NULL,
  `comp_state` varchar(11) NOT NULL,
  `comp_zipcode` int(11) NOT NULL,
  `comp_phone1` varchar(255) NOT NULL,
  `comp_phone2` varchar(255) NOT NULL,
  `comp_phone3` varchar(255) NOT NULL,
  `comp_phone4` varchar(255) NOT NULL,
  `comp_status` varchar(255) NOT NULL COMMENT '0-active,1-inactive',
  `tax_exe` enum('0','1') NOT NULL,
  `cus_regdate` timestamp NOT NULL DEFAULT CURRENT_TIMESTAMP ON UPDATE CURRENT_TIMESTAMP,
  `status` enum('0','1') NOT NULL,
  PRIMARY KEY (`comp_id`)
) ENGINE=InnoDB  DEFAULT CHARSET=latin1 AUTO_INCREMENT=12 ;

--
-- Dumping data for table `sohorepro_company`
--

INSERT INTO `sohorepro_company` (`comp_id`, `comp_name`, `comp_contact_name`, `comp_contact_email`, `comp_contact_phone`, `comp_contact_fax`, `comp_business_address1`, `comp_business_address2`, `comp_business_address3`, `comp_room`, `comp_suite`, `comp_floor`, `comp_city`, `comp_state`, `comp_zipcode`, `comp_phone1`, `comp_phone2`, `comp_phone3`, `comp_phone4`, `comp_status`, `tax_exe`, `cus_regdate`, `status`) VALUES
(1, '15 Union Square West', '', '', '212-488-3119', '212-308-1231', 'Jassim', ' fgdfgdfgfdf', 'c/o Brack Capital Real Estate (072101)', '', '', '', 'New York', 'NY', 10022, '', '', '', '', '', '0', '2014-01-20 08:46:05', '1'),
(2, '152 West 26', '', '', '212-608-1702', '', 'c/o Infinity Capital Management', '1407 Broadway, 30th Floor', 'c/o Infinity Capital Management', '', '', '', 'New York', 'NY', 10001, '', '', '', '', '', '0', '2014-01-15 08:35:03', '1'),
(3, '160 Water St. Associates', '', '', '212-599-5599', '', '160 Water Street', '', '160 Water Street', '', '', '', 'New York', 'NY', 10038, '', '', '', '', '', '0', '2014-01-15 04:25:20', '1'),
(4, '19 Beach Street Associates LLC', '', '', '212-981-1777', '212-981-1761', 'c/o SLRDC   Jeffrey S. Levien', '140 West 57th Street  Suite 5A', 'c/o SLRDC   Jeffrey S. Levien', '', '', '', 'New York', 'NY', 10019, '', '', '', '', '', '0', '2014-01-15 09:03:41', '0'),
(5, '2 Beekman Place Owners Corp', '', '', '', '', '4th Floor', '250 Park Avenue South', '4th Floor', '', '', '', 'New York', 'NY', 10003, '', '', '', '', '', '0', '2014-01-15 13:08:58', '0'),
(6, '2 x 4 Inc', '', '', '212-647-1170', '', 'Suite 151', '180 Varick Street', 'Suite 151', '', '', '', 'New York', 'NY', 10014, '', '', '', '', '', '0', '2014-01-15 04:25:20', '1'),
(7, '200 Productions Corp', '', '', '212-366-1530', '212-366-1526', '5th Floor', '110 Leroy Street', '5th Floor', '', '', '', 'New York', 'NY', 10014, '', '', '', '', '', '0', '2014-01-15 04:25:20', '0'),
(8, '202 Spring Street Associates LP', '', '', '917-273-4624', '212-285-1785', 'Robert Goldoff', '257 Water Street', 'Robert Goldoff', '', '', '', 'New York', 'NY', 10038, '', '', '', '', '', '0', '2014-01-15 08:13:37', '0'),
(9, '212 Group Communications', '', '', '212-343-1733', '212-334-5221', 'Suite 604', '63 Greene Street', 'Suite 604', '', '', '', 'New York', 'NY', 10012, '', '', '', '', '', '0', '2014-01-15 13:09:20', '1'),
(10, '216 Duffield Street', '', '', '212-608-1702', '', 'c/o Flintlock Construction Services', '585 N Barry Street', 'c/o Flintlock Construction Services', '', '', '', 'Mamaroneck', 'NY', 10543, '', '', '', '', '', '0', '2014-01-15 13:14:04', '1'),
(11, '222 Duffield St', '', '', '212-608-1702', '', 'c/o Flintlock Construction Services', '585 N Barry Avenue', 'c/o Flintlock Construction Services', '', '', '', 'Mamaroneck', 'NY', 10543, '', '', '', '', '', '0', '2014-01-15 13:13:36', '1');

-- --------------------------------------------------------

--
-- Table structure for table `sohorepro_customers`
--

CREATE TABLE IF NOT EXISTS `sohorepro_customers` (
  `cus_id` int(11) NOT NULL AUTO_INCREMENT,
  `cus_fname` varchar(255) NOT NULL,
  `cus_lname` varchar(255) NOT NULL,
  `cus_email` varchar(255) NOT NULL,
  `cus_pass` varchar(255) NOT NULL,
  `cus_compname` int(255) NOT NULL,
  `cus_contact_name` varchar(255) NOT NULL,
  `cus_contact_email` varchar(255) NOT NULL,
  `cus_contact_phone` varchar(255) NOT NULL,
  `cus_contact_fax` varchar(225) NOT NULL,
  `cus_bill_address1` varchar(255) NOT NULL,
  `cus_bill_address2` varchar(255) NOT NULL,
  `cus_bill_room` varchar(255) NOT NULL,
  `cus_bill_suite` varchar(255) NOT NULL,
  `cus_bill_floor` varchar(255) NOT NULL,
  `cus_bill_city` varchar(255) NOT NULL,
  `cus_bill_state` int(11) NOT NULL,
  `cus_bill_zipcode` int(11) NOT NULL,
  `cus_phone1` varchar(255) NOT NULL,
  `cus_phone2` varchar(255) NOT NULL,
  `cus_phone3` varchar(255) NOT NULL,
  `cus_phone4` varchar(255) NOT NULL,
  `cus_tax_exe` int(11) NOT NULL,
  `cus_regdate` date NOT NULL,
  `cus_manager` enum('0','1') NOT NULL,
  `cus_status` int(11) NOT NULL COMMENT '0-Active,1-Inactive',
  `invoice_type` int(11) NOT NULL,
  `billing_freq` varchar(11) NOT NULL,
  `account_status` varchar(11) NOT NULL,
  `shipping_comp_name` tinytext NOT NULL,
  `shipping_aad1` tinytext NOT NULL,
  `shipping_city` varchar(225) NOT NULL,
  `shipping_state` int(11) NOT NULL,
  `shipping_zip` int(11) NOT NULL,
  PRIMARY KEY (`cus_id`)
) ENGINE=InnoDB  DEFAULT CHARSET=latin1 AUTO_INCREMENT=13 ;

--
-- Dumping data for table `sohorepro_customers`
--

INSERT INTO `sohorepro_customers` (`cus_id`, `cus_fname`, `cus_lname`, `cus_email`, `cus_pass`, `cus_compname`, `cus_contact_name`, `cus_contact_email`, `cus_contact_phone`, `cus_contact_fax`, `cus_bill_address1`, `cus_bill_address2`, `cus_bill_room`, `cus_bill_suite`, `cus_bill_floor`, `cus_bill_city`, `cus_bill_state`, `cus_bill_zipcode`, `cus_phone1`, `cus_phone2`, `cus_phone3`, `cus_phone4`, `cus_tax_exe`, `cus_regdate`, `cus_manager`, `cus_status`, `invoice_type`, `billing_freq`, `account_status`, `shipping_comp_name`, `shipping_aad1`, `shipping_city`, `shipping_state`, `shipping_zip`) VALUES
(1, ' ', ' ', 'mohamedjassim5@gmail.com', '123456', 1, 'Lee Samuels', 'wnimmolrat@bcreusa.com', '212-488-3119', '212-308-1231', 'c/o Brack Capital Real Estate (072101)', '885 Third Av - Suite 2401', '', '', '', 'New York', 33, 10022, '', '', '', '', 0, '0000-00-00', '0', 1, 1, 'M', '1', ' ', 'c/o Brack Capital Real Estate - USA', '885 Third Av - Suite 2401 @ 54th St', 0, 0),
(2, ' ', ' ', 'james.jung@infinitycm.com', '123456', 2, 'James Jung', 'james.jung@infinitycm.com', '212-608-1702', '', 'c/o Infinity Capital Management', '1407 Broadway, 30th Floor (James Jung)', '', '', '', 'New York', 33, 10001, '', '', '', '', 0, '0000-00-00', '0', 1, 1, 'M', '1', ' ', 'Infinity Capital Management', '1407 Broadway >> 30th Floor', 0, 0),
(4, ' ', ' ', 'fortner@coastlinedesign.com', '123456', 4, 'Jeffrey Levien', 'fortner@coastlinedesign.com', '212-981-1777', '212-981-1761', 'c/o SLRDC   Jeffrey S. Levien', '140 West 57th Street  Suite 5A', '', '', '', 'New York', 33, 10019, '', '', '', '', 0, '0000-00-00', '0', 1, 1, 'M', '0', ' ', 'c/o SLRDC   Jeffrey S. Levien', '140 West 57th Street  Suite 5A', 0, 0),
(5, ' ', ' ', 'theresaj@tudorrealty.com', '123456', 5, 'James Blumenthal', 'theresaj@tudorrealty.com', '', '', '4th Floor', '250 Park Avenue South', '', '', '', 'New York', 33, 10003, '', '', '', '', 0, '0000-00-00', '0', 1, 1, 'M', '1', ' ', '', '2 Beekman Place', 0, 0),
(6, ' ', ' ', 'chloe@2x4.org', '123456', 6, 'Eileen Costello', 'chloe@2x4.org', '212-647-1170', '', 'Suite 151', '180 Varick Street', '', '', '', 'New York', 33, 10014, '', '', '', '', 0, '0000-00-00', '0', 1, 1, 'M', '1', ' ', 'Suite 1518', '180 Varick Street', 0, 0),
(7, ' ', ' ', 'dgmccut@hotmail.com', '123456', 7, 'Nadine Wilson', 'dgmccut@hotmail.com', '212-366-1530', '212-366-1526', '5th Floor', '110 Leroy Street', '', '', '', 'New York', 33, 10014, '', '', '', '', 0, '0000-00-00', '0', 1, 1, 'M', '0', ' ', '5th Floor', '110 Leroy Street', 0, 0),
(8, ' ', ' ', 'broomearch@msn.com', '123456', 8, 'David Goldoff', 'broomearch@msn.com', '917-273-4624', '212-285-1785', 'Robert Goldoff', '257 Water Street', '', '', '', 'New York', 33, 10038, '', '', '', '', 0, '0000-00-00', '0', 1, 1, 'M', '0', ' ', '202 Spring Street', '', 0, 0),
(9, ' ', ' ', 'TriciaB@flintlockllc.com', '123456', 10, 'Tricia', 'TriciaB@flintlockllc.com', '212-608-1702', '', 'c/o Flintlock Construction Services', '585 N Barry Street', '', '', '', 'Mamaroneck', 33, 10543, '', '', '', '', 0, '0000-00-00', '0', 1, 1, 'M', '1', ' ', 'c/o Flintlock Construction Services', '345 West 35th St >> 12th Floor', 0, 0),
(10, ' ', ' ', 'Tricia1@flintlockllc.com', '123456', 11, 'Tricia1', 'Tricia1@flintlockllc.com', '212-608-1702', '', 'c/o Flintlock Construction Services', '585 N Barry Avenue', '', '', '', 'Mamaroneck', 33, 10543, '', '', '', '', 0, '0000-00-00', '0', 1, 1, 'M', '1', ' ', 'c/o Flintlock Construction Services', '345 West 35th St >> 12th Floor', 0, 0),
(11, 'Jassim', 'N', 'jasim@colanonline.com', '123456', 1, 'JassimN', '', '212-488-3119', '', 'c/o Brack Capital Real Estate (072101)', '885 Third Av - Suite 2401', '', '', '', 'New York', 0, 10022, '', '', '', '', 0, '2014-01-16', '0', 1, 0, '', '', '', '', '', 0, 0),
(12, 'mohamed', 'jassim', 'mohamedjassim@gmail.com', '123456', 1, 'mohamedjassim', '', '134-354-6765', '', 'Jassim', ' fgdfgdfgfdf', '', '', '', 'New York', 0, 10022, '', '', '', '', 0, '2014-01-17', '1', 1, 0, '', '', '', '', '', 0, 0);

-- --------------------------------------------------------

--
-- Table structure for table `sohorepro_customers_test`
--

CREATE TABLE IF NOT EXISTS `sohorepro_customers_test` (
  `cus_id` int(11) NOT NULL AUTO_INCREMENT,
  `cus_fname` varchar(255) NOT NULL,
  `cus_lname` varchar(255) NOT NULL,
  `cus_email` varchar(255) NOT NULL,
  `cus_pass` varchar(255) NOT NULL,
  `cus_compname` int(255) NOT NULL,
  `cus_contact_name` varchar(255) NOT NULL,
  `cus_contact_email` varchar(255) NOT NULL,
  `cus_contact_phone` varchar(255) NOT NULL,
  `cus_bill_address1` varchar(255) NOT NULL,
  `cus_bill_address2` varchar(255) NOT NULL,
  `cus_bill_room` varchar(255) NOT NULL,
  `cus_bill_suite` varchar(255) NOT NULL,
  `cus_bill_floor` varchar(255) NOT NULL,
  `cus_bill_city` varchar(255) NOT NULL,
  `cus_bill_state` int(11) NOT NULL,
  `cus_bill_zipcode` int(11) NOT NULL,
  `cus_phone1` varchar(255) NOT NULL,
  `cus_phone2` varchar(255) NOT NULL,
  `cus_phone3` varchar(255) NOT NULL,
  `cus_phone4` varchar(255) NOT NULL,
  `cus_tax_exe` int(11) NOT NULL,
  `cus_regdate` date NOT NULL,
  `cus_manager` enum('0','1') NOT NULL,
  `cus_status` int(11) NOT NULL COMMENT '0-Active,1-Inactive',
  `invoice_type` int(11) NOT NULL,
  `billing_freq` varchar(11) NOT NULL,
  `account_status` varchar(11) NOT NULL,
  `shipping_comp_name` tinytext NOT NULL,
  `shipping_aad1` tinyint(4) NOT NULL,
  `shipping_city` varchar(225) NOT NULL,
  `shipping_state` int(11) NOT NULL,
  `shipping_zip` int(11) NOT NULL,
  PRIMARY KEY (`cus_id`)
) ENGINE=InnoDB  DEFAULT CHARSET=latin1 AUTO_INCREMENT=10 ;

--
-- Dumping data for table `sohorepro_customers_test`
--

INSERT INTO `sohorepro_customers_test` (`cus_id`, `cus_fname`, `cus_lname`, `cus_email`, `cus_pass`, `cus_compname`, `cus_contact_name`, `cus_contact_email`, `cus_contact_phone`, `cus_bill_address1`, `cus_bill_address2`, `cus_bill_room`, `cus_bill_suite`, `cus_bill_floor`, `cus_bill_city`, `cus_bill_state`, `cus_bill_zipcode`, `cus_phone1`, `cus_phone2`, `cus_phone3`, `cus_phone4`, `cus_tax_exe`, `cus_regdate`, `cus_manager`, `cus_status`, `invoice_type`, `billing_freq`, `account_status`, `shipping_comp_name`, `shipping_aad1`, `shipping_city`, `shipping_state`, `shipping_zip`) VALUES
(1, 'Sam', 'Anderson', 'sam@gmail.com', 'N1MYMA2N', 1, 'Sam Anderson', 'sam@gmail.com', '123-456-7890', 'No-2c 4th floor, Egmore, Chennai', 'No-8 2nd floor, Egmore, Chennai', '', '', '', 'New York', 33, 12345, '', '', '', '', 0, '0000-00-00', '0', 0, 1, 'M', 'Y', 'Colan Infotech', 0, 'New York', 33, 12345),
(2, 'Ravi', 'Kumar', 'ravi@gmail.com', 'D94QPNML', 3, 'Ravi Kumar', 'ravi@gmail.com', '123-456-7899', 'No-6 2nd  Street,Cross cut Road', 'No-6 2nd  Street,Cross cut Road', '', '', '', 'New York', 33, 12345, '', '', '', '', 0, '0000-00-00', '0', 0, 1, 'M', 'Y', 'IBM', 0, 'New York', 33, 12345),
(3, 'Aaru', 'Mugam', 'aaru@gmail.com', 'X79YWNH9', 4, 'Aaru Mugam', 'aaru@gmail.com', '917-494-3454', '113-Nelson Monicham Road', '113-Nelson Monicham Road', '', '', '', 'New York', 33, 12345, '', '', '', '', 0, '0000-00-00', '0', 0, 1, 'M', 'Y', 'Pillar Support', 0, 'New York', 33, 12345),
(4, 'Parthi', 'ban', 'parthiban@colanonline.com', 'FTYSUP66', 3, 'Parthiban', 'parthiban@colanonline.com', '917-494-3454', '113-Nelson Monicham Road', '113-Nelson Monicham Road', '', '', '', 'New York', 33, 12345, '', '', '', '', 0, '0000-00-00', '0', 0, 1, 'M', 'Y', 'Pillar Support', 0, 'New York', 33, 12345),
(5, 'Inthu', 'mathi', 'indthu@colanonline.com', '9B9N9J3C', 4, 'Inthumathi', 'indthu@colanonline.com', '917-494-3454', '113-Nelson Monicham Road', '113-Nelson Monicham Road', '', '', '', 'New York', 33, 12345, '', '', '', '', 0, '0000-00-00', '0', 0, 1, 'M', 'Y', 'Pillar Support', 0, 'New York', 33, 12345),
(6, 'Ila', 'mathi', 'ilamathi@colanonline.com', 'IXTZB7AZ', 4, 'Ilamathi', 'ilamathi@colanonline.com', '917-494-3454', '113-Nelson Monicham Road', '113-Nelson Monicham Road', '', '', '', 'New York', 33, 12345, '', '', '', '', 0, '0000-00-00', '0', 0, 1, 'M', 'Y', 'Pillar Support', 0, 'New York', 33, 12345),
(7, 'Sheik', 'moideen', 'sheik@colanonline.com', '59MQNUQS', 3, 'Sheikmoideen', 'sheik@colanonline.com', '123-456-7899', 'No-6 2nd  Street,Cross cut Road', 'No-6 2nd  Street,Cross cut Road', '', '', '', 'New York', 33, 12345, '', '', '', '', 0, '0000-00-00', '0', 0, 1, 'M', 'Y', 'IBM', 0, 'New York', 33, 12345),
(8, 'Bala', 'Murugan', 'bala@colanonline.com', 'EEBZU8WT', 1, 'Bala Murugan', 'bala@colanonline.com', '123-456-7890', 'No-2c 4th floor, Egmore, Chennai', 'No-8 2nd floor, Egmore, Chennai', '', '', '', 'New York', 33, 12345, '', '', '', '', 0, '0000-00-00', '0', 0, 1, 'M', 'Y', 'Colan Infotech', 0, 'New York', 33, 12345),
(9, 'Raja', 'Durai', 'rajadurai@gmail.com', '9U8842BD', 3, 'Raja Durai', 'rajadurai@gmail.com', '123-456-7899', 'No-6 2nd  Street,Cross cut Road', 'No-6 2nd  Street,Cross cut Road', '', '', '', 'New York', 33, 12345, '', '', '', '', 0, '0000-00-00', '0', 0, 1, 'M', 'Y', 'IBM', 0, 'New York', 33, 12345);

-- --------------------------------------------------------

--
-- Table structure for table `sohorepro_email`
--

CREATE TABLE IF NOT EXISTS `sohorepro_email` (
  `id` int(11) NOT NULL AUTO_INCREMENT,
  `name` varchar(32) NOT NULL,
  `email_id` varchar(64) NOT NULL,
  `status` enum('1','0') NOT NULL DEFAULT '1',
  PRIMARY KEY (`id`)
) ENGINE=InnoDB  DEFAULT CHARSET=latin1 AUTO_INCREMENT=32 ;

--
-- Dumping data for table `sohorepro_email`
--

INSERT INTO `sohorepro_email` (`id`, `name`, `email_id`, `status`) VALUES
(1, 'jasim', 'jasim@colanonline.com', '1'),
(3, 'Richard Lee', 'Chief@pillarsupport.com', '0'),
(8, 'Test sridhar ', 'colantest@gmail.com', '0');

-- --------------------------------------------------------

--
-- Table structure for table `sohorepro_order_master`
--

CREATE TABLE IF NOT EXISTS `sohorepro_order_master` (
  `id` int(11) NOT NULL AUTO_INCREMENT,
  `order_number` int(11) NOT NULL,
  `order_sequence` int(32) NOT NULL,
  `order_id` varchar(32) NOT NULL,
  `customer_name` varchar(64) NOT NULL,
  `customer_company` int(11) NOT NULL,
  `created_date` timestamp NOT NULL DEFAULT CURRENT_TIMESTAMP ON UPDATE CURRENT_TIMESTAMP,
  PRIMARY KEY (`id`)
) ENGINE=InnoDB  DEFAULT CHARSET=latin1 AUTO_INCREMENT=7 ;

--
-- Dumping data for table `sohorepro_order_master`
--

INSERT INTO `sohorepro_order_master` (`id`, `order_number`, `order_sequence`, `order_id`, `customer_name`, `customer_company`, `created_date`) VALUES
(1, 900100101, 900100101, 'JASSIM', '1', 1, '2014-01-31 05:20:43'),
(2, 900100102, 800100100, 'QWERTYUIOZP', '1', 1, '2014-01-31 05:31:25'),
(3, 800100101, 500100100, 'ASDFGF', '1', 1, '2014-01-31 06:30:34'),
(4, 500100101, 700100100, 'JASSIM', '1', 1, '2014-01-31 06:31:48'),
(5, 700100101, 900100100, 'Jassim', '1', 1, '2014-01-31 06:32:57'),
(6, 900100101, 900100101, 'ARUMUGAM', '1', 1, '2014-01-31 06:33:34');

-- --------------------------------------------------------

--
-- Table structure for table `sohorepro_order_sequence`
--

CREATE TABLE IF NOT EXISTS `sohorepro_order_sequence` (
  `id` int(11) NOT NULL AUTO_INCREMENT,
  `order_sequence` int(24) NOT NULL,
  PRIMARY KEY (`id`)
) ENGINE=InnoDB  DEFAULT CHARSET=latin1 AUTO_INCREMENT=4 ;

--
-- Dumping data for table `sohorepro_order_sequence`
--

INSERT INTO `sohorepro_order_sequence` (`id`, `order_sequence`) VALUES
(1, 900100101),
(2, 900100101),
(3, 900100102);

-- --------------------------------------------------------

--
-- Table structure for table `sohorepro_products`
--

CREATE TABLE IF NOT EXISTS `sohorepro_products` (
  `id` int(11) NOT NULL AUTO_INCREMENT,
  `supercategory_id` int(11) NOT NULL,
  `category_id` int(11) NOT NULL,
  `subcategory_id` int(11) NOT NULL,
  `sku_id` int(32) NOT NULL,
  `product_name` varchar(72) NOT NULL,
  `list_price` decimal(15,2) NOT NULL,
  `discount` decimal(15,2) NOT NULL,
  `price` decimal(15,2) NOT NULL,
  `status` enum('0','1') NOT NULL DEFAULT '0',
  `updated_date` timestamp NOT NULL DEFAULT CURRENT_TIMESTAMP ON UPDATE CURRENT_TIMESTAMP,
  `sort` int(11) NOT NULL,
  PRIMARY KEY (`id`)
) ENGINE=InnoDB  DEFAULT CHARSET=latin1 AUTO_INCREMENT=475 ;

--
-- Dumping data for table `sohorepro_products`
--

INSERT INTO `sohorepro_products` (`id`, `supercategory_id`, `category_id`, `subcategory_id`, `sku_id`, `product_name`, `list_price`, `discount`, `price`, `status`, `updated_date`, `sort`) VALUES
(1, 1, 2, 0, 10001, 'Blueline Paper 36"x150''', 79.81, 20.00, 63.85, '1', '2014-01-31 08:59:06', 0),
(2, 1, 2, 0, 10002, 'Blueline Paper 18"x24" (250/pkg)', 201.99, 20.00, 161.59, '1', '2014-01-31 08:59:06', 1),
(3, 1, 2, 0, 10003, 'Blueline Paper 24"x36" (250/pkg)', 377.10, 20.00, 301.68, '1', '2014-01-31 08:59:06', 2),
(4, 1, 2, 0, 10004, 'Blueline Paper 30"x42" (250/pkg)', 548.90, 20.00, 439.12, '1', '2014-01-31 08:59:06', 3),
(5, 1, 3, 0, 10005, 'Opaque Bond  20lb 17"x500'' **RECYCLE 30% PCW**', 93.48, 30.00, 65.44, '1', '2014-01-31 08:59:06', 4),
(6, 1, 3, 0, 10006, 'Opaque Bond  20lb 18"x500'' **RECYCLE 30% PCW**', 93.50, 30.00, 65.45, '1', '2014-01-31 08:59:06', 5),
(7, 1, 3, 0, 10007, 'Opaque Bond  20lb 24"x500'' **RECYCLE 30%PCW**', 122.84, 30.00, 85.99, '1', '2014-01-31 08:59:06', 6),
(8, 1, 3, 0, 10008, 'Opaque Bond  20lb 30"x500'' **RECYCLE 30%PCW**', 152.15, 30.00, 106.50, '1', '2014-01-31 08:59:06', 7),
(9, 1, 3, 0, 10009, 'Opaque Bond  20lb 34"x500'' **RECYCLE 30% PCW**', 175.03, 30.00, 122.52, '1', '2014-01-31 08:59:06', 8),
(10, 1, 3, 0, 10010, 'Opaque Bond  20lb 36"x500'' **RECYCLE 30%PCW**', 177.47, 30.00, 124.23, '1', '2014-01-31 08:59:06', 9),
(11, 1, 3, 0, 10011, 'Opaque Bond  20lb 12"x18" (250/pkg)', 57.28, 30.00, 40.10, '1', '2014-01-31 08:59:06', 10),
(12, 1, 3, 0, 10012, 'Opaque Bond  20lb 18"x24" (250/pkg)', 108.56, 30.00, 75.99, '1', '2014-01-31 08:59:06', 11),
(13, 1, 3, 0, 10013, 'Opaque Bond  20lb 24"x36" (250/pkg)', 191.90, 30.00, 134.33, '1', '2014-01-31 08:59:06', 12),
(14, 1, 3, 0, 10014, 'Presentation Bond 32lb 36"x150''', 92.00, 0.00, 92.00, '1', '2014-01-31 08:59:06', 13),
(15, 1, 3, 0, 10015, 'Translucent Bond 18lb 24"x500''', 151.84, 30.00, 106.29, '1', '2014-01-31 08:59:07', 14),
(16, 1, 3, 0, 10016, 'Translucent Bond 18lb 30"x500''', 201.19, 30.00, 140.83, '1', '2014-01-31 08:59:07', 15),
(17, 1, 3, 0, 10017, 'Translucent Bond 18lb 36"x500''', 201.19, 30.00, 140.83, '1', '2014-01-31 08:59:07', 16),
(18, 1, 4, 0, 10018, 'Vellum, 20lb  18"x500''', 297.08, 30.00, 207.96, '1', '2014-01-31 08:59:07', 17),
(19, 1, 4, 0, 10019, 'Vellum, 20lb,  24"x500''', 495.15, 30.00, 346.60, '1', '2014-01-31 08:59:07', 18),
(20, 1, 4, 0, 10020, 'Vellum, 20lb,  30"x500''', 544.60, 30.00, 381.22, '1', '2014-01-31 08:59:07', 19),
(21, 1, 4, 0, 10021, 'Vellum, 20lb,  36"x500''', 683.31, 30.00, 478.32, '1', '2013-12-11 11:35:34', 21),
(22, 1, 5, 0, 10022, 'Double Matte, 4-mil, 30"x150''', 545.14, 30.00, 381.60, '1', '2013-12-11 11:35:34', 22),
(23, 1, 5, 0, 10023, 'Double Matte, 4-mil, 36"x150''', 654.09, 30.00, 457.86, '1', '2013-12-11 11:35:34', 23),
(24, 1, 5, 0, 10024, 'Clear, 4-mil, 36"x150''', 1041.93, 20.00, 833.54, '1', '2013-12-11 11:35:34', 24),
(25, 1, 5, 0, 10025, 'White Opaque, 4-mil, 36"x150''', 1165.96, 20.00, 932.77, '1', '2013-12-11 11:35:34', 25),
(26, 1, 6, 0, 10026, 'Opaque Bond 20lb 24"x150'' *RECYCLE 30%PCW', 32.10, 20.00, 25.68, '1', '2013-12-11 11:35:34', 26),
(27, 1, 6, 0, 10027, 'Opaque Bond 20lb 30"x150'' *RECYCLE 30%PCW', 40.07, 20.00, 32.06, '1', '2013-12-11 11:35:34', 27),
(28, 1, 6, 0, 10028, 'Opaque Bond 20lb 34"x150'' *RECYCLE 30%PCW', 45.40, 20.00, 36.32, '1', '2013-12-11 11:35:34', 28),
(29, 1, 6, 0, 10029, 'Opaque Bond 20lb 36"x150'' *RECYCLE 30%PCW', 48.08, 20.00, 38.46, '1', '2013-12-11 11:35:34', 29),
(30, 1, 6, 0, 10030, 'Opaque Bond 20lb 42"x150'' *RECYCLE 30%PCW', 66.72, 20.00, 53.38, '1', '2013-12-11 11:35:34', 30),
(31, 1, 6, 0, 10031, 'Opaque Bond 20lb 30"x300''  *RECYCLE 30%PCW', 80.08, 20.00, 64.06, '1', '2013-12-11 11:35:34', 31),
(32, 1, 6, 0, 10032, 'Opaque Bond 20lb 36"x300'' *RECYCLE 30%PCW', 96.15, 20.00, 76.92, '1', '2013-12-11 11:35:35', 32),
(33, 1, 6, 0, 10033, 'Translucent Bond 18lb   24"x150''', 37.03, 20.00, 29.62, '1', '2013-12-11 11:35:35', 33),
(34, 1, 6, 0, 10034, 'Translucent Bond 18lb   30"x150''', 46.15, 20.00, 36.92, '1', '2013-12-11 11:35:35', 34),
(35, 1, 6, 0, 10035, 'Translucent Bond 18lb   36"x150''', 55.60, 20.00, 44.48, '1', '2013-12-11 11:35:35', 35),
(36, 1, 6, 0, 10036, 'Translucent Bond 18lb   42"x150''', 66.49, 20.00, 53.19, '1', '2013-12-11 11:35:35', 36),
(37, 1, 6, 0, 10037, 'Color Bond 24lb/100gsm 24"x150''  CB100', 29.44, 0.00, 29.44, '1', '2013-12-11 11:35:35', 37),
(38, 1, 6, 0, 10038, 'Color Bond 24lb/100gsm 36"x150''  CB100', 44.17, 0.00, 44.17, '1', '2013-12-11 11:35:35', 38),
(39, 1, 6, 0, 10039, 'Color Bond 24lb/100gsm 42"x150''  CB100', 51.51, 0.00, 51.51, '1', '2013-12-11 11:35:35', 39),
(40, 1, 6, 0, 10040, 'Color Bond 24lb/100gsm 36"x300''  CB100', 88.12, 0.00, 88.12, '1', '2013-12-11 11:35:35', 40),
(41, 1, 6, 0, 10041, 'Color Bond 35lb/130gsm 36"x100''  CB130', 57.87, 0.00, 57.87, '1', '2013-12-11 11:35:35', 41),
(42, 1, 6, 0, 10042, 'Color Bond 35lb/130gsm 42"x100''  CB130', 71.60, 0.00, 71.60, '1', '2013-12-11 11:35:35', 42),
(43, 1, 6, 0, 10043, 'Color Bond 46lb/170gsm 24"x100''  CB170', 67.87, 0.00, 67.87, '1', '2013-12-11 11:35:35', 43),
(44, 1, 6, 0, 10044, 'Color Bond 46lb/170gsm 36"x100''  CB170', 89.87, 0.00, 89.87, '1', '2013-12-11 11:35:35', 44),
(45, 1, 6, 0, 10045, 'Color Bond 46lb/170gsm 42"x100''  CB170', 103.63, 0.00, 103.63, '1', '2013-12-11 11:35:35', 45),
(46, 1, 6, 0, 10046, 'Color Bond 46lb/170gsm 60"x100''  CB170', 143.50, 0.00, 143.50, '1', '2013-12-11 11:35:35', 46),
(47, 1, 6, 0, 10047, 'Color Bond 55lb/210gsm 36"x100''  Q6627B', 103.95, 0.00, 103.95, '1', '2013-12-11 11:35:35', 47),
(48, 1, 6, 0, 10048, 'Color Bond 55lb/210gsm 42"x100''  Q6628B', 120.75, 0.00, 120.75, '1', '2013-12-11 11:35:35', 48),
(49, 1, 6, 0, 10049, 'Color Bond 55lb/210gsm 60"x100''  Q6630B', 173.25, 0.00, 173.25, '1', '2013-12-11 11:35:35', 49),
(50, 1, 7, 0, 10050, 'Photo Satin 10-mil/240gsm 24"x100''  PH240S', 131.25, 0.00, 131.25, '1', '2013-12-11 11:35:35', 50),
(51, 1, 7, 0, 10051, 'Photo Satin 10-mil/240gsm 36"x100''  PH240S', 189.31, 0.00, 189.31, '1', '2013-12-11 11:35:35', 51),
(52, 1, 7, 0, 10052, 'Photo Satin   8-mil/240gsm 36"x100''  PH190S', 165.71, 0.00, 165.71, '1', '2013-12-11 11:35:35', 52),
(53, 1, 7, 0, 10053, 'Photo Satin 10-mil/240gsm 42"x100''  PH240S', 220.85, 0.00, 220.85, '1', '2013-12-11 11:35:36', 53),
(54, 1, 7, 0, 10054, 'Photo Satin 10-mil/240gsm 44"x100''  PH240S', 231.36, 0.00, 231.36, '1', '2013-12-11 11:35:36', 54),
(55, 1, 7, 0, 10055, 'Photo Satin 10-mil/240gsm 60"x100''  PH240S', 315.53, 0.00, 315.53, '1', '2013-12-11 11:35:36', 55),
(56, 1, 7, 0, 10056, 'Photo Gloss 10-mil/240gsm 24"x100''  PH240G', 131.25, 0.00, 131.25, '1', '2013-12-11 11:35:36', 56),
(57, 1, 7, 0, 10057, 'Photo Gloss 10-mil/240gsm 36"x100''  PH240G', 189.31, 0.00, 189.31, '1', '2013-12-11 11:35:36', 57),
(58, 1, 7, 0, 10058, 'Photo Gloss   8-mil/190gsm 36"x100''  PH190G', 165.71, 0.00, 165.71, '1', '2013-12-11 11:35:36', 58),
(59, 1, 7, 0, 10059, 'Photo Gloss 10-mil/240gsm 42"x100''  PH240G', 220.85, 0.00, 220.85, '1', '2013-12-11 11:35:36', 59),
(60, 1, 7, 0, 10060, 'Photo Gloss 10-mil/240gsm 44"x100'' PH240G', 231.36, 0.00, 231.36, '1', '2013-12-11 11:35:36', 60),
(61, 1, 7, 0, 10061, 'Photo Gloss 10-mil/240gsm 60"x100''  PH240G', 315.53, 0.00, 315.53, '1', '2013-12-11 11:35:36', 61),
(62, 1, 8, 0, 10062, 'Arches Textured 285gsm 24"x50''  #285T-71517', 157.83, 0.00, 157.83, '1', '2013-12-11 11:35:36', 62),
(63, 1, 8, 0, 10063, 'Arches Textured 285gsm 36"x50''  #285T-71518', 236.43, 0.00, 236.43, '1', '2013-12-11 11:35:36', 63),
(64, 1, 8, 0, 10064, 'Arches Textured 285gsm 42"x50''  #285T-71512', 297.50, 0.00, 297.50, '1', '2013-12-11 11:35:36', 64),
(65, 1, 8, 0, 10065, 'Arches Textured 285gsm 44"x50''  #285T-71519', 312.17, 0.00, 312.17, '1', '2013-12-11 11:35:36', 65),
(66, 1, 8, 0, 10066, 'Arches Textured 285gsm 50"x50''  #285T-71520', 328.31, 0.00, 328.31, '1', '2013-12-11 11:35:36', 66),
(67, 1, 9, 0, 10067, 'Vellum, 20lb, 24"x150''', 93.68, 20.00, 74.94, '1', '2013-12-11 11:35:36', 67),
(68, 1, 9, 0, 10068, 'Vellum, 20lb, 30"x150''', 119.77, 20.00, 95.82, '1', '2013-12-11 11:35:36', 68),
(69, 1, 9, 0, 10069, 'Vellum, 20lb, 36"x150''', 135.37, 20.00, 108.30, '1', '2013-12-11 11:35:36', 69),
(70, 1, 10, 0, 10070, 'Double Matte, 4-mil, 24"x125''', 351.71, 40.00, 211.03, '1', '2013-12-11 11:35:36', 70),
(71, 1, 10, 0, 10071, 'Double Matte, 4-mil, 30"x125''', 451.24, 40.00, 270.74, '1', '2013-12-11 11:35:36', 71),
(72, 1, 10, 0, 10072, 'Double Matte, 4-mil, 36"x125''', 527.60, 40.00, 316.56, '1', '2013-12-11 11:35:36', 72),
(73, 1, 10, 0, 10073, 'Clear, 4-mil, 36"x75'' (w/stripe)', 211.41, 0.00, 211.41, '1', '2013-12-11 11:35:37', 73),
(74, 11, 12, 13, 10074, 'White 20lb 8-1/2x11 Ream Recycled 30%PCW', 6.75, 0.00, 6.75, '1', '2013-12-11 11:36:08', 74),
(75, 11, 12, 13, 10075, 'White 20lb 8-1/2x11 Carton Recycled 30%PCW', 51.00, 0.00, 51.00, '1', '2013-12-11 11:36:08', 75),
(76, 11, 12, 13, 10076, 'White 20lb 8-1/2x14 Ream', 9.25, 0.00, 9.25, '1', '2013-12-11 11:36:08', 76),
(77, 11, 12, 13, 10077, 'White 20lb 8-1/2x14 Carton', 63.00, 0.00, 63.00, '1', '2013-12-11 11:36:08', 77),
(78, 11, 12, 13, 10078, 'White 20lb 11x17 Ream Recycled 30%PCW', 13.75, 0.00, 13.75, '1', '2013-12-11 11:36:08', 78),
(79, 11, 12, 13, 10079, 'White 20lb 11x17 Carton Recycled 30%PCW', 51.00, 0.00, 51.00, '1', '2013-12-11 11:36:08', 79),
(80, 11, 12, 13, 10080, 'White 20lb 12x18 (250/pkg)', 53.73, 0.00, 53.73, '1', '2013-12-11 11:36:08', 80),
(81, 11, 12, 14, 10081, 'White 60lb 8-1/2x11  (500/pkg)', 8.75, 0.00, 8.75, '1', '2013-12-11 11:36:08', 81),
(82, 11, 12, 14, 10082, 'White 11x17      (500/pkg)', 17.50, 0.00, 17.50, '1', '2013-12-11 11:36:08', 82),
(83, 11, 12, 15, 10083, 'Bright White Wove  24lb (500/pkg) #300-220', 39.00, 0.00, 39.00, '1', '2013-12-11 11:36:08', 83),
(84, 11, 12, 15, 10084, 'Natural White Wove 24lb (500/pkg) #300-033', 39.00, 0.00, 39.00, '1', '2013-12-11 11:36:08', 84),
(85, 11, 12, 15, 10085, 'Natural White Cover 88lb (125/pkg)', 34.00, 0.00, 34.00, '1', '2013-12-11 11:36:08', 85),
(86, 11, 12, 16, 10086, 'Canary 20lb 8-1/2x11 (500/pkg)', 7.75, 0.00, 7.75, '1', '2013-12-11 11:36:08', 86),
(87, 11, 12, 16, 10087, 'Salmon 20lb 8-1/2x11 (500/pkg)', 7.75, 0.00, 7.75, '1', '2013-12-11 11:36:09', 87),
(88, 11, 12, 16, 10088, 'Pink 20lb 8-1/2x11 (500/pkg)', 7.75, 0.00, 7.75, '1', '2013-12-11 11:36:09', 88),
(89, 11, 12, 16, 10089, 'Blue 20lb 8-1/2x11 (500/pkg)', 7.75, 0.00, 7.75, '1', '2013-12-11 11:36:09', 89),
(90, 11, 12, 16, 10090, 'Ivory 20lb 8-1/2x11 (500/pkg)', 7.75, 0.00, 7.75, '1', '2013-12-11 11:36:09', 90),
(91, 11, 12, 16, 10091, 'Green 20lb 8-1/2x11 (500/pkg)', 7.75, 0.00, 7.75, '1', '2013-12-11 11:36:09', 91),
(92, 11, 12, 16, 10092, 'Goldenrod 20lb 8-1/2x11  (500/pkg)', 7.75, 0.00, 7.75, '1', '2013-12-11 11:36:09', 92),
(93, 11, 12, 16, 10093, 'Lavender 20lb 8-1/2x11 (500/pkg)', 7.75, 0.00, 7.75, '1', '2013-12-11 11:36:09', 93),
(94, 11, 12, 16, 10094, 'Buff 20lb 8-1/2x11 (500/pkg)', 7.75, 0.00, 7.75, '1', '2013-12-11 11:36:09', 94),
(95, 11, 12, 16, 10095, 'Gray 20lb 8-1/2x11 (500/pkg)', 7.75, 0.00, 7.75, '1', '2013-12-11 11:36:09', 95),
(96, 11, 12, 17, 10096, 'Violet 60lb 8-1/2x11 (500/pkg)', 8.75, 0.00, 8.75, '1', '2013-12-11 11:36:09', 96),
(97, 11, 12, 17, 10097, 'Yellow 60lb 8-1/2x11 (500/pkg)', 8.75, 0.00, 8.75, '1', '2013-12-11 11:36:09', 97),
(98, 11, 12, 17, 10098, 'Gold 60lb 8-1/2x11 (500/pkg)', 8.75, 0.00, 8.75, '1', '2013-12-11 11:36:09', 98),
(99, 11, 12, 17, 10099, 'Red 60lb 8-1/2x11 (500/pkg)', 8.75, 0.00, 8.75, '1', '2013-12-11 11:36:09', 99),
(100, 11, 12, 17, 10100, 'Blue 60lb 8-1/2x11 (500/pkg)', 8.75, 0.00, 8.75, '1', '2013-12-11 11:36:10', 100),
(101, 11, 12, 17, 10101, 'Pink 60lb 8-1/2x11 (500/pkg)', 8.75, 0.00, 8.75, '1', '2013-12-11 11:36:10', 101),
(102, 11, 12, 17, 10102, 'Ult Lime 60lb 8-1/2x11 (500/pkg)', 8.75, 0.00, 8.75, '1', '2013-12-11 11:36:10', 102),
(103, 11, 12, 18, 10103, 'Ivory 65lb 8-1/2x11 (250/pkg)', 28.00, 0.00, 28.00, '1', '2013-12-11 11:36:10', 103),
(104, 11, 12, 18, 10104, 'Gray 65lb 8-1/2x11  (250/pkg)', 28.00, 0.00, 28.00, '1', '2013-12-11 11:36:10', 104),
(105, 11, 12, 18, 10105, 'White 65lb 8-1/2x11 (250/pkg)', 28.00, 0.00, 28.00, '1', '2013-12-11 11:36:10', 105),
(106, 11, 12, 18, 10106, 'Violet 65lb 8-1/2x11 (250/pkg)', 28.00, 0.00, 28.00, '1', '2013-12-11 11:36:10', 106),
(107, 11, 12, 18, 10107, 'Red 65lb 8-1/2x11 (250/pkg)', 28.00, 0.00, 28.00, '1', '2013-12-11 11:36:10', 107),
(108, 11, 12, 18, 10108, 'Blue 65lb 8-1/2x11 (250/pkg)', 28.00, 0.00, 28.00, '1', '2013-12-11 11:36:10', 108),
(109, 11, 12, 18, 10109, 'Gold 65lb 8-1/2x11 (250/pkg)', 28.00, 0.00, 28.00, '1', '2013-12-11 11:36:10', 109),
(110, 11, 12, 18, 10110, 'Green 65lb 8-1/2x11 (250/pkg)', 28.00, 0.00, 28.00, '1', '2013-12-11 11:36:10', 110),
(111, 11, 12, 18, 10111, 'Ult Pink 65lb 8-1/2x11 (250/pkg)', 28.00, 0.00, 28.00, '1', '2013-12-11 11:36:10', 111),
(112, 11, 12, 18, 10112, 'Ult Lime 65lb 8-1/2x11 (250/pkg)', 28.00, 0.00, 28.00, '1', '2013-12-11 11:36:10', 112),
(113, 11, 12, 18, 10113, 'Ult Lemon 65lb 8-1/2x11 (250/pkg)', 28.00, 0.00, 28.00, '1', '2013-12-11 11:36:10', 113),
(114, 11, 12, 18, 10114, 'Ult Orange 65lb 8-1/2x11 (250/pkg))', 28.00, 0.00, 28.00, '1', '2013-12-11 11:36:10', 114),
(115, 11, 12, 19, 10115, 'Laser Paper 28lb Text/105gsm 8-1/2x11 (500/pkg) #10246-7', 23.18, 0.00, 23.18, '1', '2013-12-11 11:36:10', 115),
(116, 11, 12, 19, 10116, 'Laser Paper 28lb Text/105gsm 11x17 (500/pkg) #10254-1', 47.25, 0.00, 47.25, '1', '2013-12-11 11:36:10', 116),
(117, 11, 12, 19, 10117, 'Laser Paper 28lb Text/105gsm 12x18 (500/pkg) #12-207', 67.58, 0.00, 67.58, '1', '2013-12-11 11:36:10', 117),
(118, 11, 12, 19, 10118, 'Laser Paper 60lb Cover/163gsm 8-1/2x11 (250/pkg) #12254-9', 18.49, 0.00, 18.49, '1', '2013-12-11 11:36:10', 118),
(119, 11, 12, 19, 10119, 'Laser Paper 60lb Cover/163gsm 11x17 (250/pkg) #12255-6', 37.01, 0.00, 37.01, '1', '2013-12-11 11:36:10', 119),
(120, 11, 12, 19, 10120, 'Laser Paper 80lb Cover/216gsm 8-1/2x11 (250/pkg) #12002-3', 24.68, 0.00, 24.68, '1', '2013-12-11 11:36:10', 120),
(121, 11, 12, 19, 10121, 'Laser Paper 80lb Cover/216gsm 11x17 (250/pkg) #12003-7', 49.35, 0.00, 49.35, '1', '2013-12-11 11:36:11', 121),
(122, 11, 12, 19, 10122, 'Laser Paper 28lb Text/105gsm RECYCLE 8-1/2x11 (500/pkg) #54-301', 26.13, 0.00, 26.13, '1', '2013-12-11 11:36:11', 122),
(123, 11, 12, 19, 10123, 'Laser Paper 28lb Text/105gsm RECYCLE 11x17 (500/pkg) #54-302', 52.25, 0.00, 52.25, '1', '2013-12-11 11:36:11', 123),
(124, 11, 12, 19, 10124, 'Laser Paper 28lb Text/105gsm RECYCLE 12x18 (500/pkg) #54-303', 60.42, 0.00, 60.42, '1', '2013-12-11 11:36:11', 124),
(125, 11, 12, 19, 10125, 'Laser Paper 80lb Cover/216gsm RECYCLE 12x18 (250/pkg) #54-306', 60.12, 0.00, 60.12, '1', '2013-12-11 11:36:11', 125),
(126, 11, 12, 19, 10126, 'Silk Paper 80lb Text/140gsm 8-1/2x11 (400/pkg) #3R11474', 31.44, 0.00, 31.44, '1', '2013-12-11 11:36:11', 126),
(127, 11, 12, 19, 10127, 'Silk Paper 80lb Text/140gsm 11x17 (400/pkg) #3R11475', 61.56, 0.00, 61.56, '1', '2013-12-11 11:36:11', 127),
(128, 11, 12, 19, 10128, 'Silk Paper 80lb Text/140gsm 12x18 (400/pkg) #3R11476', 72.54, 0.00, 72.54, '1', '2013-12-11 11:36:11', 128),
(129, 11, 12, 19, 10129, 'Silk Paper 110lb Cover/300gsm 8-1/2x11 (200/pkg) #3R11486', 35.52, 0.00, 35.52, '1', '2013-12-11 11:36:11', 129),
(130, 11, 12, 19, 10130, 'Silk Paper 110lb Cover/300gsm 11x17 (200/pkg) #3R11487', 42.18, 0.00, 42.18, '1', '2013-12-11 11:36:11', 130),
(131, 11, 12, 19, 10131, 'Silk Paper 110lb Cover/300gsm 12x18 (200/pkg) #3R11488', 50.28, 0.00, 50.28, '1', '2013-12-11 11:36:11', 131),
(132, 11, 12, 19, 10132, 'Gloss Paper 100lb Text/140gsm 8-1/2x11 (400/pkg) #3R11454', 31.44, 0.00, 31.44, '1', '2013-12-11 11:36:11', 132),
(133, 11, 12, 19, 10133, 'Gloss Paper 100lb Text/140gsm 11x17 (400/pkg) #3R11455', 61.56, 0.00, 61.56, '1', '2013-12-11 11:36:11', 133),
(134, 11, 12, 19, 10134, 'Gloss Paper 100lb Text/140gsm 12x18 (400/pkg) #3R11456', 72.30, 0.00, 72.30, '1', '2013-12-11 11:36:11', 134),
(135, 11, 12, 19, 10135, 'Gloss Paper 110lb Cover/300gsm 8-1/2x11 (200/pkg) #3R11466', 35.52, 0.00, 35.52, '1', '2013-12-11 11:36:11', 135),
(136, 11, 12, 19, 10136, 'Gloss Paper 110lb Cover/300gsm 11x17 (200/pkg) #3R11467', 71.04, 0.00, 71.04, '1', '2013-12-11 11:36:11', 136),
(137, 11, 12, 19, 10137, 'Gloss Paper 110lb Cover/3000gsm 12x18 (200/pkg) #3R11468', 82.92, 0.00, 82.92, '1', '2013-12-11 11:36:11', 137),
(138, 11, 12, 19, 10138, 'Classic Crest Solar White 110lb Cover/298gsm 8-1/2x11 (250/pkg)', 75.86, 0.00, 75.86, '1', '2013-12-11 11:36:11', 138),
(139, 11, 12, 19, 10139, 'Classic Crest Natural 110lb Cover/298gsm 8-1/2x11 (250/pkg)', 75.86, 0.00, 75.86, '1', '2013-12-11 11:36:11', 139),
(140, 11, 12, 20, 10140, 'Transparency Film 8-1/2x11 (100)', 48.96, 0.00, 48.96, '1', '2013-12-11 11:36:11', 140),
(141, 11, 12, 20, 10141, 'Transparency Film 11x17     (25)', 34.44, 0.00, 34.44, '1', '2013-12-11 11:36:11', 141),
(142, 11, 12, 21, 10142, 'Double Matte, 4-mil,    8-1/2x11 (25)', 16.21, 0.00, 16.21, '1', '2013-12-11 11:36:12', 142),
(143, 11, 12, 21, 10143, 'Double Matte, 4-mil,    11x17     (25)', 32.57, 0.00, 32.57, '1', '2013-12-11 11:36:12', 143),
(144, 11, 12, 22, 10144, 'Vellum 20lb     8-1/2x11 (100)', 18.23, 0.00, 18.23, '1', '2013-12-11 11:36:12', 144),
(145, 11, 12, 22, 10145, 'Vellum 20lb     11x17      (100)', 36.51, 0.00, 36.51, '1', '2013-12-11 11:36:12', 145),
(146, 11, 12, 23, 10146, 'Permanent 8-1/2x11 DAF', 144.65, 20.00, 115.72, '1', '2013-12-11 11:36:12', 146),
(147, 11, 12, 23, 10147, 'Permanent 8-1/2x14 DAF', 210.10, 20.00, 168.08, '1', '2013-12-11 11:36:12', 147),
(148, 11, 12, 23, 10148, 'Permanent 11x17     DAF', 324.30, 20.00, 259.44, '1', '2013-12-11 11:36:12', 148),
(149, 11, 12, 23, 10149, 'Repositionable 8-1/2x11 DAFR', 144.65, 20.00, 115.72, '1', '2013-12-11 11:36:12', 149),
(150, 11, 12, 23, 10150, 'Repositionable 11x17     DAFR', 324.30, 20.00, 259.44, '1', '2013-12-11 11:36:12', 150),
(151, 11, 12, 23, 10151, 'Clear 8-1/2x11   DAFC', 144.65, 20.00, 115.72, '1', '2013-12-11 11:36:12', 151),
(152, 11, 12, 23, 10152, 'Clear  11x17      DAFC', 332.55, 20.00, 266.04, '1', '2013-12-11 11:36:12', 152),
(153, 24, 25, 0, 10153, '1030 Toner (1/case)', 115.00, 0.00, 115.00, '1', '2013-12-11 11:36:36', 153),
(154, 24, 25, 0, 10154, '1030 Developer', 195.00, 0.00, 195.00, '1', '2013-12-11 11:36:36', 154),
(155, 24, 25, 0, 10155, '1800/1880 Toner (5/box)', 575.00, 0.00, 575.00, '1', '2013-12-11 11:36:36', 155),
(156, 24, 25, 0, 10156, '2900 Toner (10/case)', 915.00, 0.00, 915.00, '1', '2013-12-11 11:36:36', 156),
(157, 24, 25, 0, 10157, '2900 Developer (4/box)', 385.00, 0.00, 385.00, '1', '2013-12-11 11:36:37', 157),
(158, 24, 25, 0, 10158, '3800 Toner (10/case)', 866.00, 0.00, 866.00, '1', '2013-12-11 11:36:37', 158),
(159, 24, 25, 0, 10159, '3820 Toner (3/case)', 435.00, 0.00, 435.00, '1', '2013-12-11 11:36:37', 159),
(160, 24, 25, 0, 10160, '6000 / 7000 Toner (4/ctn)', 340.00, 0.00, 340.00, '1', '2013-12-11 11:36:37', 160),
(161, 24, 25, 0, 10161, '3000 Toner (2/case)', 190.00, 0.00, 190.00, '1', '2013-12-11 11:36:37', 161),
(162, 24, 25, 0, 10162, '3100 Toner (2/case)', 190.00, 0.00, 190.00, '1', '2013-12-11 11:36:37', 162),
(163, 24, 25, 0, 10163, '7100 Toner (2/case)', 190.00, 0.00, 190.00, '1', '2013-12-11 11:36:37', 163),
(164, 24, 25, 0, 10164, '700 Toner (2/case)', 190.00, 0.00, 190.00, '1', '2013-12-11 11:36:37', 164),
(165, 24, 26, 0, 10165, 'LP-1010 Toner  >> LP-810 (1/ctn)', 125.00, 0.00, 125.00, '1', '2013-12-11 11:36:37', 165),
(166, 24, 26, 0, 10166, 'LP-1010 Waste Bottle >> LP-812', 40.00, 0.00, 40.00, '1', '2013-12-11 11:36:37', 166),
(167, 24, 26, 0, 10167, 'LP-1030 Toner >> LP-761 (2/ctn)', 420.00, 0.00, 420.00, '1', '2013-12-11 11:36:37', 167),
(168, 24, 26, 0, 10168, 'Lp-1030 Waste Bottle >> LP-850', 40.00, 0.00, 40.00, '1', '2013-12-11 11:36:37', 168),
(169, 24, 27, 0, 10169, '9400/9300 B-4 Toner Kit', 299.00, 0.00, 299.00, '1', '2013-12-11 11:36:37', 169),
(170, 24, 27, 0, 10170, '9400/9300 Developer', 455.00, 0.00, 455.00, '1', '2013-12-11 11:36:38', 170),
(171, 24, 27, 0, 10171, 'TDS400/TDS600 B-5 Toner Kit', 299.00, 0.00, 299.00, '1', '2013-12-11 11:36:38', 171),
(172, 24, 27, 0, 10172, 'TDS/TDS600M D-5 Developer', 455.00, 0.00, 455.00, '1', '2013-12-11 11:36:38', 172),
(173, 24, 27, 0, 10173, '7050 B-1 Toner Kit', 279.00, 0.00, 279.00, '1', '2013-12-11 11:36:38', 173),
(174, 24, 27, 0, 10174, '7050 Developer', 442.00, 0.00, 442.00, '1', '2013-12-11 11:36:38', 174),
(175, 24, 27, 0, 10175, 'TDS100 Toner Kit', 212.00, 0.00, 212.00, '1', '2013-12-11 11:36:38', 175),
(176, 24, 27, 0, 10176, 'TDS100 Developer', 441.00, 0.00, 441.00, '1', '2013-12-11 11:36:38', 176),
(177, 24, 27, 0, 10177, 'TDS700/750 Toner Kit', 290.00, 0.00, 290.00, '1', '2013-12-11 11:36:38', 177),
(178, 24, 27, 0, 10178, 'TDS700/750 Developer', 455.00, 0.00, 455.00, '1', '2013-12-11 11:36:38', 178),
(179, 24, 27, 0, 10179, 'Plot Wave 300 Toner Kit', 215.00, 0.00, 215.00, '1', '2013-12-11 11:36:38', 179),
(180, 24, 27, 0, 10180, 'Plot Wave 350 Toner Kit', 215.00, 0.00, 215.00, '1', '2013-12-11 11:36:38', 180),
(181, 24, 27, 0, 10181, 'Plot Wave 900 Toner Kit', 459.00, 0.00, 459.00, '1', '2013-12-11 11:36:38', 181),
(182, 24, 28, 0, 10182, '510 Toner Kit', 200.00, 0.00, 200.00, '1', '2013-12-11 11:36:38', 182),
(183, 24, 28, 0, 10183, '2510 Toner', 268.00, 0.00, 268.00, '1', '2013-12-11 11:36:38', 183),
(184, 24, 28, 0, 10184, '2515/2520 Toner', 268.00, 0.00, 268.00, '1', '2013-12-11 11:36:38', 184),
(185, 24, 28, 0, 10185, '3030/40/50/60 Toner', 228.00, 0.00, 228.00, '1', '2013-12-11 11:36:38', 185),
(186, 24, 29, 0, 10186, 'Toner 51626A Black', 44.88, 10.00, 40.39, '1', '2013-12-11 11:36:38', 186),
(187, 24, 29, 0, 10187, 'Toner 51640A Black', 41.91, 10.00, 37.72, '1', '2013-12-11 11:36:39', 187),
(188, 24, 29, 0, 10188, 'Toner 51650C Cyan', 44.00, 10.00, 39.60, '1', '2013-12-11 11:36:39', 188),
(189, 24, 29, 0, 10189, 'Toner 51650M Magenta', 44.00, 10.00, 39.60, '1', '2013-12-11 11:36:39', 189),
(190, 24, 29, 0, 10190, 'Toner 51650Y Yellow', 44.00, 10.00, 39.60, '1', '2013-12-11 11:36:39', 190),
(191, 24, 29, 0, 10191, 'Toner 51645A Black', 42.00, 10.00, 37.80, '1', '2013-12-11 11:36:39', 191),
(192, 24, 29, 0, 10192, 'Toner 51644C Cyan', 44.00, 10.00, 39.60, '1', '2013-12-11 11:36:39', 192),
(193, 24, 29, 0, 10193, 'Toner 51644M Magenta', 44.00, 10.00, 39.60, '1', '2013-12-11 11:36:39', 193),
(194, 24, 29, 0, 10194, 'Toner 51644Y Yellow', 44.00, 10.00, 39.60, '1', '2013-12-11 11:36:39', 194),
(195, 24, 29, 30, 10195, 'Cartridge Black CH565A', 46.20, 10.00, 41.58, '1', '2013-12-11 11:36:39', 195),
(196, 24, 29, 31, 10196, 'Cartridge Black C4844A', 47.84, 10.00, 43.06, '1', '2013-12-11 11:36:39', 196),
(197, 24, 29, 32, 10197, 'Cartridge Cyan  C4911A', 50.94, 10.00, 45.85, '1', '2013-12-11 11:36:39', 197),
(198, 24, 29, 32, 10198, 'Cartridge Magenta C4912A', 50.94, 10.00, 45.85, '1', '2013-12-11 11:36:39', 198),
(199, 24, 29, 32, 10199, 'Cartridge Yellow C4913A', 50.94, 10.00, 45.85, '1', '2013-12-11 11:36:39', 199),
(200, 24, 29, 32, 10200, 'PrintHead Black C4810A', 49.07, 10.00, 44.16, '1', '2013-12-11 11:36:39', 200),
(201, 24, 29, 32, 10201, 'PrintHead Cyan C4811A', 49.07, 10.00, 44.16, '1', '2013-12-11 11:36:39', 201),
(202, 24, 29, 32, 10202, 'PrintHead Magenta C4812A', 49.07, 10.00, 44.16, '1', '2013-12-11 11:36:39', 202),
(203, 24, 29, 32, 10203, 'PrintHead Yellow C4813A', 49.07, 10.00, 44.16, '1', '2013-12-11 11:36:39', 203),
(204, 24, 29, 33, 10204, 'Cartridge Black (350ml) C4871A', 202.32, 10.00, 182.09, '1', '2013-12-11 11:36:39', 204),
(205, 24, 29, 33, 10205, 'Cartridge Cyan (350ml) C4846A', 202.32, 10.00, 182.09, '1', '2013-12-11 11:36:39', 205),
(206, 24, 29, 33, 10206, 'Cartridge Magenta (350ml) C4847A', 202.32, 10.00, 182.09, '1', '2013-12-11 11:36:40', 206),
(207, 24, 29, 33, 10207, 'Cartridge Yellow (350ml) C4848A', 202.32, 10.00, 182.09, '1', '2013-12-11 11:36:40', 207),
(208, 24, 29, 33, 10208, 'PrintHead w/Clnr Black C4820A', 220.11, 10.00, 198.10, '1', '2013-12-11 11:36:40', 208),
(209, 24, 29, 33, 10209, 'PrintHead w/Clnr Cyan C4821A', 220.11, 10.00, 198.10, '1', '2013-12-11 11:36:40', 209),
(210, 24, 29, 33, 10210, 'PrintHead w/Clnr Magenta C4822A', 220.11, 10.00, 198.10, '1', '2013-12-11 11:36:40', 210),
(211, 24, 29, 33, 10211, 'PrintHead w/Clnr Yellow C4823A', 220.11, 10.00, 198.10, '1', '2013-12-11 11:36:40', 211),
(212, 24, 29, 34, 10212, 'Dye Ink Black (680ml) C4930A', 291.06, 10.00, 261.95, '1', '2013-12-11 11:36:40', 212),
(213, 24, 29, 34, 10213, 'Dye Ink Cyan (680ml) C4931A', 291.06, 10.00, 261.95, '1', '2013-12-11 11:36:40', 213),
(214, 24, 29, 34, 10214, 'Dye Ink Magenta (680ml) C4932A', 291.06, 10.00, 261.95, '1', '2013-12-11 11:36:40', 214),
(215, 24, 29, 34, 10215, 'Dye Ink Yellow (680ml) C4933A', 291.06, 10.00, 261.95, '1', '2013-12-11 11:36:40', 215),
(216, 24, 29, 34, 10216, 'Dye Ink Lt Cyan (680ml) C4934A', 291.06, 10.00, 261.95, '1', '2013-12-11 11:36:40', 216),
(217, 24, 29, 34, 10217, 'Dye Ink Lt Magenta (680ml) C4935A', 291.06, 10.00, 261.95, '1', '2013-12-11 11:36:40', 217),
(218, 24, 29, 34, 10218, 'PrintHead Black C4950A', 212.00, 10.00, 190.80, '1', '2013-12-11 11:36:40', 218),
(219, 24, 29, 34, 10219, 'PrintHead Cyan C4951A', 212.00, 10.00, 190.80, '1', '2013-12-11 11:36:40', 219),
(220, 24, 29, 34, 10220, 'PrintHead Magenta C4952A', 212.00, 10.00, 190.80, '1', '2013-12-11 11:36:40', 220),
(221, 24, 29, 34, 10221, 'PrintHead Yellow C4953A', 212.00, 10.00, 190.80, '1', '2013-12-11 11:36:40', 221),
(222, 24, 29, 34, 10222, 'PrintHead Lt Cyan C4954A', 212.00, 10.00, 190.80, '1', '2013-12-11 11:36:40', 222),
(223, 24, 29, 34, 10223, 'PrintHead Lt Magenta C4955A', 212.00, 10.00, 190.80, '1', '2013-12-11 11:36:41', 223),
(224, 24, 29, 35, 10224, 'Cartridge Black (775ml) C5059A', 347.29, 10.00, 312.56, '1', '2013-12-11 11:36:41', 224),
(225, 24, 29, 35, 10225, 'Cartridge Black (400ml) C5058A ', 202.59, 10.00, 182.33, '1', '2013-12-11 11:36:41', 225),
(226, 24, 29, 35, 10226, 'Cartridge Cyan (400ml) C5061A ', 225.74, 10.00, 203.17, '1', '2013-12-11 11:36:41', 226),
(227, 24, 29, 35, 10227, 'Cartridge Magenta (400ml) C5063A', 225.74, 10.00, 203.17, '1', '2013-12-11 11:36:41', 227),
(228, 24, 29, 35, 10228, 'Cartridge Yellow (400ml) C5065A ', 225.74, 10.00, 203.17, '1', '2013-12-11 11:36:41', 228),
(229, 24, 29, 35, 10229, 'PrintHead w/Clnr Black C5054A', 200.11, 10.00, 180.10, '1', '2013-12-11 11:36:41', 229),
(230, 24, 29, 35, 10230, 'PrintHead w/Clnr Cyan C5055A', 200.11, 10.00, 180.10, '1', '2013-12-11 11:36:41', 230),
(231, 24, 29, 35, 10231, 'PrintHead w/Clnr Magenta C5056A', 200.11, 10.00, 180.10, '1', '2013-12-11 11:36:41', 231),
(232, 24, 29, 35, 10232, 'PrintHead w/Clnr Yellow C5057A', 200.11, 10.00, 180.10, '1', '2013-12-11 11:36:41', 232),
(233, 24, 29, 35, 10233, 'PrintHead Cleaner (only) 4000 Black #C5096A', 20.00, 10.00, 18.00, '1', '2013-12-11 11:36:41', 233),
(234, 24, 29, 36, 10234, 'Cartridge Black (38ml) CZ129A', 38.00, 10.00, 34.20, '1', '2013-12-11 11:36:41', 234),
(235, 24, 29, 36, 10235, 'Cartridge Cyan (29ml) CZ130A', 31.61, 10.00, 28.45, '1', '2013-12-11 11:36:41', 235),
(236, 24, 29, 36, 10236, 'Cartridge  Magenta (29ml) CZ131A', 31.61, 10.00, 28.45, '1', '2013-12-11 11:36:41', 236),
(237, 24, 29, 36, 10237, 'Cartridge Yellow (29ml) CZ132A', 31.61, 10.00, 28.45, '1', '2013-12-11 11:36:41', 237),
(238, 24, 29, 36, 10238, 'Cartridge  Black (80ml) CZ133A', 61.60, 10.00, 55.44, '1', '2013-12-11 11:36:41', 238),
(239, 24, 29, 36, 10239, 'Printhead Replacement Kit C1Q10A', 150.00, 10.00, 135.00, '1', '2013-12-11 11:36:41', 239),
(240, 24, 29, 37, 10240, 'Cartridge PhotoBlack (130ml) C9370A', 80.49, 10.00, 72.44, '1', '2013-12-11 11:36:41', 240),
(241, 24, 29, 37, 10241, 'Cartridge Cyan (130ml) C9371A', 80.49, 10.00, 72.44, '1', '2013-12-11 11:36:41', 241),
(242, 24, 29, 37, 10242, 'Cartridge Magenta (130ml) C9372A', 80.49, 10.00, 72.44, '1', '2013-12-11 11:36:41', 242),
(243, 24, 29, 37, 10243, 'Cartridge Yellow (130ml) C9373A', 80.49, 10.00, 72.44, '1', '2013-12-11 11:36:41', 243),
(244, 24, 29, 37, 10244, 'Cartridge Gray (130ml) C9374A', 80.49, 10.00, 72.44, '1', '2013-12-11 11:36:42', 244),
(245, 24, 29, 37, 10245, 'Cartridge Black (130ml) C9403A', 80.49, 10.00, 72.44, '1', '2013-12-11 11:36:42', 245),
(246, 24, 29, 37, 10246, 'Printhead Gray/PhotoBlack C9380A', 78.28, 10.00, 70.45, '1', '2013-12-11 11:36:42', 246),
(247, 24, 29, 37, 10247, 'Printhead Magenta/Cyan C9383A', 78.28, 10.00, 70.45, '1', '2013-12-11 11:36:42', 247),
(248, 24, 29, 37, 10248, 'Printhead Black/Yellow C9384A', 78.28, 10.00, 70.45, '1', '2013-12-11 11:36:42', 248),
(249, 24, 29, 38, 10249, 'Cartridge Matte Black (300ml) C1Q12a', 178.50, 10.00, 160.65, '1', '2013-12-11 11:36:42', 249),
(250, 24, 29, 38, 10250, 'Cartridge Matte Black (130ml) B3P22A', 80.49, 10.00, 72.44, '1', '2013-12-11 11:36:42', 250),
(251, 24, 29, 38, 10251, 'Cartridge Photo Black (130ml) B3P23A', 80.49, 10.00, 72.44, '1', '2013-12-11 11:36:42', 251),
(252, 24, 29, 38, 10252, 'Cartridge Cyan (130ml) B3P19A', 80.49, 10.00, 72.44, '1', '2013-12-11 11:36:42', 252),
(253, 24, 29, 38, 10253, 'Cartridge Magenta (130ml) B3P20A', 80.49, 10.00, 72.44, '1', '2013-12-11 11:36:42', 253),
(254, 24, 29, 38, 10254, 'Cartridge Yellow (130ml) B3P21A', 80.49, 10.00, 72.44, '1', '2013-12-11 11:36:42', 254),
(255, 24, 29, 38, 10255, 'Cartridge Gray (130ml) B3P24A', 80.49, 10.00, 72.44, '1', '2013-12-11 11:36:42', 255),
(256, 24, 29, 38, 10256, 'Printhead Replacement Kit B3P06', 352.25, 10.00, 317.02, '1', '2013-12-11 11:36:42', 256),
(257, 24, 29, 39, 10257, 'Cartridge Matte Black (775ml) CM997A', 315.00, 10.00, 283.50, '1', '2013-12-11 11:36:42', 257),
(258, 24, 29, 39, 10258, 'Cartridge Matte Black (400ml) CM991A', 183.75, 10.00, 165.37, '1', '2013-12-11 11:36:42', 258),
(259, 24, 29, 39, 10259, 'Cartridge Yellow (400ml) CM992A', 183.75, 10.00, 165.37, '1', '2013-12-11 11:36:42', 259),
(260, 24, 29, 39, 10260, 'Cartridge Magenta 400ml) CM993A', 183.75, 10.00, 165.37, '1', '2013-12-11 11:36:42', 260),
(261, 24, 29, 39, 10261, 'Cartridge Cyan (400ml) CM994A', 183.75, 10.00, 165.37, '1', '2013-12-11 11:36:42', 261),
(262, 24, 29, 39, 10262, 'Cartridge Gray (400ml) CM995A', 183.75, 10.00, 165.37, '1', '2013-12-11 11:36:42', 262),
(263, 24, 29, 39, 10263, 'Cartridge Dark Gray (400ml) CM996A', 183.75, 10.00, 165.37, '1', '2013-12-11 11:36:42', 263),
(264, 24, 29, 39, 10264, 'Maintenance Cartridge DNJ-T7100 CH649A', 89.25, 10.00, 80.32, '1', '2013-12-11 11:36:43', 264),
(265, 24, 29, 39, 10265, 'Printhead DNJ-T7100 Yellow CH645A', 173.25, 10.00, 155.92, '1', '2013-12-11 11:36:43', 265),
(266, 24, 29, 39, 10266, 'Printhead DNJ-T7100 Magenta CH646A', 173.25, 10.00, 155.92, '1', '2013-12-11 11:36:43', 266),
(267, 24, 29, 39, 10267, 'Printhead DNJ-T7100 Gray/DarkGray CH647A', 173.25, 10.00, 155.92, '1', '2013-12-11 11:36:43', 267),
(268, 24, 29, 39, 10268, 'Printhead DNJ-T7100 Matte Black/Matte Black CH648A', 173.25, 10.00, 155.92, '1', '2013-12-11 11:36:43', 268),
(269, 24, 29, 40, 10269, 'Cartridge  Magenta (300ml) CN629A', 154.00, 10.00, 138.60, '1', '2013-12-11 11:36:43', 269),
(270, 24, 29, 40, 10270, 'Cartridge Yellow (300ml) CN630A', 154.00, 10.00, 138.60, '1', '2013-12-11 11:36:43', 270),
(271, 24, 29, 40, 10271, 'Cartridge Light Magenta (300ml) CN631A', 154.00, 10.00, 138.60, '1', '2013-12-11 11:36:43', 271),
(272, 24, 29, 40, 10272, 'CartridgeLight Cyan (300ml) CN632A', 154.00, 10.00, 138.60, '1', '2013-12-11 11:36:43', 272),
(273, 24, 29, 40, 10273, 'Cartridge Photo Black (300ml) CN633A', 154.00, 10.00, 138.60, '1', '2013-12-11 11:36:43', 273),
(274, 24, 29, 40, 10274, 'Cartridge Light Gray (300ml) CN634A', 154.00, 10.00, 138.60, '1', '2013-12-11 11:36:43', 274),
(275, 24, 29, 40, 10275, 'Cartridge Matte Black (300ml) CN635A', 154.00, 10.00, 138.60, '1', '2013-12-11 11:36:43', 275),
(276, 24, 29, 40, 10276, 'Cartridge Cyan (300ml) CN636A', 154.00, 10.00, 138.60, '1', '2013-12-11 11:36:43', 276),
(277, 24, 29, 40, 10277, 'Cartridge Light Cyan (130ml) C9390A', 87.15, 10.00, 78.43, '1', '2013-12-11 11:36:43', 277),
(278, 24, 29, 40, 10278, 'Cartridge Matte Black (130ml) C9448A', 87.15, 10.00, 78.43, '1', '2013-12-11 11:36:43', 278),
(279, 24, 29, 40, 10279, 'Cartridge Photo Black (130ml) C9449A', 87.15, 10.00, 78.43, '1', '2013-12-11 11:36:43', 279),
(280, 24, 29, 40, 10280, 'Cartridge Light Gray (130ml) C9451A', 87.15, 10.00, 78.43, '1', '2013-12-11 11:36:43', 280),
(281, 24, 29, 40, 10281, 'Cartridge Cyan (130ml) C9452A', 87.15, 10.00, 78.43, '1', '2013-12-11 11:36:43', 281),
(282, 24, 29, 40, 10282, 'Cartridge Magenta (130ml) C9453A', 87.15, 10.00, 78.43, '1', '2013-12-11 11:36:43', 282),
(283, 24, 29, 40, 10283, 'Cartridge Yellow (130ml) C9454A', 87.15, 10.00, 78.43, '1', '2013-12-11 11:36:43', 283),
(284, 24, 29, 40, 10284, 'Cartridge Light Magenta (130ml) C6455A', 87.15, 10.00, 78.43, '1', '2013-12-11 11:36:43', 284),
(285, 24, 29, 40, 10285, 'Printhead Matte Black/Cyan C9404A', 73.85, 10.00, 66.46, '1', '2013-12-11 11:36:43', 285),
(286, 24, 29, 40, 10286, 'Printhead Light Magenta/Ligh Cyan C9405A', 73.85, 10.00, 66.46, '1', '2013-12-11 11:36:43', 286),
(287, 24, 29, 40, 10287, 'Printhead Magenta/Yellow C9406A', 73.85, 10.00, 66.46, '1', '2013-12-11 11:36:44', 287),
(288, 24, 29, 40, 10288, 'Printhead Photo Black/Light Gray C9407A', 73.85, 10.00, 66.46, '1', '2013-12-11 11:36:44', 288),
(289, 24, 29, 41, 10289, 'Cartridge Matte Black (775ml) C9464A', 310.00, 10.00, 279.00, '1', '2013-12-11 11:36:44', 289),
(290, 24, 29, 41, 10290, 'Cartridge Photo Black (775ml) C6465A', 310.00, 10.00, 279.00, '1', '2013-12-11 11:36:44', 290),
(291, 24, 29, 41, 10291, 'Cartridge Lt Gray (775ml) C6466A', 310.00, 10.00, 279.00, '1', '2013-12-11 11:36:44', 291),
(292, 24, 29, 41, 10292, 'Cartridge Cyan (775ml) C6467A', 310.00, 10.00, 279.00, '1', '2013-12-11 11:36:44', 292),
(293, 24, 29, 41, 10293, 'Cartridge Magenta (775ml) C6468A', 310.00, 10.00, 279.00, '1', '2013-12-11 11:36:44', 293),
(294, 24, 29, 41, 10294, 'Cartridge ellow (775ml) C6469A', 310.00, 10.00, 279.00, '1', '2013-12-11 11:36:44', 294),
(295, 24, 29, 41, 10295, 'Cartridge Cyan (775ml) C6470A', 310.00, 10.00, 279.00, '1', '2013-12-11 11:36:44', 295),
(296, 24, 29, 41, 10296, 'Cartridge Lt Magenta (775ml) C9471A', 310.00, 10.00, 279.00, '1', '2013-12-11 11:36:44', 296),
(297, 24, 29, 41, 10297, 'Printhead Maintenance Cartridge C9518A', 89.25, 10.00, 80.32, '1', '2013-12-11 11:36:44', 297),
(298, 24, 29, 41, 10298, 'Printhead Matte Black/Cyan C6460A', 173.25, 10.00, 155.92, '1', '2013-12-11 11:36:44', 298),
(299, 24, 29, 41, 10299, 'Printhead Magenta/Yellow C6461A', 173.25, 10.00, 155.92, '1', '2013-12-11 11:36:44', 299),
(300, 24, 29, 41, 10300, 'Printhead Lt Magenta/Lt Cyan C6462A', 173.25, 10.00, 155.92, '1', '2013-12-11 11:36:44', 300),
(301, 24, 29, 41, 10301, 'Printhead PhotoBlack/Lt Gray C9463A', 173.25, 10.00, 155.92, '1', '2013-12-11 11:36:44', 301),
(302, 42, 43, 0, 10302, 'Black 1/4"    (100/box) 3:1', 42.50, 0.00, 42.50, '1', '2013-12-11 11:37:20', 302),
(303, 42, 43, 0, 10303, 'Black 5/16"  (100/box) 3:1', 47.25, 0.00, 47.25, '1', '2013-12-11 11:37:20', 303),
(304, 42, 43, 0, 10304, 'Black 7/16"  (100/box) 3:1', 63.70, 0.00, 63.70, '1', '2013-12-11 11:37:20', 304),
(305, 42, 43, 0, 10305, 'Black 9/16"  (100/box) 3:1', 76.83, 0.00, 76.83, '1', '2013-12-11 11:37:20', 305),
(306, 42, 43, 0, 10306, 'Black 3/4"    (56/box) 19-Loop', 60.00, 0.00, 60.00, '1', '2013-12-11 11:37:21', 306),
(307, 42, 43, 0, 10307, 'Black 1"       (30/box) 19-Loop', 36.88, 0.00, 36.88, '1', '2013-12-11 11:37:21', 307),
(308, 42, 43, 0, 10308, 'White 1/4"   (100/box) 3:1', 42.50, 0.00, 42.50, '1', '2013-12-11 11:37:21', 308),
(309, 42, 43, 0, 10309, 'White 3/8" (100/box) 3:1', 47.25, 0.00, 47.25, '1', '2013-12-11 11:37:21', 309),
(310, 42, 43, 0, 10310, 'White 7/16" (100/box) 3:1', 63.70, 0.00, 63.70, '1', '2013-12-11 11:37:21', 310),
(311, 42, 43, 0, 10311, 'White 9/16" (100/box) 3:1', 76.83, 0.00, 76.83, '1', '2013-12-11 11:37:21', 311),
(312, 42, 43, 0, 10312, 'White 3/4"    (56/box) 19-Loop', 60.00, 0.00, 60.00, '1', '2013-12-11 11:37:21', 312),
(313, 42, 43, 0, 10313, 'White 1"       (30/box) 19-Loop', 36.88, 0.00, 36.88, '1', '2013-12-11 11:37:21', 313),
(314, 42, 43, 0, 10314, 'Silver 1/4"    (100/box) 3:1', 42.50, 0.00, 42.50, '1', '2013-12-11 11:37:21', 314),
(315, 42, 43, 0, 10315, 'Silver 5/16" (100/box) 3:1', 47.25, 0.00, 47.25, '1', '2013-12-11 11:37:21', 315),
(316, 42, 43, 0, 10316, 'Silver 7/16" (100/box) 3:1', 63.70, 0.00, 63.70, '1', '2013-12-11 11:37:21', 316),
(317, 42, 43, 0, 10317, 'Silver 9/16" (100/box) 3:1', 76.83, 0.00, 76.83, '1', '2013-12-11 11:37:21', 317),
(318, 42, 43, 0, 10318, 'Silver 3/4"    (56/box) 19-Loop', 60.00, 0.00, 60.00, '1', '2013-12-11 11:37:21', 318),
(319, 42, 43, 0, 10319, 'Silver 1"       (30/box) 19-Loop', 36.88, 0.00, 36.88, '1', '2013-12-11 11:37:21', 319),
(320, 42, 44, 0, 10320, 'Acco Bind (25/box)', 105.88, 0.00, 105.88, '1', '2013-12-11 11:37:21', 320),
(321, 42, 45, 0, 10321, 'Black 1x8-1/2 (100/box)', 60.00, 0.00, 60.00, '1', '2013-12-11 11:37:22', 321),
(322, 42, 45, 0, 10322, 'Black 1x14  (100/box)', 77.50, 0.00, 77.50, '1', '2013-12-11 11:37:22', 322),
(323, 42, 45, 0, 10323, 'Black 1x11  (100/box)', 48.75, 0.00, 48.75, '1', '2013-12-11 11:37:22', 323),
(324, 42, 45, 0, 10324, 'Black 2x11  (100/box)', 88.25, 0.00, 88.25, '1', '2013-12-11 11:37:22', 324),
(325, 42, 45, 0, 10325, 'Black 3x11  (100/box)', 121.25, 0.00, 121.25, '1', '2013-12-11 11:37:22', 325),
(326, 42, 45, 0, 10326, 'White 1x8-1/2 (100/box)', 60.00, 0.00, 60.00, '1', '2013-12-11 11:37:22', 326),
(327, 42, 45, 0, 10327, 'White 1x14 (100/box)', 77.50, 0.00, 77.50, '1', '2013-12-11 11:37:22', 327),
(328, 42, 45, 0, 10328, 'White 1x11  (100/box)', 48.75, 0.00, 48.75, '1', '2013-12-11 11:37:22', 328),
(329, 42, 45, 0, 10329, 'White 2x11  (100/box)', 88.25, 0.00, 88.25, '1', '2013-12-11 11:37:22', 329),
(330, 42, 45, 0, 10330, 'White 3x11  (100/box)', 121.25, 0.00, 121.25, '1', '2013-12-11 11:37:22', 330),
(331, 42, 46, 0, 10331, 'Black, 3/16"   12-pages  (100/box)', 20.70, 0.00, 20.70, '1', '2013-12-11 11:37:22', 331),
(332, 42, 46, 0, 10332, 'Black, 1/4"     25-pages  (100/box)', 22.95, 0.00, 22.95, '1', '2013-12-11 11:37:22', 332),
(333, 42, 46, 0, 10333, 'Black, 5/16"   40-pages  (100/box)', 25.44, 0.00, 25.44, '1', '2013-12-11 11:37:22', 333),
(334, 42, 46, 0, 10334, 'Black, 3/8"     55-pages  (100/box)', 27.60, 0.00, 27.60, '1', '2013-12-11 11:37:22', 334),
(335, 42, 46, 0, 10335, 'Black, 7/16"   70-pages  (100/box)', 35.58, 0.00, 35.58, '1', '2013-12-11 11:37:22', 335),
(336, 42, 46, 0, 10336, 'Black, 1/2"     90-pages  (100/box)', 39.45, 0.00, 39.45, '1', '2013-12-11 11:37:23', 336),
(337, 42, 46, 0, 10337, 'Black, 9/16"   100-pages (100/box)', 43.50, 0.00, 43.50, '1', '2013-12-11 11:37:23', 337),
(338, 42, 46, 0, 10338, 'Black, 5/8"    120-pages  (100/box)', 57.00, 0.00, 57.00, '1', '2013-12-11 11:37:23', 338),
(339, 42, 46, 0, 10339, 'Black, 3/4"    150-pages (100/box)', 67.50, 0.00, 67.50, '1', '2013-12-11 11:37:23', 339),
(340, 42, 46, 0, 10340, 'Black, 7/8"    170-pages   (50/box)', 37.50, 0.00, 37.50, '1', '2013-12-11 11:37:23', 340),
(341, 42, 46, 0, 10341, 'Black, 1"       200-pages   (50/box)', 45.00, 0.00, 45.00, '1', '2013-12-11 11:37:23', 341),
(342, 42, 46, 0, 10342, 'Black, 1-1/8"  220-pages   (50/box)', 52.50, 0.00, 52.50, '1', '2013-12-11 11:37:23', 342),
(343, 42, 46, 0, 10343, 'Black, 1-1/4"  250-pages   (50/box)', 58.50, 0.00, 58.50, '1', '2013-12-11 11:37:23', 343),
(344, 42, 46, 0, 10344, 'Black, 1-1/2"  300-pages   (50/box)', 63.00, 0.00, 63.00, '1', '2013-12-11 11:37:23', 344),
(345, 42, 46, 0, 10345, 'Black, 1-3/4"  375-pages   (50/box)', 69.00, 0.00, 69.00, '1', '2013-12-11 11:37:23', 345),
(346, 42, 46, 0, 10346, 'Black, 2"       425-pages   (40/box)', 63.00, 0.00, 63.00, '1', '2013-12-11 11:37:23', 346),
(347, 42, 46, 0, 10347, 'White, 3/16"  12-pages   (100/box)', 20.70, 0.00, 20.70, '1', '2013-12-11 11:37:23', 347),
(348, 42, 46, 0, 10348, 'White, 1/4"    25-pages  (100/box)', 22.95, 0.00, 22.95, '1', '2013-12-11 11:37:23', 348),
(349, 42, 46, 0, 10349, 'White, 5/16"  40-pages  (100/box)', 25.44, 0.00, 25.44, '1', '2013-12-11 11:37:23', 349),
(350, 42, 46, 0, 10350, 'White, 3/8"    60-pages   (100/box)', 27.60, 0.00, 27.60, '1', '2013-12-11 11:37:23', 350),
(351, 42, 46, 0, 10351, 'White, 7/16"  70-pages (100/box)', 35.58, 0.00, 35.58, '1', '2013-12-11 11:37:23', 351),
(352, 42, 46, 0, 10352, 'White, 1/2"    90-pages   (100/box)', 39.45, 0.00, 39.45, '1', '2013-12-11 11:37:23', 352),
(353, 42, 46, 0, 10353, 'White, 9/16"  100-pages (100/box)', 43.50, 0.00, 43.50, '1', '2013-12-11 11:37:23', 353),
(354, 42, 46, 0, 10354, 'White, 5/8"   120-pages   (100/box)', 57.00, 0.00, 57.00, '1', '2013-12-11 11:37:23', 354),
(355, 42, 46, 0, 10355, 'White, 3/4"   150-pages   (100/box)', 67.50, 0.00, 67.50, '1', '2013-12-11 11:37:23', 355),
(356, 42, 46, 0, 10356, 'White, 7/8"   170-pages    (50/box)', 37.50, 0.00, 37.50, '1', '2013-12-11 11:37:23', 356),
(357, 42, 46, 0, 10357, 'White, 1"      225-pages    (50/box)', 45.00, 0.00, 45.00, '1', '2013-12-11 11:37:24', 357),
(358, 42, 46, 0, 10358, 'White, 1-1/8"  220-pages   (50/box)', 52.50, 0.00, 52.50, '1', '2013-12-11 11:37:24', 358),
(359, 42, 46, 0, 10359, 'White, 1-1/4"  250-pages   (50/box)', 58.50, 0.00, 58.50, '1', '2013-12-11 11:37:24', 359),
(360, 42, 46, 0, 10360, 'White, 1-1/2"  300-pages   (50/box)', 63.00, 0.00, 63.00, '1', '2013-12-11 11:37:24', 360),
(361, 42, 46, 0, 10361, 'White, 1-3/4"  375-pages   (50/box)', 69.00, 0.00, 69.00, '1', '2013-12-11 11:37:24', 361),
(362, 42, 46, 0, 10362, 'White, 2"       425-pages   (40/box)', 63.00, 0.00, 63.00, '1', '2013-12-11 11:37:24', 362),
(363, 42, 47, 0, 10363, 'Aluminum 1/8" (100/box)', 19.34, 0.00, 19.34, '1', '2013-12-11 11:37:24', 363),
(364, 42, 47, 0, 10364, 'Aluminum 1/4" (100/box)', 18.66, 0.00, 18.66, '1', '2013-12-11 11:37:24', 364),
(365, 42, 47, 0, 10365, 'Aluminum 3/16" (100/box)', 17.10, 0.00, 17.10, '1', '2013-12-11 11:37:24', 365),
(366, 42, 47, 0, 10366, 'Aluminum 3/8" (100/box)', 17.65, 0.00, 17.65, '1', '2013-12-11 11:37:24', 366),
(367, 42, 47, 0, 10367, 'Aluminum 1/2" 100/box)', 19.53, 0.00, 19.53, '1', '2013-12-11 11:37:24', 367),
(368, 42, 47, 0, 10368, 'Aluminum 5/8" (100/box)', 21.20, 0.00, 21.20, '1', '2013-12-11 11:37:24', 368),
(369, 42, 47, 0, 10369, 'Aluminum 3/4" (100/box)', 21.41, 0.00, 21.41, '1', '2013-12-11 11:37:24', 369),
(370, 42, 47, 0, 10370, 'Aluminum 7/8" (100/box)', 24.52, 0.00, 24.52, '1', '2013-12-11 11:37:24', 370),
(371, 42, 47, 0, 10371, 'Aluminum 1" (100/box)', 25.86, 0.00, 25.86, '1', '2013-12-11 11:37:24', 371),
(372, 42, 47, 0, 10372, 'Aluminum 1-1/4" (100/box)', 27.12, 0.00, 27.12, '1', '2013-12-11 11:37:24', 372),
(373, 42, 47, 0, 10373, 'Aluminum 1-1/2" (100/box)', 31.30, 0.00, 31.30, '1', '2013-12-11 11:37:24', 373),
(374, 42, 47, 0, 10374, 'Aluminum 1-3/4" (100/box)', 34.60, 0.00, 34.60, '1', '2013-12-11 11:37:24', 374),
(375, 42, 47, 0, 10375, 'Aluminum 2" (100/box)', 39.07, 0.00, 39.07, '1', '2013-12-11 11:37:24', 375),
(376, 42, 47, 0, 10376, 'Aluminum 2-1/4" (100/box)', 47.91, 0.00, 47.91, '1', '2013-12-11 11:37:24', 376),
(377, 42, 47, 0, 10377, 'Aluminum 2-1/2" (100/box)', 56.01, 0.00, 56.01, '1', '2013-12-11 11:37:24', 377),
(378, 42, 47, 0, 10378, 'Aluminum 2-3/4" (100/box)', 60.61, 0.00, 60.61, '1', '2013-12-11 11:37:24', 378),
(379, 42, 47, 0, 10379, 'Aluminum 3" (100/box)', 63.60, 0.00, 63.60, '1', '2013-12-11 11:37:25', 379),
(380, 42, 47, 0, 10380, 'Aluminum 3-1/2" (100/box)', 78.95, 0.00, 78.95, '1', '2013-12-11 11:37:25', 380),
(381, 42, 47, 0, 10381, 'Aluminum 4" (100/box)', 105.20, 0.00, 105.20, '1', '2013-12-11 11:37:25', 381),
(382, 42, 47, 0, 10382, 'Aluminum 4-1/2" (100/box)', 144.40, 0.00, 144.40, '1', '2013-12-11 11:37:25', 382),
(383, 42, 47, 0, 10383, 'Aluminum 5" (100/box)', 159.04, 0.00, 159.04, '1', '2013-12-11 11:37:25', 383),
(384, 42, 47, 0, 10384, 'Aluminum Extensions 1/4" (100/box)', 23.22, 0.00, 23.22, '1', '2013-12-11 11:37:25', 384),
(385, 42, 47, 0, 10385, 'Aluminum Extensions 1/2" (100/box)', 24.36, 0.00, 24.36, '1', '2013-12-11 11:37:25', 385),
(386, 42, 47, 0, 10386, 'Aluminum Extensions 3/4" (100/box)', 26.82, 0.00, 26.82, '1', '2013-12-11 11:37:25', 386),
(387, 42, 47, 0, 10387, 'Aluminum Extensions 1"   (100/box)', 28.36, 0.00, 28.36, '1', '2013-12-11 11:37:25', 387),
(388, 42, 48, 0, 10388, 'Black Narrow   (100/box)', 40.00, 0.00, 40.00, '1', '2013-12-11 11:37:25', 388),
(389, 42, 48, 0, 10389, 'Black Medium  (100/box)', 47.00, 0.00, 47.00, '1', '2013-12-11 11:37:25', 389),
(390, 42, 48, 0, 10390, 'Black Wide      (100/box)', 62.00, 0.00, 62.00, '1', '2013-12-11 11:37:25', 390),
(391, 42, 48, 0, 10391, 'White Narrow   (100/box)', 40.00, 0.00, 40.00, '1', '2013-12-11 11:37:25', 391),
(392, 42, 48, 0, 10392, 'White Medium  (100/box)', 47.00, 0.00, 47.00, '1', '2013-12-11 11:37:25', 392),
(393, 42, 48, 0, 10393, 'White Wide      (100/box)', 62.00, 0.00, 62.00, '1', '2013-12-11 11:37:25', 393),
(394, 42, 49, 0, 10394, 'Black, 5/32" (6mm) 30-pages, 100/box', 13.43, 0.00, 13.43, '1', '2013-12-11 11:37:25', 394),
(395, 42, 49, 0, 10395, 'Black, 3/16" (7mm) 40-pages, 100/box', 15.70, 0.00, 15.70, '1', '2013-12-11 11:37:25', 395),
(396, 42, 49, 0, 10396, 'Black, 1/4"   (8mm) 50-pages, 100/box', 17.91, 0.00, 17.91, '1', '2013-12-11 11:37:25', 396),
(397, 42, 49, 0, 10397, 'Black, 9/32"  (9mm) 60-pages, 100/box', 20.85, 0.00, 20.85, '1', '2013-12-11 11:37:25', 397),
(398, 42, 49, 0, 10398, 'Black, 5/16"  (10mm) 70-pages, 100/box', 23.67, 0.00, 23.67, '1', '2013-12-11 11:37:25', 398),
(399, 42, 49, 0, 10399, 'Black, 7/16"  (11mm) 85-pages, 100/box', 26.27, 0.00, 26.27, '1', '2013-12-11 11:37:25', 399),
(400, 42, 49, 0, 10400, 'Black, 13/32" (12mm) 90-pages, 100box', 28.45, 0.00, 28.45, '1', '2013-12-11 11:37:26', 400),
(401, 42, 49, 0, 10401, 'Black, 7/16"  (13mm) 100-pages, 100/box', 30.56, 0.00, 30.56, '1', '2013-12-11 11:37:26', 401),
(402, 42, 49, 0, 10402, 'Black, 15/32" (14mm) 115-pages, 100/box', 32.24, 0.00, 32.24, '1', '2013-12-11 11:37:26', 402),
(403, 42, 49, 0, 10403, 'Black, 1/2"     (15mm) 125-pages, 100/box', 38.75, 0.00, 38.75, '1', '2013-12-11 11:37:26', 403),
(404, 42, 49, 0, 10404, 'Black, 9/16"   (16mm) 135-pages, 100/box', 43.24, 0.00, 43.24, '1', '2013-12-11 11:37:26', 404),
(405, 42, 49, 0, 10405, 'Black, 5/8"    (18mm) 150-pages, 100/box', 47.92, 0.00, 47.92, '1', '2013-12-11 11:37:26', 405),
(406, 42, 49, 0, 10406, 'Black, 3/4"    (20mm) 170-pages, 100/box', 57.86, 0.00, 57.86, '1', '2013-12-11 11:37:26', 406),
(407, 42, 49, 0, 10407, 'Black, 13/16" (22mm) 185-pages, 100/box', 68.00, 0.00, 68.00, '1', '2013-12-11 11:37:26', 407),
(408, 42, 49, 0, 10408, 'Black, 7/8"    (25mm) 210-pages, 100/box', 79.98, 0.00, 79.98, '1', '2013-12-11 11:37:26', 408),
(409, 42, 49, 0, 10409, 'Black, 1"      (28mm) 240-pages ,100/box', 90.15, 0.00, 90.15, '1', '2013-12-11 11:37:26', 409),
(410, 42, 49, 0, 10410, 'Black, 1-1/16" (30mm) 260-pages, 100/box', 100.63, 0.00, 100.63, '1', '2013-12-11 11:37:26', 410),
(411, 42, 49, 0, 10411, 'Black, 1-1/4" (32mm) 280-pages, 100/box', 110.14, 0.00, 110.14, '1', '2013-12-11 11:37:26', 411),
(412, 42, 49, 0, 10412, 'Black, 1-/38" (35mm) 300-pages, 100/box', 143.14, 0.00, 143.14, '1', '2013-12-11 11:37:26', 412),
(413, 42, 49, 0, 10413, 'Black,1-1/2"  (38mm) 325-pages, 100/box', 146.57, 0.00, 146.57, '1', '2013-12-11 11:37:26', 413),
(414, 42, 49, 0, 10414, 'Black,1-9/16"(40mm) 340-pages, 100/box', 78.37, 0.00, 78.37, '1', '2013-12-11 11:37:26', 414),
(415, 42, 49, 0, 10415, 'Black,1-3/4" (45mm) 380-pages, 100/box ', 97.76, 0.00, 97.76, '1', '2013-12-11 11:37:26', 415),
(416, 42, 49, 0, 10416, 'Black, 2"     (50mm) 435-pages, 100/box', 113.55, 0.00, 113.55, '1', '2013-12-11 11:37:26', 416),
(417, 42, 50, 51, 10417, 'Heat Resistant 8-1/2x11 (100)', 48.96, 0.00, 48.96, '1', '2013-12-11 11:37:26', 417),
(418, 42, 50, 51, 10418, '8-1/2x11 7mil (100)', 18.20, 0.00, 18.20, '1', '2013-12-11 11:37:26', 418),
(419, 42, 50, 51, 10419, '8-1/2x14 7mil (100)', 25.00, 0.00, 25.00, '1', '2013-12-11 11:37:26', 419),
(420, 42, 50, 51, 10420, '11x17     7mil (100)', 41.25, 0.00, 41.25, '1', '2013-12-11 11:37:27', 420),
(421, 42, 50, 52, 10421, '20pt Matte/Matte 8-1/2x11 (100)', 88.70, 0.00, 88.70, '1', '2013-12-11 11:37:27', 421),
(422, 42, 50, 52, 10422, '20pt Matte/Matte 11x17 (100)', 177.40, 0.00, 177.40, '1', '2013-12-11 11:37:27', 422),
(423, 42, 50, 52, 10423, '30pt Matte/Matte 8-1/2x11 (100)', 97.52, 0.00, 97.52, '1', '2013-12-11 11:37:27', 423),
(424, 42, 50, 52, 10424, '30pt Matte/Matte 11x17 (100)', 195.12, 0.00, 195.12, '1', '2013-12-11 11:37:27', 424),
(425, 42, 50, 53, 10425, 'Black 8-1/2x11 (100)', 49.50, 0.00, 49.50, '1', '2013-12-11 11:37:27', 425),
(426, 42, 50, 53, 10426, 'Black 8-1/2x14 (100)', 65.00, 0.00, 65.00, '1', '2013-12-11 11:37:27', 426),
(427, 42, 50, 53, 10427, 'Black 11x17     (100)', 104.00, 0.00, 104.00, '1', '2013-12-11 11:37:27', 427),
(428, 42, 50, 53, 10428, 'White 8-1/2x11 (100)', 49.50, 0.00, 49.50, '1', '2013-12-11 11:37:27', 428),
(429, 42, 50, 53, 10429, 'White 8-1/2x14 (100)', 65.00, 0.00, 65.00, '1', '2013-12-11 11:37:27', 429),
(430, 42, 50, 53, 10430, 'White 11x17     (100)', 104.00, 0.00, 104.00, '1', '2013-12-11 11:37:27', 430),
(431, 42, 50, 53, 10431, 'Dark Gray 8-1/2x11 (100)', 55.00, 0.00, 55.00, '1', '2013-12-11 11:37:27', 431),
(432, 42, 50, 53, 10432, 'Navy 8-1/2x11   (100)', 55.00, 0.00, 55.00, '1', '2013-12-11 11:37:27', 432),
(433, 42, 50, 53, 10433, 'Green 8-1/2x11  (100)', 55.00, 0.00, 55.00, '1', '2013-12-11 11:37:27', 433),
(434, 42, 50, 53, 10434, 'Burgundy 8-1/2x11  (100)', 55.00, 0.00, 55.00, '1', '2013-12-11 11:37:27', 434),
(435, 42, 50, 54, 10435, 'Black 1/8",  8-1/2x11', 1.50, 0.00, 1.50, '1', '2013-12-11 11:37:27', 435),
(436, 42, 50, 54, 10436, 'Black 1/8",  11x17', 2.75, 0.00, 2.75, '1', '2013-12-11 11:37:27', 436),
(437, 42, 50, 54, 10437, 'White 1/8",  8-1/2x11', 1.25, 0.00, 1.25, '1', '2013-12-11 11:37:27', 437),
(438, 42, 50, 54, 10438, 'White 1/8",  11x17', 2.50, 0.00, 2.50, '1', '2013-12-11 11:37:27', 438),
(439, 42, 50, 55, 10439, '1/8", 8-1/2x11', 0.50, 0.00, 0.50, '1', '2013-12-11 11:37:28', 439),
(440, 42, 50, 55, 10440, '1/8", 11x17', 1.25, 0.00, 1.25, '1', '2013-12-11 11:37:28', 440),
(441, 56, 57, 0, 10441, 'White 3/16" - 24" x 36" Bio-Degradeable', 13.25, 20.00, 10.60, '1', '2013-12-11 11:37:58', 441),
(442, 56, 57, 0, 10442, 'White 3/16" - 30" x 42" Bio-Degradeable', 22.75, 20.00, 18.20, '1', '2013-12-11 11:37:58', 442),
(443, 56, 57, 0, 10443, 'White 3/16" - 40" x 60" Bio-Degradeable', 39.25, 20.00, 31.40, '1', '2013-12-11 11:37:58', 443);
INSERT INTO `sohorepro_products` (`id`, `supercategory_id`, `category_id`, `subcategory_id`, `sku_id`, `product_name`, `list_price`, `discount`, `price`, `status`, `updated_date`, `sort`) VALUES
(444, 56, 57, 0, 10444, 'White 3/16" - 48" x 96" Bio-Degradeable', 65.25, 20.00, 52.20, '1', '2013-12-11 11:37:58', 444),
(445, 56, 57, 0, 10445, 'White  1/2" - 48" x 96"', 75.69, 20.00, 60.55, '1', '2013-12-11 11:37:58', 445),
(446, 56, 57, 0, 10446, 'Black  3/16" - 24" x 36"', 14.95, 20.00, 11.96, '1', '2013-12-11 11:37:58', 446),
(447, 56, 57, 0, 10447, 'Black 3/16"  - 32" x 40"', 15.50, 20.00, 12.40, '1', '2013-12-11 11:37:58', 447),
(448, 56, 57, 0, 10448, 'Black 3/16" - 40" x 60"', 28.81, 20.00, 23.05, '1', '2013-12-11 11:37:58', 448),
(449, 56, 57, 0, 10449, 'Black 3/16" - 48" x 96"', 49.94, 20.00, 39.95, '1', '2013-12-11 11:37:58', 449),
(450, 56, 57, 0, 10450, 'Black 1/2" - 48" x 96"', 106.18, 20.00, 84.94, '1', '2013-12-11 11:37:58', 450),
(451, 56, 58, 0, 10451, 'White 3/16" - 48" x 96"', 79.95, 20.00, 63.96, '1', '2013-12-11 11:37:58', 451),
(452, 56, 58, 0, 10452, 'Black  3/16" - 48" x 96"', 79.95, 20.00, 63.96, '1', '2013-12-11 11:37:58', 452),
(453, 56, 58, 0, 10453, 'White 1/2" - 48" x 96"', 119.95, 20.00, 95.96, '1', '2013-12-11 11:37:58', 453),
(454, 56, 59, 0, 10454, 'Double Black 1/8" - 8-1/2" x 11"', 1.50, 0.00, 1.50, '1', '2013-12-11 11:37:58', 454),
(455, 56, 59, 0, 10455, 'Double Black 1/8" - 11" x 17''', 2.75, 0.00, 2.75, '1', '2013-12-11 11:37:59', 455),
(456, 56, 59, 0, 10456, 'White 1/8" - 30" x 40"', 4.86, 0.00, 4.86, '1', '2013-12-11 11:37:59', 456),
(457, 60, 61, 0, 10457, '18x1025 feet', 34.00, 0.00, 34.00, '1', '2014-01-30 07:46:54', 457),
(458, 60, 61, 0, 10458, '24"x1025 feet', 46.00, 0.00, 46.00, '1', '2013-12-11 11:38:30', 458),
(459, 60, 61, 0, 10459, '30"x1025 feet', 57.00, 0.00, 57.00, '1', '2013-12-11 11:38:30', 459),
(460, 60, 61, 0, 10460, '36"x1025 feet', 67.00, 0.00, 67.00, '1', '2013-12-11 11:38:30', 460),
(461, 60, 62, 0, 10461, '8-1/2" x 11 x 2-1/2" (1-set)', 0.77, 0.00, 0.77, '1', '2013-12-11 11:38:31', 461),
(462, 60, 62, 0, 10462, '8-1/2" x 11" x 4" (1-set)', 1.36, 0.00, 1.36, '1', '2013-12-11 11:38:31', 462),
(463, 63, 64, 0, 10463, 'Buff 12" x 50 yds', 13.09, 40.00, 7.85, '1', '2013-12-11 11:38:57', 463),
(464, 63, 64, 0, 10464, 'Buff 18" x 50 yds', 18.16, 40.00, 10.90, '1', '2013-12-11 11:38:57', 464),
(465, 63, 64, 0, 10465, 'Buff 24" x 50 yds', 23.11, 40.00, 13.87, '1', '2013-12-11 11:38:57', 465),
(466, 63, 64, 0, 10466, 'Buff 30" x 50 yds', 28.98, 40.00, 17.39, '1', '2013-12-11 11:38:57', 466),
(467, 63, 64, 0, 10467, 'White 12" x 50 yds', 13.09, 40.00, 7.85, '1', '2013-12-11 11:38:58', 467),
(468, 63, 64, 0, 10468, 'White 18" x 50 yds', 18.16, 40.00, 10.90, '1', '2013-12-11 11:38:58', 468),
(469, 63, 64, 0, 10469, 'White 24" x 50 yds', 23.11, 40.00, 13.87, '1', '2013-12-11 11:38:58', 469),
(470, 63, 64, 0, 10470, 'White 30" x 50 yds', 28.98, 40.00, 17.39, '1', '2013-12-11 11:38:58', 470),
(471, 63, 64, 0, 10471, 'Yellow 12" x 50 yds', 13.09, 40.00, 7.85, '1', '2013-12-11 11:38:58', 471),
(472, 63, 64, 0, 10472, 'Yellow 18" x 50 yds', 18.16, 40.00, 10.90, '1', '2013-12-11 11:38:58', 472),
(473, 63, 64, 0, 10473, 'Yellow 24" x 50 yds', 23.11, 40.00, 13.87, '1', '2013-12-11 11:38:58', 473),
(474, 63, 64, 0, 10474, 'Yellow 30" x 50 yds', 28.98, 40.00, 17.39, '1', '2013-12-11 11:38:58', 474);

-- --------------------------------------------------------

--
-- Table structure for table `sohorepro_product_master`
--

CREATE TABLE IF NOT EXISTS `sohorepro_product_master` (
  `id` int(11) NOT NULL AUTO_INCREMENT,
  `product_id` int(32) NOT NULL,
  `product_price` decimal(15,2) NOT NULL,
  `product_quantity` int(32) NOT NULL,
  `product_name` varchar(225) NOT NULL,
  `order_id` int(32) NOT NULL,
  `tax_status` int(11) NOT NULL DEFAULT '1',
  `shipping_add_id` int(11) NOT NULL,
  PRIMARY KEY (`id`)
) ENGINE=InnoDB  DEFAULT CHARSET=latin1 AUTO_INCREMENT=23 ;

--
-- Dumping data for table `sohorepro_product_master`
--

INSERT INTO `sohorepro_product_master` (`id`, `product_id`, `product_price`, `product_quantity`, `product_name`, `order_id`, `tax_status`, `shipping_add_id`) VALUES
(1, 457, 34.00, 1, '18x1025 feet', 1, 1, 12),
(2, 458, 46.00, 2, '24"x1025 feet', 1, 1, 12),
(3, 459, 57.00, 3, '30"x1025 feet', 1, 1, 12),
(4, 460, 67.00, 1, '36"x1025 feet', 1, 1, 12),
(5, 461, 0.77, 1, '8-1/2" x 11 x 2-1/2" (1-set)', 1, 1, 13),
(6, 462, 1.36, 1, '8-1/2" x 11" x 4" (1-set)', 1, 1, 12),
(7, 451, 63.96, 1, 'White 3/16" - 48" x 96"', 2, 1, 13),
(8, 452, 63.96, 2, 'Black  3/16" - 48" x 96"', 2, 1, 13),
(9, 453, 95.96, 3, 'White 1/2" - 48" x 96"', 2, 1, 13),
(10, 302, 42.50, 7, 'Black 1/4"    (100/box) 3:1', 3, 1, 13),
(11, 303, 47.25, 1, 'Black 5/16"  (100/box) 3:1', 3, 1, 13),
(12, 18, 198.05, 1, 'Vellum, 20lb  18"x500''', 4, 1, 12),
(13, 19, 330.10, 2, 'Vellum, 20lb,  24"x500''', 4, 1, 12),
(14, 20, 363.08, 3, 'Vellum, 20lb,  30"x500''', 4, 1, 12),
(15, 21, 455.54, 3, 'Vellum, 20lb,  36"x500''', 4, 1, 12),
(16, 471, 7.85, 1, 'Yellow 12" x 50 yds', 5, 1, 12),
(17, 472, 10.90, 2, 'Yellow 18" x 50 yds', 5, 1, 12),
(18, 473, 13.87, 2, 'Yellow 24" x 50 yds', 5, 1, 12),
(19, 474, 17.39, 1, 'Yellow 30" x 50 yds', 5, 1, 12),
(20, 302, 42.50, 1, 'Black 1/4"    (100/box) 3:1', 6, 1, 12),
(21, 303, 47.25, 2, 'Black 5/16"  (100/box) 3:1', 6, 1, 12),
(22, 320, 105.88, 1, 'Acco Bind (25/box)', 6, 1, 12);

-- --------------------------------------------------------

--
-- Table structure for table `sohorepro_special_pricing`
--

CREATE TABLE IF NOT EXISTS `sohorepro_special_pricing` (
  `sp_id` int(11) NOT NULL AUTO_INCREMENT,
  `sp_user_id` int(11) NOT NULL,
  `sp_product_id` int(11) NOT NULL,
  `sp_list_price` decimal(15,2) NOT NULL,
  `sp_discount` decimal(8,2) NOT NULL,
  `sp_special_price` decimal(8,2) NOT NULL,
  `sp_date` timestamp NOT NULL DEFAULT CURRENT_TIMESTAMP ON UPDATE CURRENT_TIMESTAMP,
  PRIMARY KEY (`sp_id`)
) ENGINE=InnoDB  DEFAULT CHARSET=latin1 AUTO_INCREMENT=3970 ;

--
-- Dumping data for table `sohorepro_special_pricing`
--

INSERT INTO `sohorepro_special_pricing` (`sp_id`, `sp_user_id`, `sp_product_id`, `sp_list_price`, `sp_discount`, `sp_special_price`, `sp_date`) VALUES
(1, 1, 1, 79.81, 20.00, 63.85, '2013-11-25 15:31:25'),
(2, 1, 2, 141.06, 20.00, 112.85, '2013-11-25 15:31:26'),
(3, 1, 3, 278.11, 20.00, 222.49, '2013-11-25 15:31:26'),
(4, 1, 4, 401.08, 20.00, 320.86, '2013-11-25 15:31:26'),
(5, 1, 5, 74.72, 30.00, 52.30, '2013-11-25 15:31:26'),
(6, 1, 6, 87.91, 30.00, 61.54, '2013-11-25 15:31:26'),
(7, 1, 7, 113.93, 30.00, 79.75, '2013-11-25 15:31:26'),
(8, 1, 8, 146.43, 30.00, 102.50, '2013-11-25 15:31:26'),
(9, 1, 9, 148.90, 30.00, 104.23, '2013-11-25 15:31:26'),
(10, 1, 10, 170.80, 30.00, 119.56, '2013-11-25 15:31:26'),
(11, 1, 11, 53.53, 30.00, 37.47, '2013-11-25 15:31:26'),
(12, 1, 12, 101.46, 30.00, 71.02, '2013-11-25 15:31:26'),
(13, 1, 13, 179.35, 30.00, 125.54, '2013-11-25 15:31:26'),
(14, 1, 15, 141.91, 30.00, 99.34, '2013-11-25 15:31:26'),
(15, 1, 16, 188.03, 30.00, 131.62, '2013-11-25 15:31:26'),
(16, 1, 17, 188.03, 30.00, 131.62, '2013-11-25 15:31:26'),
(17, 1, 18, 282.93, 30.00, 198.05, '2013-11-25 15:31:26'),
(18, 1, 19, 471.57, 30.00, 330.10, '2013-11-25 15:31:26'),
(19, 1, 20, 518.68, 30.00, 363.08, '2013-11-25 15:31:26'),
(20, 1, 21, 650.77, 30.00, 455.54, '2013-11-25 15:31:26'),
(21, 1, 22, 519.18, 30.00, 363.43, '2013-11-25 15:31:26'),
(22, 1, 23, 622.94, 30.00, 436.06, '2013-11-25 15:31:27'),
(23, 1, 24, 992.31, 20.00, 793.85, '2013-11-25 15:31:27'),
(24, 1, 25, 1110.44, 20.00, 888.35, '2013-11-25 15:31:27'),
(25, 1, 26, 30.57, 20.00, 24.46, '2013-11-25 15:31:27'),
(26, 1, 27, 38.16, 20.00, 30.53, '2013-11-25 15:31:27'),
(27, 1, 28, 43.24, 20.00, 34.59, '2013-11-25 15:31:27'),
(28, 1, 29, 45.79, 20.00, 36.63, '2013-11-25 15:31:27'),
(29, 1, 30, 63.54, 20.00, 50.83, '2013-11-25 15:31:27'),
(30, 1, 31, 76.27, 20.00, 61.02, '2013-11-25 15:31:27'),
(31, 1, 32, 91.57, 20.00, 73.26, '2013-11-25 15:31:27'),
(32, 1, 33, 37.03, 20.00, 29.62, '2013-11-25 15:31:27'),
(33, 1, 34, 46.15, 20.00, 36.92, '2013-11-25 15:31:27'),
(34, 1, 35, 55.60, 20.00, 44.48, '2013-11-25 15:31:27'),
(35, 1, 36, 65.06, 20.00, 52.05, '2013-11-25 15:31:27'),
(36, 1, 67, 78.57, 20.00, 62.86, '2013-11-25 15:31:27'),
(37, 1, 68, 98.18, 20.00, 78.54, '2013-11-25 15:31:27'),
(38, 1, 69, 117.87, 20.00, 94.30, '2013-11-25 15:31:27'),
(39, 1, 70, 351.71, 40.00, 211.03, '2013-11-25 15:31:27'),
(40, 1, 71, 439.65, 40.00, 263.79, '2013-11-25 15:31:27'),
(41, 1, 72, 527.60, 40.00, 316.56, '2013-11-25 15:31:27'),
(42, 1, 146, 144.65, 20.00, 115.72, '2013-11-25 15:31:27'),
(43, 1, 147, 210.10, 20.00, 168.08, '2013-11-25 15:31:27'),
(44, 1, 148, 324.30, 20.00, 259.44, '2013-11-25 15:31:27'),
(45, 1, 149, 144.65, 20.00, 115.72, '2013-11-25 15:31:28'),
(46, 1, 150, 324.30, 20.00, 259.44, '2013-11-25 15:31:28'),
(47, 1, 151, 144.65, 20.00, 115.72, '2013-11-25 15:31:28'),
(48, 1, 152, 332.55, 20.00, 266.04, '2013-11-25 15:31:28'),
(49, 1, 186, 44.88, 10.00, 40.39, '2013-11-25 15:31:28'),
(50, 1, 187, 41.91, 10.00, 37.72, '2013-11-25 15:31:28'),
(51, 1, 188, 44.00, 10.00, 39.60, '2013-11-25 15:31:28'),
(52, 1, 189, 44.00, 10.00, 39.60, '2013-11-25 15:31:28'),
(53, 1, 190, 44.00, 10.00, 39.60, '2013-11-25 15:31:28'),
(54, 1, 191, 42.00, 10.00, 37.80, '2013-11-25 15:31:28'),
(55, 1, 192, 44.00, 10.00, 39.60, '2013-11-25 15:31:28'),
(56, 1, 193, 44.00, 10.00, 39.60, '2013-11-25 15:31:28'),
(57, 1, 194, 44.00, 10.00, 39.60, '2013-11-25 15:31:28'),
(58, 1, 195, 46.20, 10.00, 41.58, '2013-11-25 15:31:28'),
(59, 1, 196, 47.84, 10.00, 43.06, '2013-11-25 15:31:28'),
(60, 1, 197, 50.94, 10.00, 45.85, '2013-11-25 15:31:28'),
(61, 1, 198, 50.94, 10.00, 45.85, '2013-11-25 15:31:28'),
(62, 1, 199, 50.94, 10.00, 45.85, '2013-11-25 15:31:28'),
(63, 1, 200, 49.07, 10.00, 44.16, '2013-11-25 15:31:28'),
(64, 1, 201, 49.07, 10.00, 44.16, '2013-11-25 15:31:28'),
(65, 1, 202, 49.07, 10.00, 44.16, '2013-11-25 15:31:28'),
(66, 1, 203, 49.07, 10.00, 44.16, '2013-11-25 15:31:28'),
(67, 1, 204, 202.32, 10.00, 182.09, '2013-11-25 15:31:28'),
(68, 1, 205, 202.32, 10.00, 182.09, '2013-11-25 15:31:29'),
(69, 1, 206, 202.32, 10.00, 182.09, '2013-11-25 15:31:29'),
(70, 1, 207, 202.32, 10.00, 182.09, '2013-11-25 15:31:29'),
(71, 1, 208, 220.11, 10.00, 198.10, '2013-11-25 15:31:29'),
(72, 1, 209, 220.11, 10.00, 198.10, '2013-11-25 15:31:29'),
(73, 1, 210, 220.11, 10.00, 198.10, '2013-11-25 15:31:29'),
(74, 1, 211, 220.11, 10.00, 198.10, '2013-11-25 15:31:29'),
(75, 1, 212, 291.06, 10.00, 261.95, '2013-11-25 15:31:29'),
(76, 1, 213, 291.06, 10.00, 261.95, '2013-11-25 15:31:29'),
(77, 1, 214, 291.06, 10.00, 261.95, '2013-11-25 15:31:29'),
(78, 1, 215, 291.06, 10.00, 261.95, '2013-11-25 15:31:29'),
(79, 1, 216, 291.06, 10.00, 261.95, '2013-11-25 15:31:29'),
(80, 1, 217, 291.06, 10.00, 261.95, '2013-11-25 15:31:29'),
(81, 1, 218, 212.00, 10.00, 190.80, '2013-11-25 15:31:29'),
(82, 1, 219, 212.00, 10.00, 190.80, '2013-11-25 15:31:29'),
(83, 1, 220, 212.00, 10.00, 190.80, '2013-11-25 15:31:29'),
(84, 1, 221, 212.00, 10.00, 190.80, '2013-11-25 15:31:29'),
(85, 1, 222, 212.00, 10.00, 190.80, '2013-11-25 15:31:29'),
(86, 1, 223, 212.00, 10.00, 190.80, '2013-11-25 15:31:29'),
(87, 1, 224, 347.29, 10.00, 312.56, '2013-11-25 15:31:29'),
(88, 1, 225, 202.59, 10.00, 182.33, '2013-11-25 15:31:29'),
(89, 1, 226, 225.74, 10.00, 203.17, '2013-11-25 15:31:29'),
(90, 1, 227, 225.74, 10.00, 203.17, '2013-11-25 15:31:29'),
(91, 1, 228, 225.74, 10.00, 203.17, '2013-11-25 15:31:30'),
(92, 1, 229, 200.11, 10.00, 180.10, '2013-11-25 15:31:30'),
(93, 1, 230, 200.11, 10.00, 180.10, '2013-11-25 15:31:30'),
(94, 1, 231, 200.11, 10.00, 180.10, '2013-11-25 15:31:30'),
(95, 1, 232, 200.11, 10.00, 180.10, '2013-11-25 15:31:30'),
(96, 1, 233, 20.00, 10.00, 18.00, '2013-11-25 15:31:30'),
(97, 1, 234, 38.00, 10.00, 34.20, '2013-11-25 15:31:30'),
(98, 1, 235, 31.61, 10.00, 28.45, '2013-11-25 15:31:30'),
(99, 1, 236, 31.61, 10.00, 28.45, '2013-11-25 15:31:30'),
(100, 1, 237, 31.61, 10.00, 28.45, '2013-11-25 15:31:30'),
(101, 1, 238, 61.60, 10.00, 55.44, '2013-11-25 15:31:30'),
(102, 1, 239, 150.00, 10.00, 135.00, '2013-11-25 15:31:30'),
(103, 1, 240, 80.49, 10.00, 72.44, '2013-11-25 15:31:30'),
(104, 1, 241, 80.49, 10.00, 72.44, '2013-11-25 15:31:30'),
(105, 1, 242, 80.49, 10.00, 72.44, '2013-11-25 15:31:30'),
(106, 1, 243, 80.49, 10.00, 72.44, '2013-11-25 15:31:30'),
(107, 1, 244, 80.49, 10.00, 72.44, '2013-11-25 15:31:30'),
(108, 1, 245, 80.49, 10.00, 72.44, '2013-11-25 15:31:30'),
(109, 1, 246, 78.28, 10.00, 70.45, '2013-11-25 15:31:30'),
(110, 1, 247, 78.28, 10.00, 70.45, '2013-11-25 15:31:30'),
(111, 1, 248, 78.28, 10.00, 70.45, '2013-11-25 15:31:30'),
(112, 1, 249, 178.50, 10.00, 160.65, '2013-11-25 15:31:31'),
(113, 1, 250, 80.49, 10.00, 72.44, '2013-11-25 15:31:31'),
(114, 1, 251, 80.49, 10.00, 72.44, '2013-11-25 15:31:31'),
(115, 1, 252, 80.49, 10.00, 72.44, '2013-11-25 15:31:31'),
(116, 1, 253, 80.49, 10.00, 72.44, '2013-11-25 15:31:31'),
(117, 1, 254, 80.49, 10.00, 72.44, '2013-11-25 15:31:31'),
(118, 1, 255, 80.49, 10.00, 72.44, '2013-11-25 15:31:31'),
(119, 1, 256, 352.25, 10.00, 317.02, '2013-11-25 15:31:31'),
(120, 1, 257, 315.00, 10.00, 283.50, '2013-11-25 15:31:31'),
(121, 1, 258, 183.75, 10.00, 165.37, '2013-11-25 15:31:31'),
(122, 1, 259, 183.75, 10.00, 165.37, '2013-11-25 15:31:31'),
(123, 1, 260, 183.75, 10.00, 165.37, '2013-11-25 15:31:31'),
(124, 1, 261, 183.75, 10.00, 165.37, '2013-11-25 15:31:31'),
(125, 1, 262, 183.75, 10.00, 165.37, '2013-11-25 15:31:31'),
(126, 1, 263, 183.75, 10.00, 165.37, '2013-11-25 15:31:31'),
(127, 1, 264, 89.25, 10.00, 80.32, '2013-11-25 15:31:31'),
(128, 1, 265, 173.25, 10.00, 155.92, '2013-11-25 15:31:31'),
(129, 1, 266, 173.25, 10.00, 155.92, '2013-11-25 15:31:31'),
(130, 1, 267, 173.25, 10.00, 155.92, '2013-11-25 15:31:31'),
(131, 1, 268, 173.25, 10.00, 155.92, '2013-11-25 15:31:31'),
(132, 1, 269, 154.00, 10.00, 138.60, '2013-11-25 15:31:31'),
(133, 1, 270, 154.00, 10.00, 138.60, '2013-11-25 15:31:31'),
(134, 1, 271, 154.00, 10.00, 138.60, '2013-11-25 15:31:31'),
(135, 1, 272, 154.00, 10.00, 138.60, '2013-11-25 15:31:32'),
(136, 1, 273, 154.00, 10.00, 138.60, '2013-11-25 15:31:32'),
(137, 1, 274, 154.00, 10.00, 138.60, '2013-11-25 15:31:32'),
(138, 1, 275, 154.00, 10.00, 138.60, '2013-11-25 15:31:32'),
(139, 1, 276, 154.00, 10.00, 138.60, '2013-11-25 15:31:32'),
(140, 1, 277, 87.15, 10.00, 78.43, '2013-11-25 15:31:32'),
(141, 1, 278, 87.15, 10.00, 78.43, '2013-11-25 15:31:32'),
(142, 1, 279, 87.15, 10.00, 78.43, '2013-11-25 15:31:32'),
(143, 1, 280, 87.15, 10.00, 78.43, '2013-11-25 15:31:32'),
(144, 1, 281, 87.15, 10.00, 78.43, '2013-11-25 15:31:32'),
(145, 1, 282, 87.15, 10.00, 78.43, '2013-11-25 15:31:32'),
(146, 1, 283, 87.15, 10.00, 78.43, '2013-11-25 15:31:32'),
(147, 1, 284, 87.15, 10.00, 78.43, '2013-11-25 15:31:32'),
(148, 1, 285, 73.85, 10.00, 66.46, '2013-11-25 15:31:32'),
(149, 1, 286, 73.85, 10.00, 66.46, '2013-11-25 15:31:32'),
(150, 1, 287, 73.85, 10.00, 66.46, '2013-11-25 15:31:32'),
(151, 1, 288, 73.85, 10.00, 66.46, '2013-11-25 15:31:32'),
(152, 1, 289, 310.00, 10.00, 279.00, '2013-11-25 15:31:32'),
(153, 1, 290, 310.00, 10.00, 279.00, '2013-11-25 15:31:32'),
(154, 1, 291, 310.00, 10.00, 279.00, '2013-11-25 15:31:32'),
(155, 1, 292, 310.00, 10.00, 279.00, '2013-11-25 15:31:33'),
(156, 1, 293, 310.00, 10.00, 279.00, '2013-11-25 15:31:33'),
(157, 1, 294, 310.00, 10.00, 279.00, '2013-11-25 15:31:33'),
(158, 1, 295, 310.00, 10.00, 279.00, '2013-11-25 15:31:33'),
(159, 1, 296, 310.00, 10.00, 279.00, '2013-11-25 15:31:33'),
(160, 1, 297, 89.25, 10.00, 80.32, '2013-11-25 15:31:33'),
(161, 1, 298, 173.25, 10.00, 155.92, '2013-11-25 15:31:33'),
(162, 1, 299, 173.25, 10.00, 155.92, '2013-11-25 15:31:33'),
(163, 1, 300, 173.25, 10.00, 155.92, '2013-11-25 15:31:33'),
(164, 1, 301, 173.25, 10.00, 155.92, '2013-11-25 15:31:33'),
(165, 1, 441, 13.25, 20.00, 10.60, '2013-11-25 15:31:33'),
(166, 1, 442, 22.75, 20.00, 18.20, '2013-11-25 15:31:33'),
(167, 1, 443, 39.25, 20.00, 31.40, '2013-11-25 15:31:33'),
(168, 1, 444, 65.25, 20.00, 52.20, '2013-11-25 15:31:33'),
(169, 1, 445, 75.69, 20.00, 60.55, '2013-11-25 15:31:33'),
(170, 1, 446, 14.95, 20.00, 11.96, '2013-11-25 15:31:33'),
(171, 1, 447, 15.50, 20.00, 12.40, '2013-11-25 15:31:33'),
(172, 1, 448, 28.81, 20.00, 23.05, '2013-11-25 15:31:33'),
(173, 1, 449, 49.94, 20.00, 39.95, '2013-11-25 15:31:33'),
(174, 1, 450, 106.18, 20.00, 84.94, '2013-11-25 15:31:33'),
(175, 1, 451, 79.95, 20.00, 63.96, '2013-11-25 15:31:34'),
(176, 1, 452, 79.95, 20.00, 63.96, '2013-11-25 15:31:34'),
(177, 1, 453, 119.95, 20.00, 95.96, '2013-11-25 15:31:34'),
(178, 1, 463, 13.09, 40.00, 7.85, '2013-11-25 15:31:34'),
(179, 1, 464, 18.16, 40.00, 10.90, '2013-11-25 15:31:34'),
(180, 1, 465, 23.11, 40.00, 13.87, '2013-11-25 15:31:34'),
(181, 1, 466, 28.98, 40.00, 17.39, '2013-11-25 15:31:34'),
(182, 1, 467, 13.09, 40.00, 7.85, '2013-11-25 15:31:34'),
(183, 1, 468, 18.16, 40.00, 10.90, '2013-11-25 15:31:34'),
(184, 1, 469, 23.11, 40.00, 13.87, '2013-11-25 15:31:34'),
(185, 1, 470, 28.98, 40.00, 17.39, '2013-11-25 15:31:34'),
(186, 1, 471, 13.09, 40.00, 7.85, '2013-11-25 15:31:34'),
(187, 1, 472, 18.16, 40.00, 10.90, '2013-11-25 15:31:34'),
(188, 1, 473, 23.11, 40.00, 13.87, '2013-11-25 15:31:34'),
(189, 1, 474, 28.98, 40.00, 17.39, '2013-11-25 15:31:34'),
(190, 2, 1, 79.81, 20.00, 63.85, '2013-11-25 15:31:51'),
(191, 2, 2, 141.06, 20.00, 112.85, '2013-11-25 15:31:51'),
(192, 2, 3, 278.11, 20.00, 222.49, '2013-11-25 15:31:51'),
(193, 2, 4, 401.08, 20.00, 320.86, '2013-11-25 15:31:51'),
(194, 2, 5, 74.72, 30.00, 52.30, '2013-11-25 15:31:51'),
(195, 2, 6, 87.91, 30.00, 61.54, '2013-11-25 15:31:51'),
(196, 2, 7, 113.93, 30.00, 79.75, '2013-11-25 15:31:51'),
(197, 2, 8, 146.43, 30.00, 102.50, '2013-11-25 15:31:51'),
(198, 2, 9, 148.90, 30.00, 104.23, '2013-11-25 15:31:51'),
(199, 2, 10, 170.80, 30.00, 119.56, '2013-11-25 15:31:51'),
(200, 2, 11, 53.53, 30.00, 37.47, '2013-11-25 15:31:51'),
(201, 2, 12, 101.46, 30.00, 71.02, '2013-11-25 15:31:51'),
(202, 2, 13, 179.35, 30.00, 125.54, '2013-11-25 15:31:51'),
(203, 2, 15, 141.91, 30.00, 99.34, '2013-11-25 15:31:51'),
(204, 2, 16, 188.03, 30.00, 131.62, '2013-11-25 15:31:51'),
(205, 2, 17, 188.03, 30.00, 131.62, '2013-11-25 15:31:51'),
(206, 2, 18, 282.93, 30.00, 198.05, '2013-11-25 15:31:51'),
(207, 2, 19, 471.57, 30.00, 330.10, '2013-11-25 15:31:51'),
(208, 2, 20, 518.68, 30.00, 363.08, '2013-11-25 15:31:51'),
(209, 2, 21, 650.77, 30.00, 455.54, '2013-11-25 15:31:51'),
(210, 2, 22, 519.18, 30.00, 363.43, '2013-11-25 15:31:51'),
(211, 2, 23, 622.94, 30.00, 436.06, '2013-11-25 15:31:52'),
(212, 2, 24, 992.31, 20.00, 793.85, '2013-11-25 15:31:52'),
(213, 2, 25, 1110.44, 20.00, 888.35, '2013-11-25 15:31:52'),
(214, 2, 26, 30.57, 20.00, 24.46, '2013-11-25 15:31:52'),
(215, 2, 27, 38.16, 20.00, 30.53, '2013-11-25 15:31:52'),
(216, 2, 28, 43.24, 20.00, 34.59, '2013-11-25 15:31:52'),
(217, 2, 29, 45.79, 20.00, 36.63, '2013-11-25 15:31:52'),
(218, 2, 30, 63.54, 20.00, 50.83, '2013-11-25 15:31:52'),
(219, 2, 31, 76.27, 20.00, 61.02, '2013-11-25 15:31:52'),
(220, 2, 32, 91.57, 20.00, 73.26, '2013-11-25 15:31:52'),
(221, 2, 33, 37.03, 20.00, 29.62, '2013-11-25 15:31:52'),
(222, 2, 34, 46.15, 20.00, 36.92, '2013-11-25 15:31:52'),
(223, 2, 35, 55.60, 20.00, 44.48, '2013-11-25 15:31:52'),
(224, 2, 36, 65.06, 20.00, 52.05, '2013-11-25 15:31:52'),
(225, 2, 67, 78.57, 20.00, 62.86, '2013-11-25 15:31:52'),
(226, 2, 68, 98.18, 20.00, 78.54, '2013-11-25 15:31:52'),
(227, 2, 69, 117.87, 20.00, 94.30, '2013-11-25 15:31:52'),
(228, 2, 70, 351.71, 40.00, 211.03, '2013-11-25 15:31:52'),
(229, 2, 71, 439.65, 40.00, 263.79, '2013-11-25 15:31:52'),
(230, 2, 72, 527.60, 40.00, 316.56, '2013-11-25 15:31:52'),
(231, 2, 146, 144.65, 20.00, 115.72, '2013-11-25 15:31:52'),
(232, 2, 147, 210.10, 20.00, 168.08, '2013-11-25 15:31:52'),
(233, 2, 148, 324.30, 20.00, 259.44, '2013-11-25 15:31:53'),
(234, 2, 149, 144.65, 20.00, 115.72, '2013-11-25 15:31:53'),
(235, 2, 150, 324.30, 20.00, 259.44, '2013-11-25 15:31:53'),
(236, 2, 151, 144.65, 20.00, 115.72, '2013-11-25 15:31:53'),
(237, 2, 152, 332.55, 20.00, 266.04, '2013-11-25 15:31:53'),
(238, 2, 186, 44.88, 10.00, 40.39, '2013-11-25 15:31:53'),
(239, 2, 187, 41.91, 10.00, 37.72, '2013-11-25 15:31:53'),
(240, 2, 188, 44.00, 10.00, 39.60, '2013-11-25 15:31:53'),
(241, 2, 189, 44.00, 10.00, 39.60, '2013-11-25 15:31:53'),
(242, 2, 190, 44.00, 10.00, 39.60, '2013-11-25 15:31:53'),
(243, 2, 191, 42.00, 10.00, 37.80, '2013-11-25 15:31:53'),
(244, 2, 192, 44.00, 10.00, 39.60, '2013-11-25 15:31:53'),
(245, 2, 193, 44.00, 10.00, 39.60, '2013-11-25 15:31:53'),
(246, 2, 194, 44.00, 10.00, 39.60, '2013-11-25 15:31:53'),
(247, 2, 195, 46.20, 10.00, 41.58, '2013-11-25 15:31:53'),
(248, 2, 196, 47.84, 10.00, 43.06, '2013-11-25 15:31:53'),
(249, 2, 197, 50.94, 10.00, 45.85, '2013-11-25 15:31:53'),
(250, 2, 198, 50.94, 10.00, 45.85, '2013-11-25 15:31:53'),
(251, 2, 199, 50.94, 10.00, 45.85, '2013-11-25 15:31:53'),
(252, 2, 200, 49.07, 10.00, 44.16, '2013-11-25 15:31:53'),
(253, 2, 201, 49.07, 10.00, 44.16, '2013-11-25 15:31:53'),
(254, 2, 202, 49.07, 10.00, 44.16, '2013-11-25 15:31:53'),
(255, 2, 203, 49.07, 10.00, 44.16, '2013-11-25 15:31:53'),
(256, 2, 204, 202.32, 10.00, 182.09, '2013-11-25 15:31:53'),
(257, 2, 205, 202.32, 10.00, 182.09, '2013-11-25 15:31:54'),
(258, 2, 206, 202.32, 10.00, 182.09, '2013-11-25 15:31:54'),
(259, 2, 207, 202.32, 10.00, 182.09, '2013-11-25 15:31:54'),
(260, 2, 208, 220.11, 10.00, 198.10, '2013-11-25 15:31:54'),
(261, 2, 209, 220.11, 10.00, 198.10, '2013-11-25 15:31:54'),
(262, 2, 210, 220.11, 10.00, 198.10, '2013-11-25 15:31:54'),
(263, 2, 211, 220.11, 10.00, 198.10, '2013-11-25 15:31:54'),
(264, 2, 212, 291.06, 10.00, 261.95, '2013-11-25 15:31:54'),
(265, 2, 213, 291.06, 10.00, 261.95, '2013-11-25 15:31:54'),
(266, 2, 214, 291.06, 10.00, 261.95, '2013-11-25 15:31:54'),
(267, 2, 215, 291.06, 10.00, 261.95, '2013-11-25 15:31:54'),
(268, 2, 216, 291.06, 10.00, 261.95, '2013-11-25 15:31:54'),
(269, 2, 217, 291.06, 10.00, 261.95, '2013-11-25 15:31:54'),
(270, 2, 218, 212.00, 10.00, 190.80, '2013-11-25 15:31:54'),
(271, 2, 219, 212.00, 10.00, 190.80, '2013-11-25 15:31:54'),
(272, 2, 220, 212.00, 10.00, 190.80, '2013-11-25 15:31:54'),
(273, 2, 221, 212.00, 10.00, 190.80, '2013-11-25 15:31:54'),
(274, 2, 222, 212.00, 10.00, 190.80, '2013-11-25 15:31:54'),
(275, 2, 223, 212.00, 10.00, 190.80, '2013-11-25 15:31:54'),
(276, 2, 224, 347.29, 10.00, 312.56, '2013-11-25 15:31:54'),
(277, 2, 225, 202.59, 10.00, 182.33, '2013-11-25 15:31:54'),
(278, 2, 226, 225.74, 10.00, 203.17, '2013-11-25 15:31:54'),
(279, 2, 227, 225.74, 10.00, 203.17, '2013-11-25 15:31:55'),
(280, 2, 228, 225.74, 10.00, 203.17, '2013-11-25 15:31:55'),
(281, 2, 229, 200.11, 10.00, 180.10, '2013-11-25 15:31:55'),
(282, 2, 230, 200.11, 10.00, 180.10, '2013-11-25 15:31:55'),
(283, 2, 231, 200.11, 10.00, 180.10, '2013-11-25 15:31:55'),
(284, 2, 232, 200.11, 10.00, 180.10, '2013-11-25 15:31:55'),
(285, 2, 233, 20.00, 10.00, 18.00, '2013-11-25 15:31:55'),
(286, 2, 234, 38.00, 10.00, 34.20, '2013-11-25 15:31:55'),
(287, 2, 235, 31.61, 10.00, 28.45, '2013-11-25 15:31:55'),
(288, 2, 236, 31.61, 10.00, 28.45, '2013-11-25 15:31:55'),
(289, 2, 237, 31.61, 10.00, 28.45, '2013-11-25 15:31:55'),
(290, 2, 238, 61.60, 10.00, 55.44, '2013-11-25 15:31:55'),
(291, 2, 239, 150.00, 10.00, 135.00, '2013-11-25 15:31:55'),
(292, 2, 240, 80.49, 10.00, 72.44, '2013-11-25 15:31:55'),
(293, 2, 241, 80.49, 10.00, 72.44, '2013-11-25 15:31:55'),
(294, 2, 242, 80.49, 10.00, 72.44, '2013-11-25 15:31:55'),
(295, 2, 243, 80.49, 10.00, 72.44, '2013-11-25 15:31:55'),
(296, 2, 244, 80.49, 10.00, 72.44, '2013-11-25 15:31:55'),
(297, 2, 245, 80.49, 10.00, 72.44, '2013-11-25 15:31:55'),
(298, 2, 246, 78.28, 10.00, 70.45, '2013-11-25 15:31:55'),
(299, 2, 247, 78.28, 10.00, 70.45, '2013-11-25 15:31:55'),
(300, 2, 248, 78.28, 10.00, 70.45, '2013-11-25 15:31:55'),
(301, 2, 249, 178.50, 10.00, 160.65, '2013-11-25 15:31:55'),
(302, 2, 250, 80.49, 10.00, 72.44, '2013-11-25 15:31:55'),
(303, 2, 251, 80.49, 10.00, 72.44, '2013-11-25 15:31:56'),
(304, 2, 252, 80.49, 10.00, 72.44, '2013-11-25 15:31:56'),
(305, 2, 253, 80.49, 10.00, 72.44, '2013-11-25 15:31:56'),
(306, 2, 254, 80.49, 10.00, 72.44, '2013-11-25 15:31:56'),
(307, 2, 255, 80.49, 10.00, 72.44, '2013-11-25 15:31:56'),
(308, 2, 256, 352.25, 10.00, 317.02, '2013-11-25 15:31:56'),
(309, 2, 257, 315.00, 10.00, 283.50, '2013-11-25 15:31:56'),
(310, 2, 258, 183.75, 10.00, 165.37, '2013-11-25 15:31:56'),
(311, 2, 259, 183.75, 10.00, 165.37, '2013-11-25 15:31:56'),
(312, 2, 260, 183.75, 10.00, 165.37, '2013-11-25 15:31:56'),
(313, 2, 261, 183.75, 10.00, 165.37, '2013-11-25 15:31:56'),
(314, 2, 262, 183.75, 10.00, 165.37, '2013-11-25 15:31:56'),
(315, 2, 263, 183.75, 10.00, 165.37, '2013-11-25 15:31:56'),
(316, 2, 264, 89.25, 10.00, 80.32, '2013-11-25 15:31:56'),
(317, 2, 265, 173.25, 10.00, 155.92, '2013-11-25 15:31:56'),
(318, 2, 266, 173.25, 10.00, 155.92, '2013-11-25 15:31:56'),
(319, 2, 267, 173.25, 10.00, 155.92, '2013-11-25 15:31:56'),
(320, 2, 268, 173.25, 10.00, 155.92, '2013-11-25 15:31:56'),
(321, 2, 269, 154.00, 10.00, 138.60, '2013-11-25 15:31:56'),
(322, 2, 270, 154.00, 10.00, 138.60, '2013-11-25 15:31:56'),
(323, 2, 271, 154.00, 10.00, 138.60, '2013-11-25 15:31:56'),
(324, 2, 272, 154.00, 10.00, 138.60, '2013-11-25 15:31:56'),
(325, 2, 273, 154.00, 10.00, 138.60, '2013-11-25 15:31:57'),
(326, 2, 274, 154.00, 10.00, 138.60, '2013-11-25 15:31:57'),
(327, 2, 275, 154.00, 10.00, 138.60, '2013-11-25 15:31:57'),
(328, 2, 276, 154.00, 10.00, 138.60, '2013-11-25 15:31:57'),
(329, 2, 277, 87.15, 10.00, 78.43, '2013-11-25 15:31:57'),
(330, 2, 278, 87.15, 10.00, 78.43, '2013-11-25 15:31:57'),
(331, 2, 279, 87.15, 10.00, 78.43, '2013-11-25 15:31:57'),
(332, 2, 280, 87.15, 10.00, 78.43, '2013-11-25 15:31:57'),
(333, 2, 281, 87.15, 10.00, 78.43, '2013-11-25 15:31:57'),
(334, 2, 282, 87.15, 10.00, 78.43, '2013-11-25 15:31:57'),
(335, 2, 283, 87.15, 10.00, 78.43, '2013-11-25 15:31:57'),
(336, 2, 284, 87.15, 10.00, 78.43, '2013-11-25 15:31:57'),
(337, 2, 285, 73.85, 10.00, 66.46, '2013-11-25 15:31:57'),
(338, 2, 286, 73.85, 10.00, 66.46, '2013-11-25 15:31:57'),
(339, 2, 287, 73.85, 10.00, 66.46, '2013-11-25 15:31:57'),
(340, 2, 288, 73.85, 10.00, 66.46, '2013-11-25 15:31:57'),
(341, 2, 289, 310.00, 10.00, 279.00, '2013-11-25 15:31:57'),
(342, 2, 290, 310.00, 10.00, 279.00, '2013-11-25 15:31:57'),
(343, 2, 291, 310.00, 10.00, 279.00, '2013-11-25 15:31:57'),
(344, 2, 292, 310.00, 10.00, 279.00, '2013-11-25 15:31:57'),
(345, 2, 293, 310.00, 10.00, 279.00, '2013-11-25 15:31:57'),
(346, 2, 294, 310.00, 10.00, 279.00, '2013-11-25 15:31:57'),
(347, 2, 295, 310.00, 10.00, 279.00, '2013-11-25 15:31:57'),
(348, 2, 296, 310.00, 10.00, 279.00, '2013-11-25 15:31:57'),
(349, 2, 297, 89.25, 10.00, 80.32, '2013-11-25 15:31:58'),
(350, 2, 298, 173.25, 10.00, 155.92, '2013-11-25 15:31:58'),
(351, 2, 299, 173.25, 10.00, 155.92, '2013-11-25 15:31:58'),
(352, 2, 300, 173.25, 10.00, 155.92, '2013-11-25 15:31:58'),
(353, 2, 301, 173.25, 10.00, 155.92, '2013-11-25 15:31:58'),
(354, 2, 441, 13.25, 20.00, 10.60, '2013-11-25 15:31:58'),
(355, 2, 442, 22.75, 20.00, 18.20, '2013-11-25 15:31:58'),
(356, 2, 443, 39.25, 20.00, 31.40, '2013-11-25 15:31:58'),
(357, 2, 444, 65.25, 20.00, 52.20, '2013-11-25 15:31:58'),
(358, 2, 445, 75.69, 20.00, 60.55, '2013-11-25 15:31:58'),
(359, 2, 446, 14.95, 20.00, 11.96, '2013-11-25 15:31:58'),
(360, 2, 447, 15.50, 20.00, 12.40, '2013-11-25 15:31:58'),
(361, 2, 448, 28.81, 20.00, 23.05, '2013-11-25 15:31:58'),
(362, 2, 449, 49.94, 20.00, 39.95, '2013-11-25 15:31:58'),
(363, 2, 450, 106.18, 20.00, 84.94, '2013-11-25 15:31:58'),
(364, 2, 451, 79.95, 20.00, 63.96, '2013-11-25 15:31:58'),
(365, 2, 452, 79.95, 20.00, 63.96, '2013-11-25 15:31:58'),
(366, 2, 453, 119.95, 20.00, 95.96, '2013-11-25 15:31:58'),
(367, 2, 463, 13.09, 40.00, 7.85, '2013-11-25 15:31:58'),
(368, 2, 464, 18.16, 40.00, 10.90, '2013-11-25 15:31:58'),
(369, 2, 465, 23.11, 40.00, 13.87, '2013-11-25 15:31:58'),
(370, 2, 466, 28.98, 40.00, 17.39, '2013-11-25 15:31:58'),
(371, 2, 467, 13.09, 40.00, 7.85, '2013-11-25 15:31:59'),
(372, 2, 468, 18.16, 40.00, 10.90, '2013-11-25 15:31:59'),
(373, 2, 469, 23.11, 40.00, 13.87, '2013-11-25 15:31:59'),
(374, 2, 470, 28.98, 40.00, 17.39, '2013-11-25 15:31:59'),
(375, 2, 471, 13.09, 40.00, 7.85, '2013-11-25 15:31:59'),
(376, 2, 472, 18.16, 40.00, 10.90, '2013-11-25 15:31:59'),
(377, 2, 473, 23.11, 40.00, 13.87, '2013-11-25 15:31:59'),
(378, 2, 474, 28.98, 40.00, 17.39, '2013-11-25 15:31:59'),
(379, 3, 1, 79.81, 20.00, 63.85, '2013-11-25 15:32:21'),
(380, 3, 2, 141.06, 20.00, 112.85, '2013-11-25 15:32:21'),
(381, 3, 3, 278.11, 20.00, 222.49, '2013-11-25 15:32:21'),
(382, 3, 4, 401.08, 20.00, 320.86, '2013-11-25 15:32:21'),
(383, 3, 5, 74.72, 30.00, 52.30, '2013-11-25 15:32:21'),
(384, 3, 6, 87.91, 30.00, 61.54, '2013-11-25 15:32:21'),
(385, 3, 7, 113.93, 30.00, 79.75, '2013-11-25 15:32:21'),
(386, 3, 8, 146.43, 30.00, 102.50, '2013-11-25 15:32:21'),
(387, 3, 9, 148.90, 30.00, 104.23, '2013-11-25 15:32:21'),
(388, 3, 10, 170.80, 30.00, 119.56, '2013-11-25 15:32:21'),
(389, 3, 11, 53.53, 30.00, 37.47, '2013-11-25 15:32:21'),
(390, 3, 12, 101.46, 30.00, 71.02, '2013-11-25 15:32:21'),
(391, 3, 13, 179.35, 30.00, 125.54, '2013-11-25 15:32:21'),
(392, 3, 15, 141.91, 30.00, 99.34, '2013-11-25 15:32:21'),
(393, 3, 16, 188.03, 30.00, 131.62, '2013-11-25 15:32:22'),
(394, 3, 17, 188.03, 30.00, 131.62, '2013-11-25 15:32:22'),
(395, 3, 18, 282.93, 30.00, 198.05, '2013-11-25 15:32:22'),
(396, 3, 19, 471.57, 30.00, 330.10, '2013-11-25 15:32:22'),
(397, 3, 20, 518.68, 30.00, 363.08, '2013-11-25 15:32:22'),
(398, 3, 21, 650.77, 30.00, 455.54, '2013-11-25 15:32:22'),
(399, 3, 22, 519.18, 30.00, 363.43, '2013-11-25 15:32:22'),
(400, 3, 23, 622.94, 30.00, 436.06, '2013-11-25 15:32:22'),
(401, 3, 24, 992.31, 20.00, 793.85, '2013-11-25 15:32:22'),
(402, 3, 25, 1110.44, 20.00, 888.35, '2013-11-25 15:32:22'),
(403, 3, 26, 30.57, 20.00, 24.46, '2013-11-25 15:32:22'),
(404, 3, 27, 38.16, 20.00, 30.53, '2013-11-25 15:32:22'),
(405, 3, 28, 43.24, 20.00, 34.59, '2013-11-25 15:32:22'),
(406, 3, 29, 45.79, 20.00, 36.63, '2013-11-25 15:32:22'),
(407, 3, 30, 63.54, 20.00, 50.83, '2013-11-25 15:32:22'),
(408, 3, 31, 76.27, 20.00, 61.02, '2013-11-25 15:32:22'),
(409, 3, 32, 91.57, 20.00, 73.26, '2013-11-25 15:32:22'),
(410, 3, 33, 37.03, 20.00, 29.62, '2013-11-25 15:32:22'),
(411, 3, 34, 46.15, 20.00, 36.92, '2013-11-25 15:32:22'),
(412, 3, 35, 55.60, 20.00, 44.48, '2013-11-25 15:32:22'),
(413, 3, 36, 65.06, 20.00, 52.05, '2013-11-25 15:32:23'),
(414, 3, 67, 78.57, 20.00, 62.86, '2013-11-25 15:32:23'),
(415, 3, 68, 98.18, 20.00, 78.54, '2013-11-25 15:32:23'),
(416, 3, 69, 117.87, 20.00, 94.30, '2013-11-25 15:32:23'),
(417, 3, 70, 351.71, 40.00, 211.03, '2013-11-25 15:32:23'),
(418, 3, 71, 439.65, 40.00, 263.79, '2013-11-25 15:32:23'),
(419, 3, 72, 527.60, 40.00, 316.56, '2013-11-25 15:32:23'),
(420, 3, 146, 144.65, 20.00, 115.72, '2013-11-25 15:32:23'),
(421, 3, 147, 210.10, 20.00, 168.08, '2013-11-25 15:32:23'),
(422, 3, 148, 324.30, 20.00, 259.44, '2013-11-25 15:32:23'),
(423, 3, 149, 144.65, 20.00, 115.72, '2013-11-25 15:32:23'),
(424, 3, 150, 324.30, 20.00, 259.44, '2013-11-25 15:32:23'),
(425, 3, 151, 144.65, 20.00, 115.72, '2013-11-25 15:32:23'),
(426, 3, 152, 332.55, 20.00, 266.04, '2013-11-25 15:32:23'),
(427, 3, 186, 44.88, 10.00, 40.39, '2013-11-25 15:32:23'),
(428, 3, 187, 41.91, 10.00, 37.72, '2013-11-25 15:32:23'),
(429, 3, 188, 44.00, 10.00, 39.60, '2013-11-25 15:32:23'),
(430, 3, 189, 44.00, 10.00, 39.60, '2013-11-25 15:32:23'),
(431, 3, 190, 44.00, 10.00, 39.60, '2013-11-25 15:32:23'),
(432, 3, 191, 42.00, 10.00, 37.80, '2013-11-25 15:32:24'),
(433, 3, 192, 44.00, 10.00, 39.60, '2013-11-25 15:32:24'),
(434, 3, 193, 44.00, 10.00, 39.60, '2013-11-25 15:32:24'),
(435, 3, 194, 44.00, 10.00, 39.60, '2013-11-25 15:32:24'),
(436, 3, 195, 46.20, 10.00, 41.58, '2013-11-25 15:32:24'),
(437, 3, 196, 47.84, 10.00, 43.06, '2013-11-25 15:32:24'),
(438, 3, 197, 50.94, 10.00, 45.85, '2013-11-25 15:32:24'),
(439, 3, 198, 50.94, 10.00, 45.85, '2013-11-25 15:32:24'),
(440, 3, 199, 50.94, 10.00, 45.85, '2013-11-25 15:32:24'),
(441, 3, 200, 49.07, 10.00, 44.16, '2013-11-25 15:32:24'),
(442, 3, 201, 49.07, 10.00, 44.16, '2013-11-25 15:32:24'),
(443, 3, 202, 49.07, 10.00, 44.16, '2013-11-25 15:32:24'),
(444, 3, 203, 49.07, 10.00, 44.16, '2013-11-25 15:32:24'),
(445, 3, 204, 202.32, 10.00, 182.09, '2013-11-25 15:32:24'),
(446, 3, 205, 202.32, 10.00, 182.09, '2013-11-25 15:32:24'),
(447, 3, 206, 202.32, 10.00, 182.09, '2013-11-25 15:32:24'),
(448, 3, 207, 202.32, 10.00, 182.09, '2013-11-25 15:32:24'),
(449, 3, 208, 220.11, 10.00, 198.10, '2013-11-25 15:32:24'),
(450, 3, 209, 220.11, 10.00, 198.10, '2013-11-25 15:32:24'),
(451, 3, 210, 220.11, 10.00, 198.10, '2013-11-25 15:32:24'),
(452, 3, 211, 220.11, 10.00, 198.10, '2013-11-25 15:32:24'),
(453, 3, 212, 291.06, 10.00, 261.95, '2013-11-25 15:32:24'),
(454, 3, 213, 291.06, 10.00, 261.95, '2013-11-25 15:32:24'),
(455, 3, 214, 291.06, 10.00, 261.95, '2013-11-25 15:32:25'),
(456, 3, 215, 291.06, 10.00, 261.95, '2013-11-25 15:32:25'),
(457, 3, 216, 291.06, 10.00, 261.95, '2013-11-25 15:32:25'),
(458, 3, 217, 291.06, 10.00, 261.95, '2013-11-25 15:32:25'),
(459, 3, 218, 212.00, 10.00, 190.80, '2013-11-25 15:32:25'),
(460, 3, 219, 212.00, 10.00, 190.80, '2013-11-25 15:32:25'),
(461, 3, 220, 212.00, 10.00, 190.80, '2013-11-25 15:32:25'),
(462, 3, 221, 212.00, 10.00, 190.80, '2013-11-25 15:32:25'),
(463, 3, 222, 212.00, 10.00, 190.80, '2013-11-25 15:32:25'),
(464, 3, 223, 212.00, 10.00, 190.80, '2013-11-25 15:32:25'),
(465, 3, 224, 347.29, 10.00, 312.56, '2013-11-25 15:32:25'),
(466, 3, 225, 202.59, 10.00, 182.33, '2013-11-25 15:32:25'),
(467, 3, 226, 225.74, 10.00, 203.17, '2013-11-25 15:32:25'),
(468, 3, 227, 225.74, 10.00, 203.17, '2013-11-25 15:32:25'),
(469, 3, 228, 225.74, 10.00, 203.17, '2013-11-25 15:32:25'),
(470, 3, 229, 200.11, 10.00, 180.10, '2013-11-25 15:32:25'),
(471, 3, 230, 200.11, 10.00, 180.10, '2013-11-25 15:32:25'),
(472, 3, 231, 200.11, 10.00, 180.10, '2013-11-25 15:32:25'),
(473, 3, 232, 200.11, 10.00, 180.10, '2013-11-25 15:32:25'),
(474, 3, 233, 20.00, 10.00, 18.00, '2013-11-25 15:32:25'),
(475, 3, 234, 38.00, 10.00, 34.20, '2013-11-25 15:32:25'),
(476, 3, 235, 31.61, 10.00, 28.45, '2013-11-25 15:32:26'),
(477, 3, 236, 31.61, 10.00, 28.45, '2013-11-25 15:32:26'),
(478, 3, 237, 31.61, 10.00, 28.45, '2013-11-25 15:32:26'),
(479, 3, 238, 61.60, 10.00, 55.44, '2013-11-25 15:32:26'),
(480, 3, 239, 150.00, 10.00, 135.00, '2013-11-25 15:32:26'),
(481, 3, 240, 80.49, 10.00, 72.44, '2013-11-25 15:32:26'),
(482, 3, 241, 80.49, 10.00, 72.44, '2013-11-25 15:32:26'),
(483, 3, 242, 80.49, 10.00, 72.44, '2013-11-25 15:32:26'),
(484, 3, 243, 80.49, 10.00, 72.44, '2013-11-25 15:32:26'),
(485, 3, 244, 80.49, 10.00, 72.44, '2013-11-25 15:32:26'),
(486, 3, 245, 80.49, 10.00, 72.44, '2013-11-25 15:32:26'),
(487, 3, 246, 78.28, 10.00, 70.45, '2013-11-25 15:32:26'),
(488, 3, 247, 78.28, 10.00, 70.45, '2013-11-25 15:32:26'),
(489, 3, 248, 78.28, 10.00, 70.45, '2013-11-25 15:32:26'),
(490, 3, 249, 178.50, 10.00, 160.65, '2013-11-25 15:32:26'),
(491, 3, 250, 80.49, 10.00, 72.44, '2013-11-25 15:32:26'),
(492, 3, 251, 80.49, 10.00, 72.44, '2013-11-25 15:32:26'),
(493, 3, 252, 80.49, 10.00, 72.44, '2013-11-25 15:32:26'),
(494, 3, 253, 80.49, 10.00, 72.44, '2013-11-25 15:32:26'),
(495, 3, 254, 80.49, 10.00, 72.44, '2013-11-25 15:32:26'),
(496, 3, 255, 80.49, 10.00, 72.44, '2013-11-25 15:32:26'),
(497, 3, 256, 352.25, 10.00, 317.02, '2013-11-25 15:32:26'),
(498, 3, 257, 315.00, 10.00, 283.50, '2013-11-25 15:32:26'),
(499, 3, 258, 183.75, 10.00, 165.37, '2013-11-25 15:32:26'),
(500, 3, 259, 183.75, 10.00, 165.37, '2013-11-25 15:32:27'),
(501, 3, 260, 183.75, 10.00, 165.37, '2013-11-25 15:32:27'),
(502, 3, 261, 183.75, 10.00, 165.37, '2013-11-25 15:32:27'),
(503, 3, 262, 183.75, 10.00, 165.37, '2013-11-25 15:32:27'),
(504, 3, 263, 183.75, 10.00, 165.37, '2013-11-25 15:32:27'),
(505, 3, 264, 89.25, 10.00, 80.32, '2013-11-25 15:32:27'),
(506, 3, 265, 173.25, 10.00, 155.92, '2013-11-25 15:32:27'),
(507, 3, 266, 173.25, 10.00, 155.92, '2013-11-25 15:32:27'),
(508, 3, 267, 173.25, 10.00, 155.92, '2013-11-25 15:32:27'),
(509, 3, 268, 173.25, 10.00, 155.92, '2013-11-25 15:32:27'),
(510, 3, 269, 154.00, 10.00, 138.60, '2013-11-25 15:32:27'),
(511, 3, 270, 154.00, 10.00, 138.60, '2013-11-25 15:32:27'),
(512, 3, 271, 154.00, 10.00, 138.60, '2013-11-25 15:32:27'),
(513, 3, 272, 154.00, 10.00, 138.60, '2013-11-25 15:32:27'),
(514, 3, 273, 154.00, 10.00, 138.60, '2013-11-25 15:32:27'),
(515, 3, 274, 154.00, 10.00, 138.60, '2013-11-25 15:32:27'),
(516, 3, 275, 154.00, 10.00, 138.60, '2013-11-25 15:32:27'),
(517, 3, 276, 154.00, 10.00, 138.60, '2013-11-25 15:32:27'),
(518, 3, 277, 87.15, 10.00, 78.43, '2013-11-25 15:32:27'),
(519, 3, 278, 87.15, 10.00, 78.43, '2013-11-25 15:32:27'),
(520, 3, 279, 87.15, 10.00, 78.43, '2013-11-25 15:32:27'),
(521, 3, 280, 87.15, 10.00, 78.43, '2013-11-25 15:32:27'),
(522, 3, 281, 87.15, 10.00, 78.43, '2013-11-25 15:32:28'),
(523, 3, 282, 87.15, 10.00, 78.43, '2013-11-25 15:32:28'),
(524, 3, 283, 87.15, 10.00, 78.43, '2013-11-25 15:32:28'),
(525, 3, 284, 87.15, 10.00, 78.43, '2013-11-25 15:32:28'),
(526, 3, 285, 73.85, 10.00, 66.46, '2013-11-25 15:32:28'),
(527, 3, 286, 73.85, 10.00, 66.46, '2013-11-25 15:32:28'),
(528, 3, 287, 73.85, 10.00, 66.46, '2013-11-25 15:32:28'),
(529, 3, 288, 73.85, 10.00, 66.46, '2013-11-25 15:32:28'),
(530, 3, 289, 310.00, 10.00, 279.00, '2013-11-25 15:32:28'),
(531, 3, 290, 310.00, 10.00, 279.00, '2013-11-25 15:32:28'),
(532, 3, 291, 310.00, 10.00, 279.00, '2013-11-25 15:32:28'),
(533, 3, 292, 310.00, 10.00, 279.00, '2013-11-25 15:32:28'),
(534, 3, 293, 310.00, 10.00, 279.00, '2013-11-25 15:32:28'),
(535, 3, 294, 310.00, 10.00, 279.00, '2013-11-25 15:32:28'),
(536, 3, 295, 310.00, 10.00, 279.00, '2013-11-25 15:32:28'),
(537, 3, 296, 310.00, 10.00, 279.00, '2013-11-25 15:32:28'),
(538, 3, 297, 89.25, 10.00, 80.32, '2013-11-25 15:32:28'),
(539, 3, 298, 173.25, 10.00, 155.92, '2013-11-25 15:32:28'),
(540, 3, 299, 173.25, 10.00, 155.92, '2013-11-25 15:32:28'),
(541, 3, 300, 173.25, 10.00, 155.92, '2013-11-25 15:32:28'),
(542, 3, 301, 173.25, 10.00, 155.92, '2013-11-25 15:32:28'),
(543, 3, 441, 13.25, 20.00, 10.60, '2013-11-25 15:32:28'),
(544, 3, 442, 22.75, 20.00, 18.20, '2013-11-25 15:32:28'),
(545, 3, 443, 39.25, 20.00, 31.40, '2013-11-25 15:32:28'),
(546, 3, 444, 65.25, 20.00, 52.20, '2013-11-25 15:32:29'),
(547, 3, 445, 75.69, 20.00, 60.55, '2013-11-25 15:32:29'),
(548, 3, 446, 14.95, 20.00, 11.96, '2013-11-25 15:32:29'),
(549, 3, 447, 15.50, 20.00, 12.40, '2013-11-25 15:32:29'),
(550, 3, 448, 28.81, 20.00, 23.05, '2013-11-25 15:32:29'),
(551, 3, 449, 49.94, 20.00, 39.95, '2013-11-25 15:32:29'),
(552, 3, 450, 106.18, 20.00, 84.94, '2013-11-25 15:32:29'),
(553, 3, 451, 79.95, 20.00, 63.96, '2013-11-25 15:32:29'),
(554, 3, 452, 79.95, 20.00, 63.96, '2013-11-25 15:32:29'),
(555, 3, 453, 119.95, 20.00, 95.96, '2013-11-25 15:32:29'),
(556, 3, 463, 13.09, 40.00, 7.85, '2013-11-25 15:32:29'),
(557, 3, 464, 18.16, 40.00, 10.90, '2013-11-25 15:32:29'),
(558, 3, 465, 23.11, 40.00, 13.87, '2013-11-25 15:32:29'),
(559, 3, 466, 28.98, 40.00, 17.39, '2013-11-25 15:32:29'),
(560, 3, 467, 13.09, 40.00, 7.85, '2013-11-25 15:32:29'),
(561, 3, 468, 18.16, 40.00, 10.90, '2013-11-25 15:32:29'),
(562, 3, 469, 23.11, 40.00, 13.87, '2013-11-25 15:32:29'),
(563, 3, 470, 28.98, 40.00, 17.39, '2013-11-25 15:32:29'),
(564, 3, 471, 13.09, 40.00, 7.85, '2013-11-25 15:32:29'),
(565, 3, 472, 18.16, 40.00, 10.90, '2013-11-25 15:32:29'),
(566, 3, 473, 23.11, 40.00, 13.87, '2013-11-25 15:32:29'),
(567, 3, 474, 28.98, 40.00, 17.39, '2013-11-25 15:32:29'),
(568, 4, 1, 79.81, 20.00, 63.85, '2013-11-25 15:32:37'),
(569, 4, 2, 141.06, 20.00, 112.85, '2013-11-25 15:32:37'),
(570, 4, 3, 278.11, 20.00, 222.49, '2013-11-25 15:32:37'),
(571, 4, 4, 401.08, 20.00, 320.86, '2013-11-25 15:32:37'),
(572, 4, 5, 74.72, 30.00, 52.30, '2013-11-25 15:32:38'),
(573, 4, 6, 87.91, 30.00, 61.54, '2013-11-25 15:32:38'),
(574, 4, 7, 113.93, 30.00, 79.75, '2013-11-25 15:32:38'),
(575, 4, 8, 146.43, 30.00, 102.50, '2013-11-25 15:32:38'),
(576, 4, 9, 148.90, 30.00, 104.23, '2013-11-25 15:32:38'),
(577, 4, 10, 170.80, 30.00, 119.56, '2013-11-25 15:32:38'),
(578, 4, 11, 53.53, 30.00, 37.47, '2013-11-25 15:32:38'),
(579, 4, 12, 101.46, 30.00, 71.02, '2013-11-25 15:32:38'),
(580, 4, 13, 179.35, 30.00, 125.54, '2013-11-25 15:32:38'),
(581, 4, 15, 141.91, 30.00, 99.34, '2013-11-25 15:32:38'),
(582, 4, 16, 188.03, 30.00, 131.62, '2013-11-25 15:32:38'),
(583, 4, 17, 188.03, 30.00, 131.62, '2013-11-25 15:32:38'),
(584, 4, 18, 282.93, 30.00, 198.05, '2013-11-25 15:32:38'),
(585, 4, 19, 471.57, 30.00, 330.10, '2013-11-25 15:32:38'),
(586, 4, 20, 518.68, 30.00, 363.08, '2013-11-25 15:32:38'),
(587, 4, 21, 650.77, 30.00, 455.54, '2013-11-25 15:32:38'),
(588, 4, 22, 519.18, 30.00, 363.43, '2013-11-25 15:32:38'),
(589, 4, 23, 622.94, 30.00, 436.06, '2013-11-25 15:32:38'),
(590, 4, 24, 992.31, 20.00, 793.85, '2013-11-25 15:32:38'),
(591, 4, 25, 1110.44, 20.00, 888.35, '2013-11-25 15:32:38'),
(592, 4, 26, 30.57, 20.00, 24.46, '2013-11-25 15:32:38'),
(593, 4, 27, 38.16, 20.00, 30.53, '2013-11-25 15:32:39'),
(594, 4, 28, 43.24, 20.00, 34.59, '2013-11-25 15:32:39'),
(595, 4, 29, 45.79, 20.00, 36.63, '2013-11-25 15:32:39'),
(596, 4, 30, 63.54, 20.00, 50.83, '2013-11-25 15:32:39'),
(597, 4, 31, 76.27, 20.00, 61.02, '2013-11-25 15:32:39'),
(598, 4, 32, 91.57, 20.00, 73.26, '2013-11-25 15:32:39'),
(599, 4, 33, 37.03, 20.00, 29.62, '2013-11-25 15:32:39'),
(600, 4, 34, 46.15, 20.00, 36.92, '2013-11-25 15:32:39'),
(601, 4, 35, 55.60, 20.00, 44.48, '2013-11-25 15:32:39'),
(602, 4, 36, 65.06, 20.00, 52.05, '2013-11-25 15:32:39'),
(603, 4, 67, 78.57, 20.00, 62.86, '2013-11-25 15:32:39'),
(604, 4, 68, 98.18, 20.00, 78.54, '2013-11-25 15:32:39'),
(605, 4, 69, 117.87, 20.00, 94.30, '2013-11-25 15:32:39'),
(606, 4, 70, 351.71, 40.00, 211.03, '2013-11-25 15:32:39'),
(607, 4, 71, 439.65, 40.00, 263.79, '2013-11-25 15:32:39'),
(608, 4, 72, 527.60, 40.00, 316.56, '2013-11-25 15:32:39'),
(609, 4, 146, 144.65, 20.00, 115.72, '2013-11-25 15:32:39'),
(610, 4, 147, 210.10, 20.00, 168.08, '2013-11-25 15:32:39'),
(611, 4, 148, 324.30, 20.00, 259.44, '2013-11-25 15:32:40'),
(612, 4, 149, 144.65, 20.00, 115.72, '2013-11-25 15:32:40'),
(613, 4, 150, 324.30, 20.00, 259.44, '2013-11-25 15:32:40'),
(614, 4, 151, 144.65, 20.00, 115.72, '2013-11-25 15:32:40'),
(615, 4, 152, 332.55, 20.00, 266.04, '2013-11-25 15:32:40'),
(616, 4, 186, 44.88, 10.00, 40.39, '2013-11-25 15:32:40'),
(617, 4, 187, 41.91, 10.00, 37.72, '2013-11-25 15:32:40'),
(618, 4, 188, 44.00, 10.00, 39.60, '2013-11-25 15:32:40'),
(619, 4, 189, 44.00, 10.00, 39.60, '2013-11-25 15:32:40'),
(620, 4, 190, 44.00, 10.00, 39.60, '2013-11-25 15:32:40'),
(621, 4, 191, 42.00, 10.00, 37.80, '2013-11-25 15:32:40'),
(622, 4, 192, 44.00, 10.00, 39.60, '2013-11-25 15:32:40'),
(623, 4, 193, 44.00, 10.00, 39.60, '2013-11-25 15:32:40'),
(624, 4, 194, 44.00, 10.00, 39.60, '2013-11-25 15:32:40'),
(625, 4, 195, 46.20, 10.00, 41.58, '2013-11-25 15:32:40'),
(626, 4, 196, 47.84, 10.00, 43.06, '2013-11-25 15:32:40'),
(627, 4, 197, 50.94, 10.00, 45.85, '2013-11-25 15:32:40'),
(628, 4, 198, 50.94, 10.00, 45.85, '2013-11-25 15:32:40'),
(629, 4, 199, 50.94, 10.00, 45.85, '2013-11-25 15:32:40'),
(630, 4, 200, 49.07, 10.00, 44.16, '2013-11-25 15:32:40'),
(631, 4, 201, 49.07, 10.00, 44.16, '2013-11-25 15:32:40'),
(632, 4, 202, 49.07, 10.00, 44.16, '2013-11-25 15:32:40'),
(633, 4, 203, 49.07, 10.00, 44.16, '2013-11-25 15:32:41'),
(634, 4, 204, 202.32, 10.00, 182.09, '2013-11-25 15:32:41'),
(635, 4, 205, 202.32, 10.00, 182.09, '2013-11-25 15:32:41'),
(636, 4, 206, 202.32, 10.00, 182.09, '2013-11-25 15:32:41'),
(637, 4, 207, 202.32, 10.00, 182.09, '2013-11-25 15:32:41'),
(638, 4, 208, 220.11, 10.00, 198.10, '2013-11-25 15:32:41'),
(639, 4, 209, 220.11, 10.00, 198.10, '2013-11-25 15:32:41'),
(640, 4, 210, 220.11, 10.00, 198.10, '2013-11-25 15:32:41'),
(641, 4, 211, 220.11, 10.00, 198.10, '2013-11-25 15:32:41'),
(642, 4, 212, 291.06, 10.00, 261.95, '2013-11-25 15:32:41'),
(643, 4, 213, 291.06, 10.00, 261.95, '2013-11-25 15:32:41'),
(644, 4, 214, 291.06, 10.00, 261.95, '2013-11-25 15:32:41'),
(645, 4, 215, 291.06, 10.00, 261.95, '2013-11-25 15:32:41'),
(646, 4, 216, 291.06, 10.00, 261.95, '2013-11-25 15:32:41'),
(647, 4, 217, 291.06, 10.00, 261.95, '2013-11-25 15:32:41'),
(648, 4, 218, 212.00, 10.00, 190.80, '2013-11-25 15:32:41'),
(649, 4, 219, 212.00, 10.00, 190.80, '2013-11-25 15:32:41'),
(650, 4, 220, 212.00, 10.00, 190.80, '2013-11-25 15:32:41'),
(651, 4, 221, 212.00, 10.00, 190.80, '2013-11-25 15:32:41'),
(652, 4, 222, 212.00, 10.00, 190.80, '2013-11-25 15:32:41'),
(653, 4, 223, 212.00, 10.00, 190.80, '2013-11-25 15:32:41'),
(654, 4, 224, 347.29, 10.00, 312.56, '2013-11-25 15:32:41'),
(655, 4, 225, 202.59, 10.00, 182.33, '2013-11-25 15:32:42'),
(656, 4, 226, 225.74, 10.00, 203.17, '2013-11-25 15:32:42'),
(657, 4, 227, 225.74, 10.00, 203.17, '2013-11-25 15:32:42'),
(658, 4, 228, 225.74, 10.00, 203.17, '2013-11-25 15:32:42'),
(659, 4, 229, 200.11, 10.00, 180.10, '2013-11-25 15:32:42'),
(660, 4, 230, 200.11, 10.00, 180.10, '2013-11-25 15:32:42'),
(661, 4, 231, 200.11, 10.00, 180.10, '2013-11-25 15:32:42'),
(662, 4, 232, 200.11, 10.00, 180.10, '2013-11-25 15:32:42'),
(663, 4, 233, 20.00, 10.00, 18.00, '2013-11-25 15:32:42'),
(664, 4, 234, 38.00, 10.00, 34.20, '2013-11-25 15:32:42'),
(665, 4, 235, 31.61, 10.00, 28.45, '2013-11-25 15:32:42'),
(666, 4, 236, 31.61, 10.00, 28.45, '2013-11-25 15:32:42'),
(667, 4, 237, 31.61, 10.00, 28.45, '2013-11-25 15:32:42'),
(668, 4, 238, 61.60, 10.00, 55.44, '2013-11-25 15:32:42'),
(669, 4, 239, 150.00, 10.00, 135.00, '2013-11-25 15:32:42'),
(670, 4, 240, 80.49, 10.00, 72.44, '2013-11-25 15:32:42'),
(671, 4, 241, 80.49, 10.00, 72.44, '2013-11-25 15:32:42'),
(672, 4, 242, 80.49, 10.00, 72.44, '2013-11-25 15:32:42'),
(673, 4, 243, 80.49, 10.00, 72.44, '2013-11-25 15:32:42'),
(674, 4, 244, 80.49, 10.00, 72.44, '2013-11-25 15:32:42'),
(675, 4, 245, 80.49, 10.00, 72.44, '2013-11-25 15:32:42'),
(676, 4, 246, 78.28, 10.00, 70.45, '2013-11-25 15:32:43'),
(677, 4, 247, 78.28, 10.00, 70.45, '2013-11-25 15:32:43'),
(678, 4, 248, 78.28, 10.00, 70.45, '2013-11-25 15:32:43'),
(679, 4, 249, 178.50, 10.00, 160.65, '2013-11-25 15:32:43'),
(680, 4, 250, 80.49, 10.00, 72.44, '2013-11-25 15:32:43'),
(681, 4, 251, 80.49, 10.00, 72.44, '2013-11-25 15:32:43'),
(682, 4, 252, 80.49, 10.00, 72.44, '2013-11-25 15:32:43'),
(683, 4, 253, 80.49, 10.00, 72.44, '2013-11-25 15:32:43'),
(684, 4, 254, 80.49, 10.00, 72.44, '2013-11-25 15:32:43'),
(685, 4, 255, 80.49, 10.00, 72.44, '2013-11-25 15:32:43'),
(686, 4, 256, 352.25, 10.00, 317.02, '2013-11-25 15:32:43'),
(687, 4, 257, 315.00, 10.00, 283.50, '2013-11-25 15:32:43'),
(688, 4, 258, 183.75, 10.00, 165.37, '2013-11-25 15:32:43'),
(689, 4, 259, 183.75, 10.00, 165.37, '2013-11-25 15:32:43'),
(690, 4, 260, 183.75, 10.00, 165.37, '2013-11-25 15:32:43'),
(691, 4, 261, 183.75, 10.00, 165.37, '2013-11-25 15:32:43'),
(692, 4, 262, 183.75, 10.00, 165.37, '2013-11-25 15:32:43'),
(693, 4, 263, 183.75, 10.00, 165.37, '2013-11-25 15:32:43'),
(694, 4, 264, 89.25, 10.00, 80.32, '2013-11-25 15:32:43'),
(695, 4, 265, 173.25, 10.00, 155.92, '2013-11-25 15:32:43'),
(696, 4, 266, 173.25, 10.00, 155.92, '2013-11-25 15:32:43'),
(697, 4, 267, 173.25, 10.00, 155.92, '2013-11-25 15:32:43'),
(698, 4, 268, 173.25, 10.00, 155.92, '2013-11-25 15:32:44'),
(699, 4, 269, 154.00, 10.00, 138.60, '2013-11-25 15:32:44'),
(700, 4, 270, 154.00, 10.00, 138.60, '2013-11-25 15:32:44'),
(701, 4, 271, 154.00, 10.00, 138.60, '2013-11-25 15:32:44'),
(702, 4, 272, 154.00, 10.00, 138.60, '2013-11-25 15:32:44'),
(703, 4, 273, 154.00, 10.00, 138.60, '2013-11-25 15:32:44'),
(704, 4, 274, 154.00, 10.00, 138.60, '2013-11-25 15:32:44'),
(705, 4, 275, 154.00, 10.00, 138.60, '2013-11-25 15:32:44'),
(706, 4, 276, 154.00, 10.00, 138.60, '2013-11-25 15:32:44'),
(707, 4, 277, 87.15, 10.00, 78.43, '2013-11-25 15:32:44'),
(708, 4, 278, 87.15, 10.00, 78.43, '2013-11-25 15:32:44'),
(709, 4, 279, 87.15, 10.00, 78.43, '2013-11-25 15:32:44'),
(710, 4, 280, 87.15, 10.00, 78.43, '2013-11-25 15:32:44'),
(711, 4, 281, 87.15, 10.00, 78.43, '2013-11-25 15:32:44'),
(712, 4, 282, 87.15, 10.00, 78.43, '2013-11-25 15:32:44'),
(713, 4, 283, 87.15, 10.00, 78.43, '2013-11-25 15:32:44'),
(714, 4, 284, 87.15, 10.00, 78.43, '2013-11-25 15:32:44'),
(715, 4, 285, 73.85, 10.00, 66.46, '2013-11-25 15:32:44'),
(716, 4, 286, 73.85, 10.00, 66.46, '2013-11-25 15:32:44'),
(717, 4, 287, 73.85, 10.00, 66.46, '2013-11-25 15:32:44'),
(718, 4, 288, 73.85, 10.00, 66.46, '2013-11-25 15:32:44'),
(719, 4, 289, 310.00, 10.00, 279.00, '2013-11-25 15:32:44'),
(720, 4, 290, 310.00, 10.00, 279.00, '2013-11-25 15:32:44'),
(721, 4, 291, 310.00, 10.00, 279.00, '2013-11-25 15:32:44'),
(722, 4, 292, 310.00, 10.00, 279.00, '2013-11-25 15:32:45'),
(723, 4, 293, 310.00, 10.00, 279.00, '2013-11-25 15:32:45'),
(724, 4, 294, 310.00, 10.00, 279.00, '2013-11-25 15:32:45'),
(725, 4, 295, 310.00, 10.00, 279.00, '2013-11-25 15:32:45'),
(726, 4, 296, 310.00, 10.00, 279.00, '2013-11-25 15:32:45'),
(727, 4, 297, 89.25, 10.00, 80.32, '2013-11-25 15:32:45'),
(728, 4, 298, 173.25, 10.00, 155.92, '2013-11-25 15:32:45'),
(729, 4, 299, 173.25, 10.00, 155.92, '2013-11-25 15:32:45'),
(730, 4, 300, 173.25, 10.00, 155.92, '2013-11-25 15:32:45'),
(731, 4, 301, 173.25, 10.00, 155.92, '2013-11-25 15:32:45'),
(732, 4, 441, 13.25, 20.00, 10.60, '2013-11-25 15:32:45'),
(733, 4, 442, 22.75, 20.00, 18.20, '2013-11-25 15:32:45'),
(734, 4, 443, 39.25, 20.00, 31.40, '2013-11-25 15:32:45'),
(735, 4, 444, 65.25, 20.00, 52.20, '2013-11-25 15:32:45'),
(736, 4, 445, 75.69, 20.00, 60.55, '2013-11-25 15:32:45'),
(737, 4, 446, 14.95, 20.00, 11.96, '2013-11-25 15:32:45'),
(738, 4, 447, 15.50, 20.00, 12.40, '2013-11-25 15:32:45'),
(739, 4, 448, 28.81, 20.00, 23.05, '2013-11-25 15:32:45'),
(740, 4, 449, 49.94, 20.00, 39.95, '2013-11-25 15:32:45'),
(741, 4, 450, 106.18, 20.00, 84.94, '2013-11-25 15:32:45'),
(742, 4, 451, 79.95, 20.00, 63.96, '2013-11-25 15:32:45'),
(743, 4, 452, 79.95, 20.00, 63.96, '2013-11-25 15:32:46'),
(744, 4, 453, 119.95, 20.00, 95.96, '2013-11-25 15:32:46'),
(745, 4, 463, 13.09, 40.00, 7.85, '2013-11-25 15:32:46'),
(746, 4, 464, 18.16, 40.00, 10.90, '2013-11-25 15:32:46'),
(747, 4, 465, 23.11, 40.00, 13.87, '2013-11-25 15:32:46'),
(748, 4, 466, 28.98, 40.00, 17.39, '2013-11-25 15:32:46'),
(749, 4, 467, 13.09, 40.00, 7.85, '2013-11-25 15:32:46'),
(750, 4, 468, 18.16, 40.00, 10.90, '2013-11-25 15:32:46'),
(751, 4, 469, 23.11, 40.00, 13.87, '2013-11-25 15:32:46'),
(752, 4, 470, 28.98, 40.00, 17.39, '2013-11-25 15:32:46'),
(753, 4, 471, 13.09, 40.00, 7.85, '2013-11-25 15:32:46'),
(754, 4, 472, 18.16, 40.00, 10.90, '2013-11-25 15:32:46'),
(755, 4, 473, 23.11, 40.00, 13.87, '2013-11-25 15:32:46'),
(756, 4, 474, 28.98, 40.00, 17.39, '2013-11-25 15:32:46'),
(757, 5, 1, 79.81, 20.00, 63.85, '2013-11-25 15:32:53'),
(758, 5, 2, 141.06, 20.00, 112.85, '2013-11-25 15:32:53'),
(759, 5, 3, 278.11, 20.00, 222.49, '2013-11-25 15:32:53'),
(760, 5, 4, 401.08, 20.00, 320.86, '2013-11-25 15:32:53'),
(761, 5, 5, 74.72, 30.00, 52.30, '2013-11-25 15:32:53'),
(762, 5, 6, 87.91, 30.00, 61.54, '2013-11-25 15:32:53'),
(763, 5, 7, 113.93, 30.00, 79.75, '2013-11-25 15:32:53'),
(764, 5, 8, 146.43, 30.00, 102.50, '2013-11-25 15:32:53'),
(765, 5, 9, 148.90, 30.00, 104.23, '2013-11-25 15:32:53'),
(766, 5, 10, 170.80, 30.00, 119.56, '2013-11-25 15:32:53'),
(767, 5, 11, 53.53, 30.00, 37.47, '2013-11-25 15:32:53'),
(768, 5, 12, 101.46, 30.00, 71.02, '2013-11-25 15:32:53'),
(769, 5, 13, 179.35, 30.00, 125.54, '2013-11-25 15:32:53'),
(770, 5, 15, 141.91, 30.00, 99.34, '2013-11-25 15:32:54'),
(771, 5, 16, 188.03, 30.00, 131.62, '2013-11-25 15:32:54'),
(772, 5, 17, 188.03, 30.00, 131.62, '2013-11-25 15:32:54'),
(773, 5, 18, 282.93, 30.00, 198.05, '2013-11-25 15:32:54'),
(774, 5, 19, 471.57, 30.00, 330.10, '2013-11-25 15:32:54'),
(775, 5, 20, 518.68, 30.00, 363.08, '2013-11-25 15:32:54'),
(776, 5, 21, 650.77, 30.00, 455.54, '2013-11-25 15:32:54'),
(777, 5, 22, 519.18, 30.00, 363.43, '2013-11-25 15:32:54'),
(778, 5, 23, 622.94, 30.00, 436.06, '2013-11-25 15:32:54'),
(779, 5, 24, 992.31, 20.00, 793.85, '2013-11-25 15:32:54'),
(780, 5, 25, 1110.44, 20.00, 888.35, '2013-11-25 15:32:54'),
(781, 5, 26, 30.57, 20.00, 24.46, '2013-11-25 15:32:54'),
(782, 5, 27, 38.16, 20.00, 30.53, '2013-11-25 15:32:54'),
(783, 5, 28, 43.24, 20.00, 34.59, '2013-11-25 15:32:54'),
(784, 5, 29, 45.79, 20.00, 36.63, '2013-11-25 15:32:54'),
(785, 5, 30, 63.54, 20.00, 50.83, '2013-11-25 15:32:54'),
(786, 5, 31, 76.27, 20.00, 61.02, '2013-11-25 15:32:54'),
(787, 5, 32, 91.57, 20.00, 73.26, '2013-11-25 15:32:54'),
(788, 5, 33, 37.03, 20.00, 29.62, '2013-11-25 15:32:54'),
(789, 5, 34, 46.15, 20.00, 36.92, '2013-11-25 15:32:54'),
(790, 5, 35, 55.60, 20.00, 44.48, '2013-11-25 15:32:54'),
(791, 5, 36, 65.06, 20.00, 52.05, '2013-11-25 15:32:54'),
(792, 5, 67, 78.57, 20.00, 62.86, '2013-11-25 15:32:55'),
(793, 5, 68, 98.18, 20.00, 78.54, '2013-11-25 15:32:55'),
(794, 5, 69, 117.87, 20.00, 94.30, '2013-11-25 15:32:55'),
(795, 5, 70, 351.71, 40.00, 211.03, '2013-11-25 15:32:55'),
(796, 5, 71, 439.65, 40.00, 263.79, '2013-11-25 15:32:55'),
(797, 5, 72, 527.60, 40.00, 316.56, '2013-11-25 15:32:55'),
(798, 5, 146, 144.65, 20.00, 115.72, '2013-11-25 15:32:55'),
(799, 5, 147, 210.10, 20.00, 168.08, '2013-11-25 15:32:55'),
(800, 5, 148, 324.30, 20.00, 259.44, '2013-11-25 15:32:55'),
(801, 5, 149, 144.65, 20.00, 115.72, '2013-11-25 15:32:55'),
(802, 5, 150, 324.30, 20.00, 259.44, '2013-11-25 15:32:55'),
(803, 5, 151, 144.65, 20.00, 115.72, '2013-11-25 15:32:55'),
(804, 5, 152, 332.55, 20.00, 266.04, '2013-11-25 15:32:55'),
(805, 5, 186, 44.88, 10.00, 40.39, '2013-11-25 15:32:55'),
(806, 5, 187, 41.91, 10.00, 37.72, '2013-11-25 15:32:55'),
(807, 5, 188, 44.00, 10.00, 39.60, '2013-11-25 15:32:55'),
(808, 5, 189, 44.00, 10.00, 39.60, '2013-11-25 15:32:55'),
(809, 5, 190, 44.00, 10.00, 39.60, '2013-11-25 15:32:55'),
(810, 5, 191, 42.00, 10.00, 37.80, '2013-11-25 15:32:55'),
(811, 5, 192, 44.00, 10.00, 39.60, '2013-11-25 15:32:55'),
(812, 5, 193, 44.00, 10.00, 39.60, '2013-11-25 15:32:56'),
(813, 5, 194, 44.00, 10.00, 39.60, '2013-11-25 15:32:56'),
(814, 5, 195, 46.20, 10.00, 41.58, '2013-11-25 15:32:56'),
(815, 5, 196, 47.84, 10.00, 43.06, '2013-11-25 15:32:56'),
(816, 5, 197, 50.94, 10.00, 45.85, '2013-11-25 15:32:56'),
(817, 5, 198, 50.94, 10.00, 45.85, '2013-11-25 15:32:56'),
(818, 5, 199, 50.94, 10.00, 45.85, '2013-11-25 15:32:56'),
(819, 5, 200, 49.07, 10.00, 44.16, '2013-11-25 15:32:56'),
(820, 5, 201, 49.07, 10.00, 44.16, '2013-11-25 15:32:56'),
(821, 5, 202, 49.07, 10.00, 44.16, '2013-11-25 15:32:56'),
(822, 5, 203, 49.07, 10.00, 44.16, '2013-11-25 15:32:56'),
(823, 5, 204, 202.32, 10.00, 182.09, '2013-11-25 15:32:57'),
(824, 5, 205, 202.32, 10.00, 182.09, '2013-11-25 15:32:57'),
(825, 5, 206, 202.32, 10.00, 182.09, '2013-11-25 15:32:57'),
(826, 5, 207, 202.32, 10.00, 182.09, '2013-11-25 15:32:57'),
(827, 5, 208, 220.11, 10.00, 198.10, '2013-11-25 15:32:57'),
(828, 5, 209, 220.11, 10.00, 198.10, '2013-11-25 15:32:57'),
(829, 5, 210, 220.11, 10.00, 198.10, '2013-11-25 15:32:57'),
(830, 5, 211, 220.11, 10.00, 198.10, '2013-11-25 15:32:57'),
(831, 5, 212, 291.06, 10.00, 261.95, '2013-11-25 15:32:57'),
(832, 5, 213, 291.06, 10.00, 261.95, '2013-11-25 15:32:57'),
(833, 5, 214, 291.06, 10.00, 261.95, '2013-11-25 15:32:57'),
(834, 5, 215, 291.06, 10.00, 261.95, '2013-11-25 15:32:57'),
(835, 5, 216, 291.06, 10.00, 261.95, '2013-11-25 15:32:57'),
(836, 5, 217, 291.06, 10.00, 261.95, '2013-11-25 15:32:57'),
(837, 5, 218, 212.00, 10.00, 190.80, '2013-11-25 15:32:58'),
(838, 5, 219, 212.00, 10.00, 190.80, '2013-11-25 15:32:58'),
(839, 5, 220, 212.00, 10.00, 190.80, '2013-11-25 15:32:58'),
(840, 5, 221, 212.00, 10.00, 190.80, '2013-11-25 15:32:58'),
(841, 5, 222, 212.00, 10.00, 190.80, '2013-11-25 15:32:58'),
(842, 5, 223, 212.00, 10.00, 190.80, '2013-11-25 15:32:58'),
(843, 5, 224, 347.29, 10.00, 312.56, '2013-11-25 15:32:58'),
(844, 5, 225, 202.59, 10.00, 182.33, '2013-11-25 15:32:58'),
(845, 5, 226, 225.74, 10.00, 203.17, '2013-11-25 15:32:58'),
(846, 5, 227, 225.74, 10.00, 203.17, '2013-11-25 15:32:58'),
(847, 5, 228, 225.74, 10.00, 203.17, '2013-11-25 15:32:58'),
(848, 5, 229, 200.11, 10.00, 180.10, '2013-11-25 15:32:58'),
(849, 5, 230, 200.11, 10.00, 180.10, '2013-11-25 15:32:58'),
(850, 5, 231, 200.11, 10.00, 180.10, '2013-11-25 15:32:58'),
(851, 5, 232, 200.11, 10.00, 180.10, '2013-11-25 15:32:58'),
(852, 5, 233, 20.00, 10.00, 18.00, '2013-11-25 15:32:58'),
(853, 5, 234, 38.00, 10.00, 34.20, '2013-11-25 15:32:58'),
(854, 5, 235, 31.61, 10.00, 28.45, '2013-11-25 15:32:58'),
(855, 5, 236, 31.61, 10.00, 28.45, '2013-11-25 15:32:58'),
(856, 5, 237, 31.61, 10.00, 28.45, '2013-11-25 15:32:58'),
(857, 5, 238, 61.60, 10.00, 55.44, '2013-11-25 15:32:58'),
(858, 5, 239, 150.00, 10.00, 135.00, '2013-11-25 15:32:59'),
(859, 5, 240, 80.49, 10.00, 72.44, '2013-11-25 15:32:59'),
(860, 5, 241, 80.49, 10.00, 72.44, '2013-11-25 15:32:59'),
(861, 5, 242, 80.49, 10.00, 72.44, '2013-11-25 15:32:59'),
(862, 5, 243, 80.49, 10.00, 72.44, '2013-11-25 15:32:59'),
(863, 5, 244, 80.49, 10.00, 72.44, '2013-11-25 15:32:59'),
(864, 5, 245, 80.49, 10.00, 72.44, '2013-11-25 15:32:59'),
(865, 5, 246, 78.28, 10.00, 70.45, '2013-11-25 15:32:59');
INSERT INTO `sohorepro_special_pricing` (`sp_id`, `sp_user_id`, `sp_product_id`, `sp_list_price`, `sp_discount`, `sp_special_price`, `sp_date`) VALUES
(866, 5, 247, 78.28, 10.00, 70.45, '2013-11-25 15:32:59'),
(867, 5, 248, 78.28, 10.00, 70.45, '2013-11-25 15:32:59'),
(868, 5, 249, 178.50, 10.00, 160.65, '2013-11-25 15:32:59'),
(869, 5, 250, 80.49, 10.00, 72.44, '2013-11-25 15:32:59'),
(870, 5, 251, 80.49, 10.00, 72.44, '2013-11-25 15:32:59'),
(871, 5, 252, 80.49, 10.00, 72.44, '2013-11-25 15:32:59'),
(872, 5, 253, 80.49, 10.00, 72.44, '2013-11-25 15:32:59'),
(873, 5, 254, 80.49, 10.00, 72.44, '2013-11-25 15:32:59'),
(874, 5, 255, 80.49, 10.00, 72.44, '2013-11-25 15:32:59'),
(875, 5, 256, 352.25, 10.00, 317.02, '2013-11-25 15:32:59'),
(876, 5, 257, 315.00, 10.00, 283.50, '2013-11-25 15:32:59'),
(877, 5, 258, 183.75, 10.00, 165.37, '2013-11-25 15:32:59'),
(878, 5, 259, 183.75, 10.00, 165.37, '2013-11-25 15:32:59'),
(879, 5, 260, 183.75, 10.00, 165.37, '2013-11-25 15:32:59'),
(880, 5, 261, 183.75, 10.00, 165.37, '2013-11-25 15:33:00'),
(881, 5, 262, 183.75, 10.00, 165.37, '2013-11-25 15:33:00'),
(882, 5, 263, 183.75, 10.00, 165.37, '2013-11-25 15:33:00'),
(883, 5, 264, 89.25, 10.00, 80.32, '2013-11-25 15:33:00'),
(884, 5, 265, 173.25, 10.00, 155.92, '2013-11-25 15:33:00'),
(885, 5, 266, 173.25, 10.00, 155.92, '2013-11-25 15:33:00'),
(886, 5, 267, 173.25, 10.00, 155.92, '2013-11-25 15:33:00'),
(887, 5, 268, 173.25, 10.00, 155.92, '2013-11-25 15:33:00'),
(888, 5, 269, 154.00, 10.00, 138.60, '2013-11-25 15:33:00'),
(889, 5, 270, 154.00, 10.00, 138.60, '2013-11-25 15:33:00'),
(890, 5, 271, 154.00, 10.00, 138.60, '2013-11-25 15:33:00'),
(891, 5, 272, 154.00, 10.00, 138.60, '2013-11-25 15:33:00'),
(892, 5, 273, 154.00, 10.00, 138.60, '2013-11-25 15:33:00'),
(893, 5, 274, 154.00, 10.00, 138.60, '2013-11-25 15:33:00'),
(894, 5, 275, 154.00, 10.00, 138.60, '2013-11-25 15:33:00'),
(895, 5, 276, 154.00, 10.00, 138.60, '2013-11-25 15:33:00'),
(896, 5, 277, 87.15, 10.00, 78.43, '2013-11-25 15:33:00'),
(897, 5, 278, 87.15, 10.00, 78.43, '2013-11-25 15:33:00'),
(898, 5, 279, 87.15, 10.00, 78.43, '2013-11-25 15:33:00'),
(899, 5, 280, 87.15, 10.00, 78.43, '2013-11-25 15:33:00'),
(900, 5, 281, 87.15, 10.00, 78.43, '2013-11-25 15:33:00'),
(901, 5, 282, 87.15, 10.00, 78.43, '2013-11-25 15:33:01'),
(902, 5, 283, 87.15, 10.00, 78.43, '2013-11-25 15:33:01'),
(903, 5, 284, 87.15, 10.00, 78.43, '2013-11-25 15:33:01'),
(904, 5, 285, 73.85, 10.00, 66.46, '2013-11-25 15:33:01'),
(905, 5, 286, 73.85, 10.00, 66.46, '2013-11-25 15:33:01'),
(906, 5, 287, 73.85, 10.00, 66.46, '2013-11-25 15:33:02'),
(907, 5, 288, 73.85, 10.00, 66.46, '2013-11-25 15:33:02'),
(908, 5, 289, 310.00, 10.00, 279.00, '2013-11-25 15:33:02'),
(909, 5, 290, 310.00, 10.00, 279.00, '2013-11-25 15:33:02'),
(910, 5, 291, 310.00, 10.00, 279.00, '2013-11-25 15:33:02'),
(911, 5, 292, 310.00, 10.00, 279.00, '2013-11-25 15:33:02'),
(912, 5, 293, 310.00, 10.00, 279.00, '2013-11-25 15:33:02'),
(913, 5, 294, 310.00, 10.00, 279.00, '2013-11-25 15:33:03'),
(914, 5, 295, 310.00, 10.00, 279.00, '2013-11-25 15:33:03'),
(915, 5, 296, 310.00, 10.00, 279.00, '2013-11-25 15:33:03'),
(916, 5, 297, 89.25, 10.00, 80.32, '2013-11-25 15:33:03'),
(917, 5, 298, 173.25, 10.00, 155.92, '2013-11-25 15:33:03'),
(918, 5, 299, 173.25, 10.00, 155.92, '2013-11-25 15:33:03'),
(919, 5, 300, 173.25, 10.00, 155.92, '2013-11-25 15:33:03'),
(920, 5, 301, 173.25, 10.00, 155.92, '2013-11-25 15:33:03'),
(921, 5, 441, 13.25, 20.00, 10.60, '2013-11-25 15:33:03'),
(922, 5, 442, 22.75, 20.00, 18.20, '2013-11-25 15:33:04'),
(923, 5, 443, 39.25, 20.00, 31.40, '2013-11-25 15:33:05'),
(924, 5, 444, 65.25, 20.00, 52.20, '2013-11-25 15:33:05'),
(925, 5, 445, 75.69, 20.00, 60.55, '2013-11-25 15:33:05'),
(926, 5, 446, 14.95, 20.00, 11.96, '2013-11-25 15:33:06'),
(927, 5, 447, 15.50, 20.00, 12.40, '2013-11-25 15:33:06'),
(928, 5, 448, 28.81, 20.00, 23.05, '2013-11-25 15:33:06'),
(929, 5, 449, 49.94, 20.00, 39.95, '2013-11-25 15:33:06'),
(930, 5, 450, 106.18, 20.00, 84.94, '2013-11-25 15:33:06'),
(931, 5, 451, 79.95, 20.00, 63.96, '2013-11-25 15:33:06'),
(932, 5, 452, 79.95, 20.00, 63.96, '2013-11-25 15:33:06'),
(933, 5, 453, 119.95, 20.00, 95.96, '2013-11-25 15:33:07'),
(934, 5, 463, 13.09, 40.00, 7.85, '2013-11-25 15:33:07'),
(935, 5, 464, 18.16, 40.00, 10.90, '2013-11-25 15:33:07'),
(936, 5, 465, 23.11, 40.00, 13.87, '2013-11-25 15:33:07'),
(937, 5, 466, 28.98, 40.00, 17.39, '2013-11-25 15:33:07'),
(938, 5, 467, 13.09, 40.00, 7.85, '2013-11-25 15:33:07'),
(939, 5, 468, 18.16, 40.00, 10.90, '2013-11-25 15:33:07'),
(940, 5, 469, 23.11, 40.00, 13.87, '2013-11-25 15:33:07'),
(941, 5, 470, 28.98, 40.00, 17.39, '2013-11-25 15:33:07'),
(942, 5, 471, 13.09, 40.00, 7.85, '2013-11-25 15:33:07'),
(943, 5, 472, 18.16, 40.00, 10.90, '2013-11-25 15:33:07'),
(944, 5, 473, 23.11, 40.00, 13.87, '2013-11-25 15:33:07'),
(945, 5, 474, 28.98, 40.00, 17.39, '2013-11-25 15:33:07'),
(946, 6, 1, 79.81, 20.00, 63.85, '2013-12-30 16:49:02'),
(947, 6, 2, 141.06, 20.00, 112.85, '2013-12-30 16:49:02'),
(948, 6, 3, 278.11, 20.00, 222.49, '2013-12-30 16:49:02'),
(949, 6, 4, 401.08, 20.00, 320.86, '2013-12-30 16:49:02'),
(950, 6, 5, 74.72, 30.00, 52.30, '2013-12-30 16:49:02'),
(951, 6, 6, 87.91, 30.00, 61.54, '2013-12-30 16:49:02'),
(952, 6, 7, 113.93, 30.00, 79.75, '2013-12-30 16:49:02'),
(953, 6, 8, 146.43, 30.00, 102.50, '2013-12-30 16:49:02'),
(954, 6, 9, 148.90, 30.00, 104.23, '2013-12-30 16:49:02'),
(955, 6, 10, 170.80, 30.00, 119.56, '2013-12-30 16:49:02'),
(956, 6, 11, 53.53, 30.00, 37.47, '2013-12-30 16:49:02'),
(957, 6, 12, 101.46, 30.00, 71.02, '2013-12-30 16:49:02'),
(958, 6, 13, 179.35, 30.00, 125.54, '2013-12-30 16:49:02'),
(959, 6, 15, 141.91, 30.00, 99.34, '2013-12-30 16:49:02'),
(960, 6, 16, 188.03, 30.00, 131.62, '2013-12-30 16:49:02'),
(961, 6, 17, 188.03, 30.00, 131.62, '2013-12-30 16:49:02'),
(962, 6, 18, 282.93, 30.00, 198.05, '2013-12-30 16:49:02'),
(963, 6, 19, 471.57, 30.00, 330.10, '2013-12-30 16:49:02'),
(964, 6, 20, 518.68, 30.00, 363.08, '2013-12-30 16:49:02'),
(965, 6, 21, 650.77, 30.00, 455.54, '2013-12-30 16:49:02'),
(966, 6, 22, 519.18, 30.00, 363.43, '2013-12-30 16:49:02'),
(967, 6, 23, 622.94, 30.00, 436.06, '2013-12-30 16:49:02'),
(968, 6, 24, 992.31, 20.00, 793.85, '2013-12-30 16:49:03'),
(969, 6, 25, 1110.44, 20.00, 888.35, '2013-12-30 16:49:03'),
(970, 6, 26, 30.57, 20.00, 24.46, '2013-12-30 16:49:03'),
(971, 6, 27, 38.16, 20.00, 30.53, '2013-12-30 16:49:03'),
(972, 6, 28, 43.24, 20.00, 34.59, '2013-12-30 16:49:03'),
(973, 6, 29, 45.79, 20.00, 36.63, '2013-12-30 16:49:03'),
(974, 6, 30, 63.54, 20.00, 50.83, '2013-12-30 16:49:03'),
(975, 6, 31, 76.27, 20.00, 61.02, '2013-12-30 16:49:03'),
(976, 6, 32, 91.57, 20.00, 73.26, '2013-12-30 16:49:03'),
(977, 6, 33, 37.03, 20.00, 29.62, '2013-12-30 16:49:03'),
(978, 6, 34, 46.15, 20.00, 36.92, '2013-12-30 16:49:03'),
(979, 6, 35, 55.60, 20.00, 44.48, '2013-12-30 16:49:03'),
(980, 6, 36, 65.06, 20.00, 52.05, '2013-12-30 16:49:03'),
(981, 6, 67, 78.57, 20.00, 62.86, '2013-12-30 16:49:03'),
(982, 6, 68, 98.18, 20.00, 78.54, '2013-12-30 16:49:03'),
(983, 6, 69, 117.87, 20.00, 94.30, '2013-12-30 16:49:03'),
(984, 6, 70, 351.71, 40.00, 211.03, '2013-12-30 16:49:03'),
(985, 6, 71, 439.65, 40.00, 263.79, '2013-12-30 16:49:03'),
(986, 6, 72, 527.60, 40.00, 316.56, '2013-12-30 16:49:03'),
(987, 6, 146, 144.65, 20.00, 115.72, '2013-12-30 16:49:03'),
(988, 6, 147, 210.10, 20.00, 168.08, '2013-12-30 16:49:03'),
(989, 6, 148, 324.30, 20.00, 259.44, '2013-12-30 16:49:03'),
(990, 6, 149, 144.65, 20.00, 115.72, '2013-12-30 16:49:03'),
(991, 6, 150, 324.30, 20.00, 259.44, '2013-12-30 16:49:03'),
(992, 6, 151, 144.65, 20.00, 115.72, '2013-12-30 16:49:04'),
(993, 6, 152, 332.55, 20.00, 266.04, '2013-12-30 16:49:04'),
(994, 6, 186, 44.88, 10.00, 40.39, '2013-12-30 16:49:04'),
(995, 6, 187, 41.91, 10.00, 37.72, '2013-12-30 16:49:04'),
(996, 6, 188, 44.00, 10.00, 39.60, '2013-12-30 16:49:04'),
(997, 6, 189, 44.00, 10.00, 39.60, '2013-12-30 16:49:04'),
(998, 6, 190, 44.00, 10.00, 39.60, '2013-12-30 16:49:04'),
(999, 6, 191, 42.00, 10.00, 37.80, '2013-12-30 16:49:04'),
(1000, 6, 192, 44.00, 10.00, 39.60, '2013-12-30 16:49:04'),
(1001, 6, 193, 44.00, 10.00, 39.60, '2013-12-30 16:49:04'),
(1002, 6, 194, 44.00, 10.00, 39.60, '2013-12-30 16:49:04'),
(1003, 6, 195, 46.20, 10.00, 41.58, '2013-12-30 16:49:04'),
(1004, 6, 196, 47.84, 10.00, 43.06, '2013-12-30 16:49:04'),
(1005, 6, 197, 50.94, 10.00, 45.85, '2013-12-30 16:49:04'),
(1006, 6, 198, 50.94, 10.00, 45.85, '2013-12-30 16:49:04'),
(1007, 6, 199, 50.94, 10.00, 45.85, '2013-12-30 16:49:04'),
(1008, 6, 200, 49.07, 10.00, 44.16, '2013-12-30 16:49:04'),
(1009, 6, 201, 49.07, 10.00, 44.16, '2013-12-30 16:49:04'),
(1010, 6, 202, 49.07, 10.00, 44.16, '2013-12-30 16:49:04'),
(1011, 6, 203, 49.07, 10.00, 44.16, '2013-12-30 16:49:04'),
(1012, 6, 204, 202.32, 10.00, 182.09, '2013-12-30 16:49:04'),
(1013, 6, 205, 202.32, 10.00, 182.09, '2013-12-30 16:49:04'),
(1014, 6, 206, 202.32, 10.00, 182.09, '2013-12-30 16:49:04'),
(1015, 6, 207, 202.32, 10.00, 182.09, '2013-12-30 16:49:04'),
(1016, 6, 208, 220.11, 10.00, 198.10, '2013-12-30 16:49:05'),
(1017, 6, 209, 220.11, 10.00, 198.10, '2013-12-30 16:49:05'),
(1018, 6, 210, 220.11, 10.00, 198.10, '2013-12-30 16:49:05'),
(1019, 6, 211, 220.11, 10.00, 198.10, '2013-12-30 16:49:05'),
(1020, 6, 212, 291.06, 10.00, 261.95, '2013-12-30 16:49:05'),
(1021, 6, 213, 291.06, 10.00, 261.95, '2013-12-30 16:49:05'),
(1022, 6, 214, 291.06, 10.00, 261.95, '2013-12-30 16:49:05'),
(1023, 6, 215, 291.06, 10.00, 261.95, '2013-12-30 16:49:05'),
(1024, 6, 216, 291.06, 10.00, 261.95, '2013-12-30 16:49:05'),
(1025, 6, 217, 291.06, 10.00, 261.95, '2013-12-30 16:49:05'),
(1026, 6, 218, 212.00, 10.00, 190.80, '2013-12-30 16:49:05'),
(1027, 6, 219, 212.00, 10.00, 190.80, '2013-12-30 16:49:05'),
(1028, 6, 220, 212.00, 10.00, 190.80, '2013-12-30 16:49:05'),
(1029, 6, 221, 212.00, 10.00, 190.80, '2013-12-30 16:49:05'),
(1030, 6, 222, 212.00, 10.00, 190.80, '2013-12-30 16:49:05'),
(1031, 6, 223, 212.00, 10.00, 190.80, '2013-12-30 16:49:05'),
(1032, 6, 224, 347.29, 10.00, 312.56, '2013-12-30 16:49:05'),
(1033, 6, 225, 202.59, 10.00, 182.33, '2013-12-30 16:49:05'),
(1034, 6, 226, 225.74, 10.00, 203.17, '2013-12-30 16:49:05'),
(1035, 6, 227, 225.74, 10.00, 203.17, '2013-12-30 16:49:05'),
(1036, 6, 228, 225.74, 10.00, 203.17, '2013-12-30 16:49:06'),
(1037, 6, 229, 200.11, 10.00, 180.10, '2013-12-30 16:49:06'),
(1038, 6, 230, 200.11, 10.00, 180.10, '2013-12-30 16:49:06'),
(1039, 6, 231, 200.11, 10.00, 180.10, '2013-12-30 16:49:06'),
(1040, 6, 232, 200.11, 10.00, 180.10, '2013-12-30 16:49:06'),
(1041, 6, 233, 20.00, 10.00, 18.00, '2013-12-30 16:49:06'),
(1042, 6, 234, 38.00, 10.00, 34.20, '2013-12-30 16:49:06'),
(1043, 6, 235, 31.61, 10.00, 28.45, '2013-12-30 16:49:06'),
(1044, 6, 236, 31.61, 10.00, 28.45, '2013-12-30 16:49:06'),
(1045, 6, 237, 31.61, 10.00, 28.45, '2013-12-30 16:49:06'),
(1046, 6, 238, 61.60, 10.00, 55.44, '2013-12-30 16:49:06'),
(1047, 6, 239, 150.00, 10.00, 135.00, '2013-12-30 16:49:06'),
(1048, 6, 240, 80.49, 10.00, 72.44, '2013-12-30 16:49:06'),
(1049, 6, 241, 80.49, 10.00, 72.44, '2013-12-30 16:49:06'),
(1050, 6, 242, 80.49, 10.00, 72.44, '2013-12-30 16:49:06'),
(1051, 6, 243, 80.49, 10.00, 72.44, '2013-12-30 16:49:06'),
(1052, 6, 244, 80.49, 10.00, 72.44, '2013-12-30 16:49:06'),
(1053, 6, 245, 80.49, 10.00, 72.44, '2013-12-30 16:49:06'),
(1054, 6, 246, 78.28, 10.00, 70.45, '2013-12-30 16:49:06'),
(1055, 6, 247, 78.28, 10.00, 70.45, '2013-12-30 16:49:06'),
(1056, 6, 248, 78.28, 10.00, 70.45, '2013-12-30 16:49:06'),
(1057, 6, 249, 178.50, 10.00, 160.65, '2013-12-30 16:49:07'),
(1058, 6, 250, 80.49, 10.00, 72.44, '2013-12-30 16:49:07'),
(1059, 6, 251, 80.49, 10.00, 72.44, '2013-12-30 16:49:07'),
(1060, 6, 252, 80.49, 10.00, 72.44, '2013-12-30 16:49:07'),
(1061, 6, 253, 80.49, 10.00, 72.44, '2013-12-30 16:49:07'),
(1062, 6, 254, 80.49, 10.00, 72.44, '2013-12-30 16:49:07'),
(1063, 6, 255, 80.49, 10.00, 72.44, '2013-12-30 16:49:07'),
(1064, 6, 256, 352.25, 10.00, 317.02, '2013-12-30 16:49:07'),
(1065, 6, 257, 315.00, 10.00, 283.50, '2013-12-30 16:49:07'),
(1066, 6, 258, 183.75, 10.00, 165.37, '2013-12-30 16:49:07'),
(1067, 6, 259, 183.75, 10.00, 165.37, '2013-12-30 16:49:07'),
(1068, 6, 260, 183.75, 10.00, 165.37, '2013-12-30 16:49:07'),
(1069, 6, 261, 183.75, 10.00, 165.37, '2013-12-30 16:49:07'),
(1070, 6, 262, 183.75, 10.00, 165.37, '2013-12-30 16:49:07'),
(1071, 6, 263, 183.75, 10.00, 165.37, '2013-12-30 16:49:07'),
(1072, 6, 264, 89.25, 10.00, 80.32, '2013-12-30 16:49:07'),
(1073, 6, 265, 173.25, 10.00, 155.92, '2013-12-30 16:49:07'),
(1074, 6, 266, 173.25, 10.00, 155.92, '2013-12-30 16:49:07'),
(1075, 6, 267, 173.25, 10.00, 155.92, '2013-12-30 16:49:07'),
(1076, 6, 268, 173.25, 10.00, 155.92, '2013-12-30 16:49:07'),
(1077, 6, 269, 154.00, 10.00, 138.60, '2013-12-30 16:49:07'),
(1078, 6, 270, 154.00, 10.00, 138.60, '2013-12-30 16:49:07'),
(1079, 6, 271, 154.00, 10.00, 138.60, '2013-12-30 16:49:07'),
(1080, 6, 272, 154.00, 10.00, 138.60, '2013-12-30 16:49:07'),
(1081, 6, 273, 154.00, 10.00, 138.60, '2013-12-30 16:49:08'),
(1082, 6, 274, 154.00, 10.00, 138.60, '2013-12-30 16:49:08'),
(1083, 6, 275, 154.00, 10.00, 138.60, '2013-12-30 16:49:08'),
(1084, 6, 276, 154.00, 10.00, 138.60, '2013-12-30 16:49:08'),
(1085, 6, 277, 87.15, 10.00, 78.43, '2013-12-30 16:49:08'),
(1086, 6, 278, 87.15, 10.00, 78.43, '2013-12-30 16:49:08'),
(1087, 6, 279, 87.15, 10.00, 78.43, '2013-12-30 16:49:08'),
(1088, 6, 280, 87.15, 10.00, 78.43, '2013-12-30 16:49:08'),
(1089, 6, 281, 87.15, 10.00, 78.43, '2013-12-30 16:49:08'),
(1090, 6, 282, 87.15, 10.00, 78.43, '2013-12-30 16:49:08'),
(1091, 6, 283, 87.15, 10.00, 78.43, '2013-12-30 16:49:08'),
(1092, 6, 284, 87.15, 10.00, 78.43, '2013-12-30 16:49:08'),
(1093, 6, 285, 73.85, 10.00, 66.46, '2013-12-30 16:49:08'),
(1094, 6, 286, 73.85, 10.00, 66.46, '2013-12-30 16:49:08'),
(1095, 6, 287, 73.85, 10.00, 66.46, '2013-12-30 16:49:08'),
(1096, 6, 288, 73.85, 10.00, 66.46, '2013-12-30 16:49:08'),
(1097, 6, 289, 310.00, 10.00, 279.00, '2013-12-30 16:49:08'),
(1098, 6, 290, 310.00, 10.00, 279.00, '2013-12-30 16:49:08'),
(1099, 6, 291, 310.00, 10.00, 279.00, '2013-12-30 16:49:08'),
(1100, 6, 292, 310.00, 10.00, 279.00, '2013-12-30 16:49:08'),
(1101, 6, 293, 310.00, 10.00, 279.00, '2013-12-30 16:49:08'),
(1102, 6, 294, 310.00, 10.00, 279.00, '2013-12-30 16:49:08'),
(1103, 6, 295, 310.00, 10.00, 279.00, '2013-12-30 16:49:09'),
(1104, 6, 296, 310.00, 10.00, 279.00, '2013-12-30 16:49:09'),
(1105, 6, 297, 89.25, 10.00, 80.32, '2013-12-30 16:49:09'),
(1106, 6, 298, 173.25, 10.00, 155.92, '2013-12-30 16:49:09'),
(1107, 6, 299, 173.25, 10.00, 155.92, '2013-12-30 16:49:09'),
(1108, 6, 300, 173.25, 10.00, 155.92, '2013-12-30 16:49:09'),
(1109, 6, 301, 173.25, 10.00, 155.92, '2013-12-30 16:49:09'),
(1110, 6, 441, 13.25, 20.00, 10.60, '2013-12-30 16:49:09'),
(1111, 6, 442, 22.75, 20.00, 18.20, '2013-12-30 16:49:09'),
(1112, 6, 443, 39.25, 20.00, 31.40, '2013-12-30 16:49:09'),
(1113, 6, 444, 65.25, 20.00, 52.20, '2013-12-30 16:49:09'),
(1114, 6, 445, 75.69, 20.00, 60.55, '2013-12-30 16:49:09'),
(1115, 6, 446, 14.95, 20.00, 11.96, '2013-12-30 16:49:09'),
(1116, 6, 447, 15.50, 20.00, 12.40, '2013-12-30 16:49:09'),
(1117, 6, 448, 28.81, 20.00, 23.05, '2013-12-30 16:49:09'),
(1118, 6, 449, 49.94, 20.00, 39.95, '2013-12-30 16:49:09'),
(1119, 6, 450, 106.18, 20.00, 84.94, '2013-12-30 16:49:09'),
(1120, 6, 451, 79.95, 20.00, 63.96, '2013-12-30 16:49:09'),
(1121, 6, 452, 79.95, 20.00, 63.96, '2013-12-30 16:49:09'),
(1122, 6, 453, 119.95, 20.00, 95.96, '2013-12-30 16:49:09'),
(1123, 6, 463, 13.09, 40.00, 7.85, '2013-12-30 16:49:09'),
(1124, 6, 464, 18.16, 40.00, 10.90, '2013-12-30 16:49:09'),
(1125, 6, 465, 23.11, 40.00, 13.87, '2013-12-30 16:49:09'),
(1126, 6, 466, 28.98, 40.00, 17.39, '2013-12-30 16:49:09'),
(1127, 6, 467, 13.09, 40.00, 7.85, '2013-12-30 16:49:10'),
(1128, 6, 468, 18.16, 40.00, 10.90, '2013-12-30 16:49:10'),
(1129, 6, 469, 23.11, 40.00, 13.87, '2013-12-30 16:49:10'),
(1130, 6, 470, 28.98, 40.00, 17.39, '2013-12-30 16:49:10'),
(1131, 6, 471, 13.09, 40.00, 7.85, '2013-12-30 16:49:10'),
(1132, 6, 472, 18.16, 40.00, 10.90, '2013-12-30 16:49:10'),
(1133, 6, 473, 23.11, 40.00, 13.87, '2013-12-30 16:49:10'),
(1134, 6, 474, 28.98, 40.00, 17.39, '2013-12-30 16:49:10'),
(1135, 7, 1, 79.81, 20.00, 63.85, '2013-12-30 16:49:57'),
(1136, 7, 2, 141.06, 20.00, 112.85, '2013-12-30 16:49:57'),
(1137, 7, 3, 278.11, 20.00, 222.49, '2013-12-30 16:49:57'),
(1138, 7, 4, 401.08, 20.00, 320.86, '2013-12-30 16:49:57'),
(1139, 7, 5, 74.72, 30.00, 52.30, '2013-12-30 16:49:57'),
(1140, 7, 6, 87.91, 30.00, 61.54, '2013-12-30 16:49:57'),
(1141, 7, 7, 113.93, 30.00, 79.75, '2013-12-30 16:49:57'),
(1142, 7, 8, 146.43, 30.00, 102.50, '2013-12-30 16:49:57'),
(1143, 7, 9, 148.90, 30.00, 104.23, '2013-12-30 16:49:57'),
(1144, 7, 10, 170.80, 30.00, 119.56, '2013-12-30 16:49:57'),
(1145, 7, 11, 53.53, 30.00, 37.47, '2013-12-30 16:49:57'),
(1146, 7, 12, 101.46, 30.00, 71.02, '2013-12-30 16:49:57'),
(1147, 7, 13, 179.35, 30.00, 125.54, '2013-12-30 16:49:57'),
(1148, 7, 15, 141.91, 30.00, 99.34, '2013-12-30 16:49:57'),
(1149, 7, 16, 188.03, 30.00, 131.62, '2013-12-30 16:49:57'),
(1150, 7, 17, 188.03, 30.00, 131.62, '2013-12-30 16:49:57'),
(1151, 7, 18, 282.93, 30.00, 198.05, '2013-12-30 16:49:57'),
(1152, 7, 19, 471.57, 30.00, 330.10, '2013-12-30 16:49:57'),
(1153, 7, 20, 518.68, 30.00, 363.08, '2013-12-30 16:49:57'),
(1154, 7, 21, 650.77, 30.00, 455.54, '2013-12-30 16:49:57'),
(1155, 7, 22, 519.18, 30.00, 363.43, '2013-12-30 16:49:57'),
(1156, 7, 23, 622.94, 30.00, 436.06, '2013-12-30 16:49:58'),
(1157, 7, 24, 992.31, 20.00, 793.85, '2013-12-30 16:49:58'),
(1158, 7, 25, 1110.44, 20.00, 888.35, '2013-12-30 16:49:58'),
(1159, 7, 26, 30.57, 20.00, 24.46, '2013-12-30 16:49:58'),
(1160, 7, 27, 38.16, 20.00, 30.53, '2013-12-30 16:49:58'),
(1161, 7, 28, 43.24, 20.00, 34.59, '2013-12-30 16:49:58'),
(1162, 7, 29, 45.79, 20.00, 36.63, '2013-12-30 16:49:58'),
(1163, 7, 30, 63.54, 20.00, 50.83, '2013-12-30 16:49:58'),
(1164, 7, 31, 76.27, 20.00, 61.02, '2013-12-30 16:49:58'),
(1165, 7, 32, 91.57, 20.00, 73.26, '2013-12-30 16:49:58'),
(1166, 7, 33, 37.03, 20.00, 29.62, '2013-12-30 16:49:58'),
(1167, 7, 34, 46.15, 20.00, 36.92, '2013-12-30 16:49:58'),
(1168, 7, 35, 55.60, 20.00, 44.48, '2013-12-30 16:49:58'),
(1169, 7, 36, 65.06, 20.00, 52.05, '2013-12-30 16:49:58'),
(1170, 7, 67, 78.57, 20.00, 62.86, '2013-12-30 16:49:58'),
(1171, 7, 68, 98.18, 20.00, 78.54, '2013-12-30 16:49:58'),
(1172, 7, 69, 117.87, 20.00, 94.30, '2013-12-30 16:49:58'),
(1173, 7, 70, 351.71, 40.00, 211.03, '2013-12-30 16:49:58'),
(1174, 7, 71, 439.65, 40.00, 263.79, '2013-12-30 16:49:58'),
(1175, 7, 72, 527.60, 40.00, 316.56, '2013-12-30 16:49:58'),
(1176, 7, 146, 144.65, 20.00, 115.72, '2013-12-30 16:49:58'),
(1177, 7, 147, 210.10, 20.00, 168.08, '2013-12-30 16:49:58'),
(1178, 7, 148, 324.30, 20.00, 259.44, '2013-12-30 16:49:58'),
(1179, 7, 149, 144.65, 20.00, 115.72, '2013-12-30 16:49:59'),
(1180, 7, 150, 324.30, 20.00, 259.44, '2013-12-30 16:49:59'),
(1181, 7, 151, 144.65, 20.00, 115.72, '2013-12-30 16:49:59'),
(1182, 7, 152, 332.55, 20.00, 266.04, '2013-12-30 16:49:59'),
(1183, 7, 186, 44.88, 10.00, 40.39, '2013-12-30 16:49:59'),
(1184, 7, 187, 41.91, 10.00, 37.72, '2013-12-30 16:49:59'),
(1185, 7, 188, 44.00, 10.00, 39.60, '2013-12-30 16:49:59'),
(1186, 7, 189, 44.00, 10.00, 39.60, '2013-12-30 16:49:59'),
(1187, 7, 190, 44.00, 10.00, 39.60, '2013-12-30 16:49:59'),
(1188, 7, 191, 42.00, 10.00, 37.80, '2013-12-30 16:49:59'),
(1189, 7, 192, 44.00, 10.00, 39.60, '2013-12-30 16:49:59'),
(1190, 7, 193, 44.00, 10.00, 39.60, '2013-12-30 16:49:59'),
(1191, 7, 194, 44.00, 10.00, 39.60, '2013-12-30 16:49:59'),
(1192, 7, 195, 46.20, 10.00, 41.58, '2013-12-30 16:49:59'),
(1193, 7, 196, 47.84, 10.00, 43.06, '2013-12-30 16:49:59'),
(1194, 7, 197, 50.94, 10.00, 45.85, '2013-12-30 16:49:59'),
(1195, 7, 198, 50.94, 10.00, 45.85, '2013-12-30 16:49:59'),
(1196, 7, 199, 50.94, 10.00, 45.85, '2013-12-30 16:49:59'),
(1197, 7, 200, 49.07, 10.00, 44.16, '2013-12-30 16:49:59'),
(1198, 7, 201, 49.07, 10.00, 44.16, '2013-12-30 16:49:59'),
(1199, 7, 202, 49.07, 10.00, 44.16, '2013-12-30 16:49:59'),
(1200, 7, 203, 49.07, 10.00, 44.16, '2013-12-30 16:49:59'),
(1201, 7, 204, 202.32, 10.00, 182.09, '2013-12-30 16:49:59'),
(1202, 7, 205, 202.32, 10.00, 182.09, '2013-12-30 16:50:00'),
(1203, 7, 206, 202.32, 10.00, 182.09, '2013-12-30 16:50:00'),
(1204, 7, 207, 202.32, 10.00, 182.09, '2013-12-30 16:50:00'),
(1205, 7, 208, 220.11, 10.00, 198.10, '2013-12-30 16:50:00'),
(1206, 7, 209, 220.11, 10.00, 198.10, '2013-12-30 16:50:00'),
(1207, 7, 210, 220.11, 10.00, 198.10, '2013-12-30 16:50:00'),
(1208, 7, 211, 220.11, 10.00, 198.10, '2013-12-30 16:50:00'),
(1209, 7, 212, 291.06, 10.00, 261.95, '2013-12-30 16:50:00'),
(1210, 7, 213, 291.06, 10.00, 261.95, '2013-12-30 16:50:00'),
(1211, 7, 214, 291.06, 10.00, 261.95, '2013-12-30 16:50:00'),
(1212, 7, 215, 291.06, 10.00, 261.95, '2013-12-30 16:50:00'),
(1213, 7, 216, 291.06, 10.00, 261.95, '2013-12-30 16:50:00'),
(1214, 7, 217, 291.06, 10.00, 261.95, '2013-12-30 16:50:00'),
(1215, 7, 218, 212.00, 10.00, 190.80, '2013-12-30 16:50:00'),
(1216, 7, 219, 212.00, 10.00, 190.80, '2013-12-30 16:50:00'),
(1217, 7, 220, 212.00, 10.00, 190.80, '2013-12-30 16:50:01'),
(1218, 7, 221, 212.00, 10.00, 190.80, '2013-12-30 16:50:01'),
(1219, 7, 222, 212.00, 10.00, 190.80, '2013-12-30 16:50:01'),
(1220, 7, 223, 212.00, 10.00, 190.80, '2013-12-30 16:50:01'),
(1221, 7, 224, 347.29, 10.00, 312.56, '2013-12-30 16:50:01'),
(1222, 7, 225, 202.59, 10.00, 182.33, '2013-12-30 16:50:01'),
(1223, 7, 226, 225.74, 10.00, 203.17, '2013-12-30 16:50:01'),
(1224, 7, 227, 225.74, 10.00, 203.17, '2013-12-30 16:50:01'),
(1225, 7, 228, 225.74, 10.00, 203.17, '2013-12-30 16:50:01'),
(1226, 7, 229, 200.11, 10.00, 180.10, '2013-12-30 16:50:01'),
(1227, 7, 230, 200.11, 10.00, 180.10, '2013-12-30 16:50:01'),
(1228, 7, 231, 200.11, 10.00, 180.10, '2013-12-30 16:50:01'),
(1229, 7, 232, 200.11, 10.00, 180.10, '2013-12-30 16:50:01'),
(1230, 7, 233, 20.00, 10.00, 18.00, '2013-12-30 16:50:01'),
(1231, 7, 234, 38.00, 10.00, 34.20, '2013-12-30 16:50:01'),
(1232, 7, 235, 31.61, 10.00, 28.45, '2013-12-30 16:50:01'),
(1233, 7, 236, 31.61, 10.00, 28.45, '2013-12-30 16:50:01'),
(1234, 7, 237, 31.61, 10.00, 28.45, '2013-12-30 16:50:01'),
(1235, 7, 238, 61.60, 10.00, 55.44, '2013-12-30 16:50:01'),
(1236, 7, 239, 150.00, 10.00, 135.00, '2013-12-30 16:50:01'),
(1237, 7, 240, 80.49, 10.00, 72.44, '2013-12-30 16:50:01'),
(1238, 7, 241, 80.49, 10.00, 72.44, '2013-12-30 16:50:01'),
(1239, 7, 242, 80.49, 10.00, 72.44, '2013-12-30 16:50:01'),
(1240, 7, 243, 80.49, 10.00, 72.44, '2013-12-30 16:50:01'),
(1241, 7, 244, 80.49, 10.00, 72.44, '2013-12-30 16:50:02'),
(1242, 7, 245, 80.49, 10.00, 72.44, '2013-12-30 16:50:02'),
(1243, 7, 246, 78.28, 10.00, 70.45, '2013-12-30 16:50:02'),
(1244, 7, 247, 78.28, 10.00, 70.45, '2013-12-30 16:50:02'),
(1245, 7, 248, 78.28, 10.00, 70.45, '2013-12-30 16:50:02'),
(1246, 7, 249, 178.50, 10.00, 160.65, '2013-12-30 16:50:02'),
(1247, 7, 250, 80.49, 10.00, 72.44, '2013-12-30 16:50:02'),
(1248, 7, 251, 80.49, 10.00, 72.44, '2013-12-30 16:50:02'),
(1249, 7, 252, 80.49, 10.00, 72.44, '2013-12-30 16:50:02'),
(1250, 7, 253, 80.49, 10.00, 72.44, '2013-12-30 16:50:02'),
(1251, 7, 254, 80.49, 10.00, 72.44, '2013-12-30 16:50:02'),
(1252, 7, 255, 80.49, 10.00, 72.44, '2013-12-30 16:50:02'),
(1253, 7, 256, 352.25, 10.00, 317.02, '2013-12-30 16:50:02'),
(1254, 7, 257, 315.00, 10.00, 283.50, '2013-12-30 16:50:02'),
(1255, 7, 258, 183.75, 10.00, 165.37, '2013-12-30 16:50:02'),
(1256, 7, 259, 183.75, 10.00, 165.37, '2013-12-30 16:50:02'),
(1257, 7, 260, 183.75, 10.00, 165.37, '2013-12-30 16:50:02'),
(1258, 7, 261, 183.75, 10.00, 165.37, '2013-12-30 16:50:02'),
(1259, 7, 262, 183.75, 10.00, 165.37, '2013-12-30 16:50:02'),
(1260, 7, 263, 183.75, 10.00, 165.37, '2013-12-30 16:50:02'),
(1261, 7, 264, 89.25, 10.00, 80.32, '2013-12-30 16:50:02'),
(1262, 7, 265, 173.25, 10.00, 155.92, '2013-12-30 16:50:02'),
(1263, 7, 266, 173.25, 10.00, 155.92, '2013-12-30 16:50:02'),
(1264, 7, 267, 173.25, 10.00, 155.92, '2013-12-30 16:50:03'),
(1265, 7, 268, 173.25, 10.00, 155.92, '2013-12-30 16:50:03'),
(1266, 7, 269, 154.00, 10.00, 138.60, '2013-12-30 16:50:03'),
(1267, 7, 270, 154.00, 10.00, 138.60, '2013-12-30 16:50:03'),
(1268, 7, 271, 154.00, 10.00, 138.60, '2013-12-30 16:50:03'),
(1269, 7, 272, 154.00, 10.00, 138.60, '2013-12-30 16:50:03'),
(1270, 7, 273, 154.00, 10.00, 138.60, '2013-12-30 16:50:03'),
(1271, 7, 274, 154.00, 10.00, 138.60, '2013-12-30 16:50:03'),
(1272, 7, 275, 154.00, 10.00, 138.60, '2013-12-30 16:50:03'),
(1273, 7, 276, 154.00, 10.00, 138.60, '2013-12-30 16:50:03'),
(1274, 7, 277, 87.15, 10.00, 78.43, '2013-12-30 16:50:03'),
(1275, 7, 278, 87.15, 10.00, 78.43, '2013-12-30 16:50:03'),
(1276, 7, 279, 87.15, 10.00, 78.43, '2013-12-30 16:50:03'),
(1277, 7, 280, 87.15, 10.00, 78.43, '2013-12-30 16:50:03'),
(1278, 7, 281, 87.15, 10.00, 78.43, '2013-12-30 16:50:03'),
(1279, 7, 282, 87.15, 10.00, 78.43, '2013-12-30 16:50:03'),
(1280, 7, 283, 87.15, 10.00, 78.43, '2013-12-30 16:50:03'),
(1281, 7, 284, 87.15, 10.00, 78.43, '2013-12-30 16:50:03'),
(1282, 7, 285, 73.85, 10.00, 66.46, '2013-12-30 16:50:03'),
(1283, 7, 286, 73.85, 10.00, 66.46, '2013-12-30 16:50:03'),
(1284, 7, 287, 73.85, 10.00, 66.46, '2013-12-30 16:50:03'),
(1285, 7, 288, 73.85, 10.00, 66.46, '2013-12-30 16:50:03'),
(1286, 7, 289, 310.00, 10.00, 279.00, '2013-12-30 16:50:03'),
(1287, 7, 290, 310.00, 10.00, 279.00, '2013-12-30 16:50:03'),
(1288, 7, 291, 310.00, 10.00, 279.00, '2013-12-30 16:50:04'),
(1289, 7, 292, 310.00, 10.00, 279.00, '2013-12-30 16:50:04'),
(1290, 7, 293, 310.00, 10.00, 279.00, '2013-12-30 16:50:04'),
(1291, 7, 294, 310.00, 10.00, 279.00, '2013-12-30 16:50:04'),
(1292, 7, 295, 310.00, 10.00, 279.00, '2013-12-30 16:50:04'),
(1293, 7, 296, 310.00, 10.00, 279.00, '2013-12-30 16:50:04'),
(1294, 7, 297, 89.25, 10.00, 80.32, '2013-12-30 16:50:04'),
(1295, 7, 298, 173.25, 10.00, 155.92, '2013-12-30 16:50:04'),
(1296, 7, 299, 173.25, 10.00, 155.92, '2013-12-30 16:50:04'),
(1297, 7, 300, 173.25, 10.00, 155.92, '2013-12-30 16:50:04'),
(1298, 7, 301, 173.25, 10.00, 155.92, '2013-12-30 16:50:04'),
(1299, 7, 441, 13.25, 20.00, 10.60, '2013-12-30 16:50:04'),
(1300, 7, 442, 22.75, 20.00, 18.20, '2013-12-30 16:50:04'),
(1301, 7, 443, 39.25, 20.00, 31.40, '2013-12-30 16:50:04'),
(1302, 7, 444, 65.25, 20.00, 52.20, '2013-12-30 16:50:04'),
(1303, 7, 445, 75.69, 20.00, 60.55, '2013-12-30 16:50:04'),
(1304, 7, 446, 14.95, 20.00, 11.96, '2013-12-30 16:50:04'),
(1305, 7, 447, 15.50, 20.00, 12.40, '2013-12-30 16:50:04'),
(1306, 7, 448, 28.81, 20.00, 23.05, '2013-12-30 16:50:04'),
(1307, 7, 449, 49.94, 20.00, 39.95, '2013-12-30 16:50:04'),
(1308, 7, 450, 106.18, 20.00, 84.94, '2013-12-30 16:50:04'),
(1309, 7, 451, 79.95, 20.00, 63.96, '2013-12-30 16:50:04'),
(1310, 7, 452, 79.95, 20.00, 63.96, '2013-12-30 16:50:05'),
(1311, 7, 453, 119.95, 20.00, 95.96, '2013-12-30 16:50:05'),
(1312, 7, 463, 13.09, 40.00, 7.85, '2013-12-30 16:50:05'),
(1313, 7, 464, 18.16, 40.00, 10.90, '2013-12-30 16:50:05'),
(1314, 7, 465, 23.11, 40.00, 13.87, '2013-12-30 16:50:05'),
(1315, 7, 466, 28.98, 40.00, 17.39, '2013-12-30 16:50:05'),
(1316, 7, 467, 13.09, 40.00, 7.85, '2013-12-30 16:50:05'),
(1317, 7, 468, 18.16, 40.00, 10.90, '2013-12-30 16:50:05'),
(1318, 7, 469, 23.11, 40.00, 13.87, '2013-12-30 16:50:05'),
(1319, 7, 470, 28.98, 40.00, 17.39, '2013-12-30 16:50:05'),
(1320, 7, 471, 13.09, 40.00, 7.85, '2013-12-30 16:50:05'),
(1321, 7, 472, 18.16, 40.00, 10.90, '2013-12-30 16:50:05'),
(1322, 7, 473, 23.11, 40.00, 13.87, '2013-12-30 16:50:05'),
(1323, 7, 474, 28.98, 40.00, 17.39, '2013-12-30 16:50:05'),
(1324, 8, 1, 79.81, 20.00, 63.85, '2013-12-30 16:50:24'),
(1325, 8, 2, 141.06, 20.00, 112.85, '2013-12-30 16:50:24'),
(1326, 8, 3, 278.11, 20.00, 222.49, '2013-12-30 16:50:24'),
(1327, 8, 4, 401.08, 20.00, 320.86, '2013-12-30 16:50:24'),
(1328, 8, 5, 74.72, 30.00, 52.30, '2013-12-30 16:50:24'),
(1329, 8, 6, 87.91, 30.00, 61.54, '2013-12-30 16:50:24'),
(1330, 8, 7, 113.93, 30.00, 79.75, '2013-12-30 16:50:24'),
(1331, 8, 8, 146.43, 30.00, 102.50, '2013-12-30 16:50:24'),
(1332, 8, 9, 148.90, 30.00, 104.23, '2013-12-30 16:50:24'),
(1333, 8, 10, 170.80, 30.00, 119.56, '2013-12-30 16:50:24'),
(1334, 8, 11, 53.53, 30.00, 37.47, '2013-12-30 16:50:24'),
(1335, 8, 12, 101.46, 30.00, 71.02, '2013-12-30 16:50:24'),
(1336, 8, 13, 179.35, 30.00, 125.54, '2013-12-30 16:50:24'),
(1337, 8, 15, 141.91, 30.00, 99.34, '2013-12-30 16:50:24'),
(1338, 8, 16, 188.03, 30.00, 131.62, '2013-12-30 16:50:24'),
(1339, 8, 17, 188.03, 30.00, 131.62, '2013-12-30 16:50:24'),
(1340, 8, 18, 282.93, 30.00, 198.05, '2013-12-30 16:50:24'),
(1341, 8, 19, 471.57, 30.00, 330.10, '2013-12-30 16:50:24'),
(1342, 8, 20, 518.68, 30.00, 363.08, '2013-12-30 16:50:24'),
(1343, 8, 21, 650.77, 30.00, 455.54, '2013-12-30 16:50:24'),
(1344, 8, 22, 519.18, 30.00, 363.43, '2013-12-30 16:50:24'),
(1345, 8, 23, 622.94, 30.00, 436.06, '2013-12-30 16:50:25'),
(1346, 8, 24, 992.31, 20.00, 793.85, '2013-12-30 16:50:25'),
(1347, 8, 25, 1110.44, 20.00, 888.35, '2013-12-30 16:50:25'),
(1348, 8, 26, 30.57, 20.00, 24.46, '2013-12-30 16:50:25'),
(1349, 8, 27, 38.16, 20.00, 30.53, '2013-12-30 16:50:25'),
(1350, 8, 28, 43.24, 20.00, 34.59, '2013-12-30 16:50:25'),
(1351, 8, 29, 45.79, 20.00, 36.63, '2013-12-30 16:50:25'),
(1352, 8, 30, 63.54, 20.00, 50.83, '2013-12-30 16:50:25'),
(1353, 8, 31, 76.27, 20.00, 61.02, '2013-12-30 16:50:25'),
(1354, 8, 32, 91.57, 20.00, 73.26, '2013-12-30 16:50:25'),
(1355, 8, 33, 37.03, 20.00, 29.62, '2013-12-30 16:50:25'),
(1356, 8, 34, 46.15, 20.00, 36.92, '2013-12-30 16:50:25'),
(1357, 8, 35, 55.60, 20.00, 44.48, '2013-12-30 16:50:25'),
(1358, 8, 36, 65.06, 20.00, 52.05, '2013-12-30 16:50:25'),
(1359, 8, 67, 78.57, 20.00, 62.86, '2013-12-30 16:50:25'),
(1360, 8, 68, 98.18, 20.00, 78.54, '2013-12-30 16:50:25'),
(1361, 8, 69, 117.87, 20.00, 94.30, '2013-12-30 16:50:25'),
(1362, 8, 70, 351.71, 40.00, 211.03, '2013-12-30 16:50:25'),
(1363, 8, 71, 439.65, 40.00, 263.79, '2013-12-30 16:50:25'),
(1364, 8, 72, 527.60, 40.00, 316.56, '2013-12-30 16:50:25'),
(1365, 8, 146, 144.65, 20.00, 115.72, '2013-12-30 16:50:25'),
(1366, 8, 147, 210.10, 20.00, 168.08, '2013-12-30 16:50:25'),
(1367, 8, 148, 324.30, 20.00, 259.44, '2013-12-30 16:50:25'),
(1368, 8, 149, 144.65, 20.00, 115.72, '2013-12-30 16:50:25'),
(1369, 8, 150, 324.30, 20.00, 259.44, '2013-12-30 16:50:26'),
(1370, 8, 151, 144.65, 20.00, 115.72, '2013-12-30 16:50:26'),
(1371, 8, 152, 332.55, 20.00, 266.04, '2013-12-30 16:50:26'),
(1372, 8, 186, 44.88, 10.00, 40.39, '2013-12-30 16:50:26'),
(1373, 8, 187, 41.91, 10.00, 37.72, '2013-12-30 16:50:26'),
(1374, 8, 188, 44.00, 10.00, 39.60, '2013-12-30 16:50:26'),
(1375, 8, 189, 44.00, 10.00, 39.60, '2013-12-30 16:50:26'),
(1376, 8, 190, 44.00, 10.00, 39.60, '2013-12-30 16:50:26'),
(1377, 8, 191, 42.00, 10.00, 37.80, '2013-12-30 16:50:26'),
(1378, 8, 192, 44.00, 10.00, 39.60, '2013-12-30 16:50:26'),
(1379, 8, 193, 44.00, 10.00, 39.60, '2013-12-30 16:50:26'),
(1380, 8, 194, 44.00, 10.00, 39.60, '2013-12-30 16:50:26'),
(1381, 8, 195, 46.20, 10.00, 41.58, '2013-12-30 16:50:26'),
(1382, 8, 196, 47.84, 10.00, 43.06, '2013-12-30 16:50:26'),
(1383, 8, 197, 50.94, 10.00, 45.85, '2013-12-30 16:50:26'),
(1384, 8, 198, 50.94, 10.00, 45.85, '2013-12-30 16:50:26'),
(1385, 8, 199, 50.94, 10.00, 45.85, '2013-12-30 16:50:26'),
(1386, 8, 200, 49.07, 10.00, 44.16, '2013-12-30 16:50:26'),
(1387, 8, 201, 49.07, 10.00, 44.16, '2013-12-30 16:50:26'),
(1388, 8, 202, 49.07, 10.00, 44.16, '2013-12-30 16:50:26'),
(1389, 8, 203, 49.07, 10.00, 44.16, '2013-12-30 16:50:26'),
(1390, 8, 204, 202.32, 10.00, 182.09, '2013-12-30 16:50:27'),
(1391, 8, 205, 202.32, 10.00, 182.09, '2013-12-30 16:50:27'),
(1392, 8, 206, 202.32, 10.00, 182.09, '2013-12-30 16:50:27'),
(1393, 8, 207, 202.32, 10.00, 182.09, '2013-12-30 16:50:27'),
(1394, 8, 208, 220.11, 10.00, 198.10, '2013-12-30 16:50:27'),
(1395, 8, 209, 220.11, 10.00, 198.10, '2013-12-30 16:50:27'),
(1396, 8, 210, 220.11, 10.00, 198.10, '2013-12-30 16:50:27'),
(1397, 8, 211, 220.11, 10.00, 198.10, '2013-12-30 16:50:27'),
(1398, 8, 212, 291.06, 10.00, 261.95, '2013-12-30 16:50:27'),
(1399, 8, 213, 291.06, 10.00, 261.95, '2013-12-30 16:50:27'),
(1400, 8, 214, 291.06, 10.00, 261.95, '2013-12-30 16:50:27'),
(1401, 8, 215, 291.06, 10.00, 261.95, '2013-12-30 16:50:27'),
(1402, 8, 216, 291.06, 10.00, 261.95, '2013-12-30 16:50:27'),
(1403, 8, 217, 291.06, 10.00, 261.95, '2013-12-30 16:50:27'),
(1404, 8, 218, 212.00, 10.00, 190.80, '2013-12-30 16:50:27'),
(1405, 8, 219, 212.00, 10.00, 190.80, '2013-12-30 16:50:27'),
(1406, 8, 220, 212.00, 10.00, 190.80, '2013-12-30 16:50:27'),
(1407, 8, 221, 212.00, 10.00, 190.80, '2013-12-30 16:50:27'),
(1408, 8, 222, 212.00, 10.00, 190.80, '2013-12-30 16:50:27'),
(1409, 8, 223, 212.00, 10.00, 190.80, '2013-12-30 16:50:27'),
(1410, 8, 224, 347.29, 10.00, 312.56, '2013-12-30 16:50:27'),
(1411, 8, 225, 202.59, 10.00, 182.33, '2013-12-30 16:50:27'),
(1412, 8, 226, 225.74, 10.00, 203.17, '2013-12-30 16:50:27'),
(1413, 8, 227, 225.74, 10.00, 203.17, '2013-12-30 16:50:27'),
(1414, 8, 228, 225.74, 10.00, 203.17, '2013-12-30 16:50:28'),
(1415, 8, 229, 200.11, 10.00, 180.10, '2013-12-30 16:50:28'),
(1416, 8, 230, 200.11, 10.00, 180.10, '2013-12-30 16:50:28'),
(1417, 8, 231, 200.11, 10.00, 180.10, '2013-12-30 16:50:28'),
(1418, 8, 232, 200.11, 10.00, 180.10, '2013-12-30 16:50:28'),
(1419, 8, 233, 20.00, 10.00, 18.00, '2013-12-30 16:50:28'),
(1420, 8, 234, 38.00, 10.00, 34.20, '2013-12-30 16:50:28'),
(1421, 8, 235, 31.61, 10.00, 28.45, '2013-12-30 16:50:28'),
(1422, 8, 236, 31.61, 10.00, 28.45, '2013-12-30 16:50:28'),
(1423, 8, 237, 31.61, 10.00, 28.45, '2013-12-30 16:50:28'),
(1424, 8, 238, 61.60, 10.00, 55.44, '2013-12-30 16:50:28'),
(1425, 8, 239, 150.00, 10.00, 135.00, '2013-12-30 16:50:28'),
(1426, 8, 240, 80.49, 10.00, 72.44, '2013-12-30 16:50:28'),
(1427, 8, 241, 80.49, 10.00, 72.44, '2013-12-30 16:50:28'),
(1428, 8, 242, 80.49, 10.00, 72.44, '2013-12-30 16:50:28'),
(1429, 8, 243, 80.49, 10.00, 72.44, '2013-12-30 16:50:28'),
(1430, 8, 244, 80.49, 10.00, 72.44, '2013-12-30 16:50:28'),
(1431, 8, 245, 80.49, 10.00, 72.44, '2013-12-30 16:50:28'),
(1432, 8, 246, 78.28, 10.00, 70.45, '2013-12-30 16:50:28'),
(1433, 8, 247, 78.28, 10.00, 70.45, '2013-12-30 16:50:28'),
(1434, 8, 248, 78.28, 10.00, 70.45, '2013-12-30 16:50:28'),
(1435, 8, 249, 178.50, 10.00, 160.65, '2013-12-30 16:50:28'),
(1436, 8, 250, 80.49, 10.00, 72.44, '2013-12-30 16:50:29'),
(1437, 8, 251, 80.49, 10.00, 72.44, '2013-12-30 16:50:29'),
(1438, 8, 252, 80.49, 10.00, 72.44, '2013-12-30 16:50:29'),
(1439, 8, 253, 80.49, 10.00, 72.44, '2013-12-30 16:50:29'),
(1440, 8, 254, 80.49, 10.00, 72.44, '2013-12-30 16:50:29'),
(1441, 8, 255, 80.49, 10.00, 72.44, '2013-12-30 16:50:29'),
(1442, 8, 256, 352.25, 10.00, 317.02, '2013-12-30 16:50:29'),
(1443, 8, 257, 315.00, 10.00, 283.50, '2013-12-30 16:50:29'),
(1444, 8, 258, 183.75, 10.00, 165.37, '2013-12-30 16:50:29'),
(1445, 8, 259, 183.75, 10.00, 165.37, '2013-12-30 16:50:29'),
(1446, 8, 260, 183.75, 10.00, 165.37, '2013-12-30 16:50:29'),
(1447, 8, 261, 183.75, 10.00, 165.37, '2013-12-30 16:50:29'),
(1448, 8, 262, 183.75, 10.00, 165.37, '2013-12-30 16:50:29'),
(1449, 8, 263, 183.75, 10.00, 165.37, '2013-12-30 16:50:29'),
(1450, 8, 264, 89.25, 10.00, 80.32, '2013-12-30 16:50:29'),
(1451, 8, 265, 173.25, 10.00, 155.92, '2013-12-30 16:50:29'),
(1452, 8, 266, 173.25, 10.00, 155.92, '2013-12-30 16:50:29'),
(1453, 8, 267, 173.25, 10.00, 155.92, '2013-12-30 16:50:29'),
(1454, 8, 268, 173.25, 10.00, 155.92, '2013-12-30 16:50:29'),
(1455, 8, 269, 154.00, 10.00, 138.60, '2013-12-30 16:50:29'),
(1456, 8, 270, 154.00, 10.00, 138.60, '2013-12-30 16:50:29'),
(1457, 8, 271, 154.00, 10.00, 138.60, '2013-12-30 16:50:29'),
(1458, 8, 272, 154.00, 10.00, 138.60, '2013-12-30 16:50:29'),
(1459, 8, 273, 154.00, 10.00, 138.60, '2013-12-30 16:50:29'),
(1460, 8, 274, 154.00, 10.00, 138.60, '2013-12-30 16:50:30'),
(1461, 8, 275, 154.00, 10.00, 138.60, '2013-12-30 16:50:30'),
(1462, 8, 276, 154.00, 10.00, 138.60, '2013-12-30 16:50:30'),
(1463, 8, 277, 87.15, 10.00, 78.43, '2013-12-30 16:50:30'),
(1464, 8, 278, 87.15, 10.00, 78.43, '2013-12-30 16:50:30'),
(1465, 8, 279, 87.15, 10.00, 78.43, '2013-12-30 16:50:30'),
(1466, 8, 280, 87.15, 10.00, 78.43, '2013-12-30 16:50:30'),
(1467, 8, 281, 87.15, 10.00, 78.43, '2013-12-30 16:50:30'),
(1468, 8, 282, 87.15, 10.00, 78.43, '2013-12-30 16:50:30'),
(1469, 8, 283, 87.15, 10.00, 78.43, '2013-12-30 16:50:30'),
(1470, 8, 284, 87.15, 10.00, 78.43, '2013-12-30 16:50:30'),
(1471, 8, 285, 73.85, 10.00, 66.46, '2013-12-30 16:50:30'),
(1472, 8, 286, 73.85, 10.00, 66.46, '2013-12-30 16:50:30'),
(1473, 8, 287, 73.85, 10.00, 66.46, '2013-12-30 16:50:30'),
(1474, 8, 288, 73.85, 10.00, 66.46, '2013-12-30 16:50:30'),
(1475, 8, 289, 310.00, 10.00, 279.00, '2013-12-30 16:50:30'),
(1476, 8, 290, 310.00, 10.00, 279.00, '2013-12-30 16:50:30'),
(1477, 8, 291, 310.00, 10.00, 279.00, '2013-12-30 16:50:30'),
(1478, 8, 292, 310.00, 10.00, 279.00, '2013-12-30 16:50:30'),
(1479, 8, 293, 310.00, 10.00, 279.00, '2013-12-30 16:50:30'),
(1480, 8, 294, 310.00, 10.00, 279.00, '2013-12-30 16:50:30'),
(1481, 8, 295, 310.00, 10.00, 279.00, '2013-12-30 16:50:31'),
(1482, 8, 296, 310.00, 10.00, 279.00, '2013-12-30 16:50:31'),
(1483, 8, 297, 89.25, 10.00, 80.32, '2013-12-30 16:50:31'),
(1484, 8, 298, 173.25, 10.00, 155.92, '2013-12-30 16:50:31'),
(1485, 8, 299, 173.25, 10.00, 155.92, '2013-12-30 16:50:31'),
(1486, 8, 300, 173.25, 10.00, 155.92, '2013-12-30 16:50:31'),
(1487, 8, 301, 173.25, 10.00, 155.92, '2013-12-30 16:50:31'),
(1488, 8, 441, 13.25, 20.00, 10.60, '2013-12-30 16:50:31'),
(1489, 8, 442, 22.75, 20.00, 18.20, '2013-12-30 16:50:31'),
(1490, 8, 443, 39.25, 20.00, 31.40, '2013-12-30 16:50:31'),
(1491, 8, 444, 65.25, 20.00, 52.20, '2013-12-30 16:50:31'),
(1492, 8, 445, 75.69, 20.00, 60.55, '2013-12-30 16:50:31'),
(1493, 8, 446, 14.95, 20.00, 11.96, '2013-12-30 16:50:31'),
(1494, 8, 447, 15.50, 20.00, 12.40, '2013-12-30 16:50:31'),
(1495, 8, 448, 28.81, 20.00, 23.05, '2013-12-30 16:50:31'),
(1496, 8, 449, 49.94, 20.00, 39.95, '2013-12-30 16:50:31'),
(1497, 8, 450, 106.18, 20.00, 84.94, '2013-12-30 16:50:31'),
(1498, 8, 451, 79.95, 20.00, 63.96, '2013-12-30 16:50:31'),
(1499, 8, 452, 79.95, 20.00, 63.96, '2013-12-30 16:50:31'),
(1500, 8, 453, 119.95, 20.00, 95.96, '2013-12-30 16:50:31'),
(1501, 8, 463, 13.09, 40.00, 7.85, '2013-12-30 16:50:31'),
(1502, 8, 464, 18.16, 40.00, 10.90, '2013-12-30 16:50:31'),
(1503, 8, 465, 23.11, 40.00, 13.87, '2013-12-30 16:50:31'),
(1504, 8, 466, 28.98, 40.00, 17.39, '2013-12-30 16:50:31'),
(1505, 8, 467, 13.09, 40.00, 7.85, '2013-12-30 16:50:32'),
(1506, 8, 468, 18.16, 40.00, 10.90, '2013-12-30 16:50:32'),
(1507, 8, 469, 23.11, 40.00, 13.87, '2013-12-30 16:50:32'),
(1508, 8, 470, 28.98, 40.00, 17.39, '2013-12-30 16:50:32'),
(1509, 8, 471, 13.09, 40.00, 7.85, '2013-12-30 16:50:32'),
(1510, 8, 472, 18.16, 40.00, 10.90, '2013-12-30 16:50:32'),
(1511, 8, 473, 23.11, 40.00, 13.87, '2013-12-30 16:50:32'),
(1512, 8, 474, 28.98, 40.00, 17.39, '2013-12-30 16:50:32'),
(1513, 9, 1, 79.81, 20.00, 63.85, '2013-12-30 16:50:57'),
(1514, 9, 2, 141.06, 20.00, 112.85, '2013-12-30 16:50:57'),
(1515, 9, 3, 278.11, 20.00, 222.49, '2013-12-30 16:50:57'),
(1516, 9, 4, 401.08, 20.00, 320.86, '2013-12-30 16:50:57'),
(1517, 9, 5, 74.72, 30.00, 52.30, '2013-12-30 16:50:57'),
(1518, 9, 6, 87.91, 30.00, 61.54, '2013-12-30 16:50:57'),
(1519, 9, 7, 113.93, 30.00, 79.75, '2013-12-30 16:50:57'),
(1520, 9, 8, 146.43, 30.00, 102.50, '2013-12-30 16:50:57'),
(1521, 9, 9, 148.90, 30.00, 104.23, '2013-12-30 16:50:57'),
(1522, 9, 10, 170.80, 30.00, 119.56, '2013-12-30 16:50:57'),
(1523, 9, 11, 53.53, 30.00, 37.47, '2013-12-30 16:50:57'),
(1524, 9, 12, 101.46, 30.00, 71.02, '2013-12-30 16:50:57'),
(1525, 9, 13, 179.35, 30.00, 125.54, '2013-12-30 16:50:57'),
(1526, 9, 15, 141.91, 30.00, 99.34, '2013-12-30 16:50:57'),
(1527, 9, 16, 188.03, 30.00, 131.62, '2013-12-30 16:50:57'),
(1528, 9, 17, 188.03, 30.00, 131.62, '2013-12-30 16:50:57'),
(1529, 9, 18, 282.93, 30.00, 198.05, '2013-12-30 16:50:57'),
(1530, 9, 19, 471.57, 30.00, 330.10, '2013-12-30 16:50:57'),
(1531, 9, 20, 518.68, 30.00, 363.08, '2013-12-30 16:50:57'),
(1532, 9, 21, 650.77, 30.00, 455.54, '2013-12-30 16:50:57'),
(1533, 9, 22, 519.18, 30.00, 363.43, '2013-12-30 16:50:57'),
(1534, 9, 23, 622.94, 30.00, 436.06, '2013-12-30 16:50:57'),
(1535, 9, 24, 992.31, 20.00, 793.85, '2013-12-30 16:50:58'),
(1536, 9, 25, 1110.44, 20.00, 888.35, '2013-12-30 16:50:58'),
(1537, 9, 26, 30.57, 20.00, 24.46, '2013-12-30 16:50:58'),
(1538, 9, 27, 38.16, 20.00, 30.53, '2013-12-30 16:50:58'),
(1539, 9, 28, 43.24, 20.00, 34.59, '2013-12-30 16:50:58'),
(1540, 9, 29, 45.79, 20.00, 36.63, '2013-12-30 16:50:58'),
(1541, 9, 30, 63.54, 20.00, 50.83, '2013-12-30 16:50:58'),
(1542, 9, 31, 76.27, 20.00, 61.02, '2013-12-30 16:50:58'),
(1543, 9, 32, 91.57, 20.00, 73.26, '2013-12-30 16:50:58'),
(1544, 9, 33, 37.03, 20.00, 29.62, '2013-12-30 16:50:58'),
(1545, 9, 34, 46.15, 20.00, 36.92, '2013-12-30 16:50:58'),
(1546, 9, 35, 55.60, 20.00, 44.48, '2013-12-30 16:50:58'),
(1547, 9, 36, 65.06, 20.00, 52.05, '2013-12-30 16:50:58'),
(1548, 9, 67, 78.57, 20.00, 62.86, '2013-12-30 16:50:58'),
(1549, 9, 68, 98.18, 20.00, 78.54, '2013-12-30 16:50:58'),
(1550, 9, 69, 117.87, 20.00, 94.30, '2013-12-30 16:50:58'),
(1551, 9, 70, 351.71, 40.00, 211.03, '2013-12-30 16:50:58'),
(1552, 9, 71, 439.65, 40.00, 263.79, '2013-12-30 16:50:58'),
(1553, 9, 72, 527.60, 40.00, 316.56, '2013-12-30 16:50:58'),
(1554, 9, 146, 144.65, 20.00, 115.72, '2013-12-30 16:50:58'),
(1555, 9, 147, 210.10, 20.00, 168.08, '2013-12-30 16:50:58'),
(1556, 9, 148, 324.30, 20.00, 259.44, '2013-12-30 16:50:58'),
(1557, 9, 149, 144.65, 20.00, 115.72, '2013-12-30 16:50:58'),
(1558, 9, 150, 324.30, 20.00, 259.44, '2013-12-30 16:50:59'),
(1559, 9, 151, 144.65, 20.00, 115.72, '2013-12-30 16:50:59'),
(1560, 9, 152, 332.55, 20.00, 266.04, '2013-12-30 16:50:59'),
(1561, 9, 186, 44.88, 10.00, 40.39, '2013-12-30 16:50:59'),
(1562, 9, 187, 41.91, 10.00, 37.72, '2013-12-30 16:50:59'),
(1563, 9, 188, 44.00, 10.00, 39.60, '2013-12-30 16:50:59'),
(1564, 9, 189, 44.00, 10.00, 39.60, '2013-12-30 16:50:59'),
(1565, 9, 190, 44.00, 10.00, 39.60, '2013-12-30 16:50:59'),
(1566, 9, 191, 42.00, 10.00, 37.80, '2013-12-30 16:50:59'),
(1567, 9, 192, 44.00, 10.00, 39.60, '2013-12-30 16:50:59'),
(1568, 9, 193, 44.00, 10.00, 39.60, '2013-12-30 16:50:59'),
(1569, 9, 194, 44.00, 10.00, 39.60, '2013-12-30 16:50:59'),
(1570, 9, 195, 46.20, 10.00, 41.58, '2013-12-30 16:50:59'),
(1571, 9, 196, 47.84, 10.00, 43.06, '2013-12-30 16:50:59'),
(1572, 9, 197, 50.94, 10.00, 45.85, '2013-12-30 16:50:59'),
(1573, 9, 198, 50.94, 10.00, 45.85, '2013-12-30 16:50:59'),
(1574, 9, 199, 50.94, 10.00, 45.85, '2013-12-30 16:50:59'),
(1575, 9, 200, 49.07, 10.00, 44.16, '2013-12-30 16:50:59'),
(1576, 9, 201, 49.07, 10.00, 44.16, '2013-12-30 16:50:59'),
(1577, 9, 202, 49.07, 10.00, 44.16, '2013-12-30 16:50:59'),
(1578, 9, 203, 49.07, 10.00, 44.16, '2013-12-30 16:50:59'),
(1579, 9, 204, 202.32, 10.00, 182.09, '2013-12-30 16:50:59'),
(1580, 9, 205, 202.32, 10.00, 182.09, '2013-12-30 16:50:59'),
(1581, 9, 206, 202.32, 10.00, 182.09, '2013-12-30 16:50:59'),
(1582, 9, 207, 202.32, 10.00, 182.09, '2013-12-30 16:51:00'),
(1583, 9, 208, 220.11, 10.00, 198.10, '2013-12-30 16:51:00'),
(1584, 9, 209, 220.11, 10.00, 198.10, '2013-12-30 16:51:00'),
(1585, 9, 210, 220.11, 10.00, 198.10, '2013-12-30 16:51:00'),
(1586, 9, 211, 220.11, 10.00, 198.10, '2013-12-30 16:51:00'),
(1587, 9, 212, 291.06, 10.00, 261.95, '2013-12-30 16:51:00'),
(1588, 9, 213, 291.06, 10.00, 261.95, '2013-12-30 16:51:00'),
(1589, 9, 214, 291.06, 10.00, 261.95, '2013-12-30 16:51:00'),
(1590, 9, 215, 291.06, 10.00, 261.95, '2013-12-30 16:51:00'),
(1591, 9, 216, 291.06, 10.00, 261.95, '2013-12-30 16:51:00'),
(1592, 9, 217, 291.06, 10.00, 261.95, '2013-12-30 16:51:00'),
(1593, 9, 218, 212.00, 10.00, 190.80, '2013-12-30 16:51:00'),
(1594, 9, 219, 212.00, 10.00, 190.80, '2013-12-30 16:51:00'),
(1595, 9, 220, 212.00, 10.00, 190.80, '2013-12-30 16:51:00'),
(1596, 9, 221, 212.00, 10.00, 190.80, '2013-12-30 16:51:00'),
(1597, 9, 222, 212.00, 10.00, 190.80, '2013-12-30 16:51:00'),
(1598, 9, 223, 212.00, 10.00, 190.80, '2013-12-30 16:51:00'),
(1599, 9, 224, 347.29, 10.00, 312.56, '2013-12-30 16:51:00'),
(1600, 9, 225, 202.59, 10.00, 182.33, '2013-12-30 16:51:00'),
(1601, 9, 226, 225.74, 10.00, 203.17, '2013-12-30 16:51:00'),
(1602, 9, 227, 225.74, 10.00, 203.17, '2013-12-30 16:51:00'),
(1603, 9, 228, 225.74, 10.00, 203.17, '2013-12-30 16:51:00'),
(1604, 9, 229, 200.11, 10.00, 180.10, '2013-12-30 16:51:01'),
(1605, 9, 230, 200.11, 10.00, 180.10, '2013-12-30 16:51:01'),
(1606, 9, 231, 200.11, 10.00, 180.10, '2013-12-30 16:51:01'),
(1607, 9, 232, 200.11, 10.00, 180.10, '2013-12-30 16:51:01'),
(1608, 9, 233, 20.00, 10.00, 18.00, '2013-12-30 16:51:01'),
(1609, 9, 234, 38.00, 10.00, 34.20, '2013-12-30 16:51:01'),
(1610, 9, 235, 31.61, 10.00, 28.45, '2013-12-30 16:51:01'),
(1611, 9, 236, 31.61, 10.00, 28.45, '2013-12-30 16:51:01'),
(1612, 9, 237, 31.61, 10.00, 28.45, '2013-12-30 16:51:01'),
(1613, 9, 238, 61.60, 10.00, 55.44, '2013-12-30 16:51:01'),
(1614, 9, 239, 150.00, 10.00, 135.00, '2013-12-30 16:51:01'),
(1615, 9, 240, 80.49, 10.00, 72.44, '2013-12-30 16:51:01'),
(1616, 9, 241, 80.49, 10.00, 72.44, '2013-12-30 16:51:01'),
(1617, 9, 242, 80.49, 10.00, 72.44, '2013-12-30 16:51:01'),
(1618, 9, 243, 80.49, 10.00, 72.44, '2013-12-30 16:51:01'),
(1619, 9, 244, 80.49, 10.00, 72.44, '2013-12-30 16:51:01'),
(1620, 9, 245, 80.49, 10.00, 72.44, '2013-12-30 16:51:01'),
(1621, 9, 246, 78.28, 10.00, 70.45, '2013-12-30 16:51:01'),
(1622, 9, 247, 78.28, 10.00, 70.45, '2013-12-30 16:51:01'),
(1623, 9, 248, 78.28, 10.00, 70.45, '2013-12-30 16:51:01'),
(1624, 9, 249, 178.50, 10.00, 160.65, '2013-12-30 16:51:02'),
(1625, 9, 250, 80.49, 10.00, 72.44, '2013-12-30 16:51:02'),
(1626, 9, 251, 80.49, 10.00, 72.44, '2013-12-30 16:51:02'),
(1627, 9, 252, 80.49, 10.00, 72.44, '2013-12-30 16:51:02'),
(1628, 9, 253, 80.49, 10.00, 72.44, '2013-12-30 16:51:02'),
(1629, 9, 254, 80.49, 10.00, 72.44, '2013-12-30 16:51:02'),
(1630, 9, 255, 80.49, 10.00, 72.44, '2013-12-30 16:51:02'),
(1631, 9, 256, 352.25, 10.00, 317.02, '2013-12-30 16:51:02'),
(1632, 9, 257, 315.00, 10.00, 283.50, '2013-12-30 16:51:02'),
(1633, 9, 258, 183.75, 10.00, 165.37, '2013-12-30 16:51:02'),
(1634, 9, 259, 183.75, 10.00, 165.37, '2013-12-30 16:51:02'),
(1635, 9, 260, 183.75, 10.00, 165.37, '2013-12-30 16:51:02'),
(1636, 9, 261, 183.75, 10.00, 165.37, '2013-12-30 16:51:02'),
(1637, 9, 262, 183.75, 10.00, 165.37, '2013-12-30 16:51:02'),
(1638, 9, 263, 183.75, 10.00, 165.37, '2013-12-30 16:51:02'),
(1639, 9, 264, 89.25, 10.00, 80.32, '2013-12-30 16:51:02'),
(1640, 9, 265, 173.25, 10.00, 155.92, '2013-12-30 16:51:02'),
(1641, 9, 266, 173.25, 10.00, 155.92, '2013-12-30 16:51:02'),
(1642, 9, 267, 173.25, 10.00, 155.92, '2013-12-30 16:51:02'),
(1643, 9, 268, 173.25, 10.00, 155.92, '2013-12-30 16:51:02'),
(1644, 9, 269, 154.00, 10.00, 138.60, '2013-12-30 16:51:02'),
(1645, 9, 270, 154.00, 10.00, 138.60, '2013-12-30 16:51:02'),
(1646, 9, 271, 154.00, 10.00, 138.60, '2013-12-30 16:51:02'),
(1647, 9, 272, 154.00, 10.00, 138.60, '2013-12-30 16:51:03'),
(1648, 9, 273, 154.00, 10.00, 138.60, '2013-12-30 16:51:03'),
(1649, 9, 274, 154.00, 10.00, 138.60, '2013-12-30 16:51:03'),
(1650, 9, 275, 154.00, 10.00, 138.60, '2013-12-30 16:51:03'),
(1651, 9, 276, 154.00, 10.00, 138.60, '2013-12-30 16:51:03'),
(1652, 9, 277, 87.15, 10.00, 78.43, '2013-12-30 16:51:03'),
(1653, 9, 278, 87.15, 10.00, 78.43, '2013-12-30 16:51:03'),
(1654, 9, 279, 87.15, 10.00, 78.43, '2013-12-30 16:51:03'),
(1655, 9, 280, 87.15, 10.00, 78.43, '2013-12-30 16:51:03'),
(1656, 9, 281, 87.15, 10.00, 78.43, '2013-12-30 16:51:03'),
(1657, 9, 282, 87.15, 10.00, 78.43, '2013-12-30 16:51:03'),
(1658, 9, 283, 87.15, 10.00, 78.43, '2013-12-30 16:51:03'),
(1659, 9, 284, 87.15, 10.00, 78.43, '2013-12-30 16:51:03'),
(1660, 9, 285, 73.85, 10.00, 66.46, '2013-12-30 16:51:03'),
(1661, 9, 286, 73.85, 10.00, 66.46, '2013-12-30 16:51:03'),
(1662, 9, 287, 73.85, 10.00, 66.46, '2013-12-30 16:51:03'),
(1663, 9, 288, 73.85, 10.00, 66.46, '2013-12-30 16:51:03'),
(1664, 9, 289, 310.00, 10.00, 279.00, '2013-12-30 16:51:03'),
(1665, 9, 290, 310.00, 10.00, 279.00, '2013-12-30 16:51:03'),
(1666, 9, 291, 310.00, 10.00, 279.00, '2013-12-30 16:51:03'),
(1667, 9, 292, 310.00, 10.00, 279.00, '2013-12-30 16:51:03'),
(1668, 9, 293, 310.00, 10.00, 279.00, '2013-12-30 16:51:03'),
(1669, 9, 294, 310.00, 10.00, 279.00, '2013-12-30 16:51:03'),
(1670, 9, 295, 310.00, 10.00, 279.00, '2013-12-30 16:51:04'),
(1671, 9, 296, 310.00, 10.00, 279.00, '2013-12-30 16:51:04'),
(1672, 9, 297, 89.25, 10.00, 80.32, '2013-12-30 16:51:04'),
(1673, 9, 298, 173.25, 10.00, 155.92, '2013-12-30 16:51:04'),
(1674, 9, 299, 173.25, 10.00, 155.92, '2013-12-30 16:51:04'),
(1675, 9, 300, 173.25, 10.00, 155.92, '2013-12-30 16:51:04'),
(1676, 9, 301, 173.25, 10.00, 155.92, '2013-12-30 16:51:04'),
(1677, 9, 441, 13.25, 20.00, 10.60, '2013-12-30 16:51:04'),
(1678, 9, 442, 22.75, 20.00, 18.20, '2013-12-30 16:51:04'),
(1679, 9, 443, 39.25, 20.00, 31.40, '2013-12-30 16:51:04'),
(1680, 9, 444, 65.25, 20.00, 52.20, '2013-12-30 16:51:04'),
(1681, 9, 445, 75.69, 20.00, 60.55, '2013-12-30 16:51:04'),
(1682, 9, 446, 14.95, 20.00, 11.96, '2013-12-30 16:51:04'),
(1683, 9, 447, 15.50, 20.00, 12.40, '2013-12-30 16:51:04'),
(1684, 9, 448, 28.81, 20.00, 23.05, '2013-12-30 16:51:04'),
(1685, 9, 449, 49.94, 20.00, 39.95, '2013-12-30 16:51:04'),
(1686, 9, 450, 106.18, 20.00, 84.94, '2013-12-30 16:51:04'),
(1687, 9, 451, 79.95, 20.00, 63.96, '2013-12-30 16:51:04'),
(1688, 9, 452, 79.95, 20.00, 63.96, '2013-12-30 16:51:04'),
(1689, 9, 453, 119.95, 20.00, 95.96, '2013-12-30 16:51:04'),
(1690, 9, 463, 13.09, 40.00, 7.85, '2013-12-30 16:51:04'),
(1691, 9, 464, 18.16, 40.00, 10.90, '2013-12-30 16:51:04'),
(1692, 9, 465, 23.11, 40.00, 13.87, '2013-12-30 16:51:04'),
(1693, 9, 466, 28.98, 40.00, 17.39, '2013-12-30 16:51:05'),
(1694, 9, 467, 13.09, 40.00, 7.85, '2013-12-30 16:51:05'),
(1695, 9, 468, 18.16, 40.00, 10.90, '2013-12-30 16:51:05'),
(1696, 9, 469, 23.11, 40.00, 13.87, '2013-12-30 16:51:05'),
(1697, 9, 470, 28.98, 40.00, 17.39, '2013-12-30 16:51:05'),
(1698, 9, 471, 13.09, 40.00, 7.85, '2013-12-30 16:51:05'),
(1699, 9, 472, 18.16, 40.00, 10.90, '2013-12-30 16:51:05'),
(1700, 9, 473, 23.11, 40.00, 13.87, '2013-12-30 16:51:05'),
(1701, 9, 474, 28.98, 40.00, 17.39, '2013-12-30 16:51:05'),
(1702, 10, 1, 79.81, 20.00, 63.85, '2013-12-30 16:51:12'),
(1703, 10, 2, 141.06, 20.00, 112.85, '2013-12-30 16:51:12'),
(1704, 10, 3, 278.11, 20.00, 222.49, '2013-12-30 16:51:12'),
(1705, 10, 4, 401.08, 20.00, 320.86, '2013-12-30 16:51:12'),
(1706, 10, 5, 74.72, 30.00, 52.30, '2013-12-30 16:51:12'),
(1707, 10, 6, 87.91, 30.00, 61.54, '2013-12-30 16:51:12'),
(1708, 10, 7, 113.93, 30.00, 79.75, '2013-12-30 16:51:12'),
(1709, 10, 8, 146.43, 30.00, 102.50, '2013-12-30 16:51:12'),
(1710, 10, 9, 148.90, 30.00, 104.23, '2013-12-30 16:51:12'),
(1711, 10, 10, 170.80, 30.00, 119.56, '2013-12-30 16:51:12'),
(1712, 10, 11, 53.53, 30.00, 37.47, '2013-12-30 16:51:13'),
(1713, 10, 12, 101.46, 30.00, 71.02, '2013-12-30 16:51:13'),
(1714, 10, 13, 179.35, 30.00, 125.54, '2013-12-30 16:51:13'),
(1715, 10, 15, 141.91, 30.00, 99.34, '2013-12-30 16:51:13'),
(1716, 10, 16, 188.03, 30.00, 131.62, '2013-12-30 16:51:13');
INSERT INTO `sohorepro_special_pricing` (`sp_id`, `sp_user_id`, `sp_product_id`, `sp_list_price`, `sp_discount`, `sp_special_price`, `sp_date`) VALUES
(1717, 10, 17, 188.03, 30.00, 131.62, '2013-12-30 16:51:13'),
(1718, 10, 18, 282.93, 30.00, 198.05, '2013-12-30 16:51:13'),
(1719, 10, 19, 471.57, 30.00, 330.10, '2013-12-30 16:51:13'),
(1720, 10, 20, 518.68, 30.00, 363.08, '2013-12-30 16:51:13'),
(1721, 10, 21, 650.77, 30.00, 455.54, '2013-12-30 16:51:13'),
(1722, 10, 22, 519.18, 30.00, 363.43, '2013-12-30 16:51:13'),
(1723, 10, 23, 622.94, 30.00, 436.06, '2013-12-30 16:51:13'),
(1724, 10, 24, 992.31, 20.00, 793.85, '2013-12-30 16:51:13'),
(1725, 10, 25, 1110.44, 20.00, 888.35, '2013-12-30 16:51:13'),
(1726, 10, 26, 30.57, 20.00, 24.46, '2013-12-30 16:51:13'),
(1727, 10, 27, 38.16, 20.00, 30.53, '2013-12-30 16:51:13'),
(1728, 10, 28, 43.24, 20.00, 34.59, '2013-12-30 16:51:13'),
(1729, 10, 29, 45.79, 20.00, 36.63, '2013-12-30 16:51:13'),
(1730, 10, 30, 63.54, 20.00, 50.83, '2013-12-30 16:51:13'),
(1731, 10, 31, 76.27, 20.00, 61.02, '2013-12-30 16:51:13'),
(1732, 10, 32, 91.57, 20.00, 73.26, '2013-12-30 16:51:14'),
(1733, 10, 33, 37.03, 20.00, 29.62, '2013-12-30 16:51:14'),
(1734, 10, 34, 46.15, 20.00, 36.92, '2013-12-30 16:51:14'),
(1735, 10, 35, 55.60, 20.00, 44.48, '2013-12-30 16:51:14'),
(1736, 10, 36, 65.06, 20.00, 52.05, '2013-12-30 16:51:14'),
(1737, 10, 67, 78.57, 20.00, 62.86, '2013-12-30 16:51:14'),
(1738, 10, 68, 98.18, 20.00, 78.54, '2013-12-30 16:51:14'),
(1739, 10, 69, 117.87, 20.00, 94.30, '2013-12-30 16:51:14'),
(1740, 10, 70, 351.71, 40.00, 211.03, '2013-12-30 16:51:14'),
(1741, 10, 71, 439.65, 40.00, 263.79, '2013-12-30 16:51:14'),
(1742, 10, 72, 527.60, 40.00, 316.56, '2013-12-30 16:51:14'),
(1743, 10, 146, 144.65, 20.00, 115.72, '2013-12-30 16:51:14'),
(1744, 10, 147, 210.10, 20.00, 168.08, '2013-12-30 16:51:14'),
(1745, 10, 148, 324.30, 20.00, 259.44, '2013-12-30 16:51:14'),
(1746, 10, 149, 144.65, 20.00, 115.72, '2013-12-30 16:51:14'),
(1747, 10, 150, 324.30, 20.00, 259.44, '2013-12-30 16:51:14'),
(1748, 10, 151, 144.65, 20.00, 115.72, '2013-12-30 16:51:14'),
(1749, 10, 152, 332.55, 20.00, 266.04, '2013-12-30 16:51:14'),
(1750, 10, 186, 44.88, 10.00, 40.39, '2013-12-30 16:51:14'),
(1751, 10, 187, 41.91, 10.00, 37.72, '2013-12-30 16:51:14'),
(1752, 10, 188, 44.00, 10.00, 39.60, '2013-12-30 16:51:15'),
(1753, 10, 189, 44.00, 10.00, 39.60, '2013-12-30 16:51:15'),
(1754, 10, 190, 44.00, 10.00, 39.60, '2013-12-30 16:51:15'),
(1755, 10, 191, 42.00, 10.00, 37.80, '2013-12-30 16:51:15'),
(1756, 10, 192, 44.00, 10.00, 39.60, '2013-12-30 16:51:15'),
(1757, 10, 193, 44.00, 10.00, 39.60, '2013-12-30 16:51:15'),
(1758, 10, 194, 44.00, 10.00, 39.60, '2013-12-30 16:51:15'),
(1759, 10, 195, 46.20, 10.00, 41.58, '2013-12-30 16:51:15'),
(1760, 10, 196, 47.84, 10.00, 43.06, '2013-12-30 16:51:15'),
(1761, 10, 197, 50.94, 10.00, 45.85, '2013-12-30 16:51:15'),
(1762, 10, 198, 50.94, 10.00, 45.85, '2013-12-30 16:51:15'),
(1763, 10, 199, 50.94, 10.00, 45.85, '2013-12-30 16:51:16'),
(1764, 10, 200, 49.07, 10.00, 44.16, '2013-12-30 16:51:16'),
(1765, 10, 201, 49.07, 10.00, 44.16, '2013-12-30 16:51:16'),
(1766, 10, 202, 49.07, 10.00, 44.16, '2013-12-30 16:51:16'),
(1767, 10, 203, 49.07, 10.00, 44.16, '2013-12-30 16:51:16'),
(1768, 10, 204, 202.32, 10.00, 182.09, '2013-12-30 16:51:16'),
(1769, 10, 205, 202.32, 10.00, 182.09, '2013-12-30 16:51:16'),
(1770, 10, 206, 202.32, 10.00, 182.09, '2013-12-30 16:51:16'),
(1771, 10, 207, 202.32, 10.00, 182.09, '2013-12-30 16:51:16'),
(1772, 10, 208, 220.11, 10.00, 198.10, '2013-12-30 16:51:16'),
(1773, 10, 209, 220.11, 10.00, 198.10, '2013-12-30 16:51:16'),
(1774, 10, 210, 220.11, 10.00, 198.10, '2013-12-30 16:51:16'),
(1775, 10, 211, 220.11, 10.00, 198.10, '2013-12-30 16:51:16'),
(1776, 10, 212, 291.06, 10.00, 261.95, '2013-12-30 16:51:16'),
(1777, 10, 213, 291.06, 10.00, 261.95, '2013-12-30 16:51:16'),
(1778, 10, 214, 291.06, 10.00, 261.95, '2013-12-30 16:51:16'),
(1779, 10, 215, 291.06, 10.00, 261.95, '2013-12-30 16:51:16'),
(1780, 10, 216, 291.06, 10.00, 261.95, '2013-12-30 16:51:16'),
(1781, 10, 217, 291.06, 10.00, 261.95, '2013-12-30 16:51:16'),
(1782, 10, 218, 212.00, 10.00, 190.80, '2013-12-30 16:51:16'),
(1783, 10, 219, 212.00, 10.00, 190.80, '2013-12-30 16:51:17'),
(1784, 10, 220, 212.00, 10.00, 190.80, '2013-12-30 16:51:17'),
(1785, 10, 221, 212.00, 10.00, 190.80, '2013-12-30 16:51:17'),
(1786, 10, 222, 212.00, 10.00, 190.80, '2013-12-30 16:51:17'),
(1787, 10, 223, 212.00, 10.00, 190.80, '2013-12-30 16:51:17'),
(1788, 10, 224, 347.29, 10.00, 312.56, '2013-12-30 16:51:17'),
(1789, 10, 225, 202.59, 10.00, 182.33, '2013-12-30 16:51:17'),
(1790, 10, 226, 225.74, 10.00, 203.17, '2013-12-30 16:51:17'),
(1791, 10, 227, 225.74, 10.00, 203.17, '2013-12-30 16:51:17'),
(1792, 10, 228, 225.74, 10.00, 203.17, '2013-12-30 16:51:17'),
(1793, 10, 229, 200.11, 10.00, 180.10, '2013-12-30 16:51:17'),
(1794, 10, 230, 200.11, 10.00, 180.10, '2013-12-30 16:51:17'),
(1795, 10, 231, 200.11, 10.00, 180.10, '2013-12-30 16:51:17'),
(1796, 10, 232, 200.11, 10.00, 180.10, '2013-12-30 16:51:17'),
(1797, 10, 233, 20.00, 10.00, 18.00, '2013-12-30 16:51:17'),
(1798, 10, 234, 38.00, 10.00, 34.20, '2013-12-30 16:51:17'),
(1799, 10, 235, 31.61, 10.00, 28.45, '2013-12-30 16:51:17'),
(1800, 10, 236, 31.61, 10.00, 28.45, '2013-12-30 16:51:17'),
(1801, 10, 237, 31.61, 10.00, 28.45, '2013-12-30 16:51:17'),
(1802, 10, 238, 61.60, 10.00, 55.44, '2013-12-30 16:51:17'),
(1803, 10, 239, 150.00, 10.00, 135.00, '2013-12-30 16:51:17'),
(1804, 10, 240, 80.49, 10.00, 72.44, '2013-12-30 16:51:17'),
(1805, 10, 241, 80.49, 10.00, 72.44, '2013-12-30 16:51:17'),
(1806, 10, 242, 80.49, 10.00, 72.44, '2013-12-30 16:51:17'),
(1807, 10, 243, 80.49, 10.00, 72.44, '2013-12-30 16:51:18'),
(1808, 10, 244, 80.49, 10.00, 72.44, '2013-12-30 16:51:18'),
(1809, 10, 245, 80.49, 10.00, 72.44, '2013-12-30 16:51:18'),
(1810, 10, 246, 78.28, 10.00, 70.45, '2013-12-30 16:51:18'),
(1811, 10, 247, 78.28, 10.00, 70.45, '2013-12-30 16:51:18'),
(1812, 10, 248, 78.28, 10.00, 70.45, '2013-12-30 16:51:18'),
(1813, 10, 249, 178.50, 10.00, 160.65, '2013-12-30 16:51:18'),
(1814, 10, 250, 80.49, 10.00, 72.44, '2013-12-30 16:51:18'),
(1815, 10, 251, 80.49, 10.00, 72.44, '2013-12-30 16:51:18'),
(1816, 10, 252, 80.49, 10.00, 72.44, '2013-12-30 16:51:18'),
(1817, 10, 253, 80.49, 10.00, 72.44, '2013-12-30 16:51:18'),
(1818, 10, 254, 80.49, 10.00, 72.44, '2013-12-30 16:51:18'),
(1819, 10, 255, 80.49, 10.00, 72.44, '2013-12-30 16:51:18'),
(1820, 10, 256, 352.25, 10.00, 317.02, '2013-12-30 16:51:18'),
(1821, 10, 257, 315.00, 10.00, 283.50, '2013-12-30 16:51:18'),
(1822, 10, 258, 183.75, 10.00, 165.37, '2013-12-30 16:51:18'),
(1823, 10, 259, 183.75, 10.00, 165.37, '2013-12-30 16:51:18'),
(1824, 10, 260, 183.75, 10.00, 165.37, '2013-12-30 16:51:18'),
(1825, 10, 261, 183.75, 10.00, 165.37, '2013-12-30 16:51:18'),
(1826, 10, 262, 183.75, 10.00, 165.37, '2013-12-30 16:51:18'),
(1827, 10, 263, 183.75, 10.00, 165.37, '2013-12-30 16:51:18'),
(1828, 10, 264, 89.25, 10.00, 80.32, '2013-12-30 16:51:18'),
(1829, 10, 265, 173.25, 10.00, 155.92, '2013-12-30 16:51:18'),
(1830, 10, 266, 173.25, 10.00, 155.92, '2013-12-30 16:51:19'),
(1831, 10, 267, 173.25, 10.00, 155.92, '2013-12-30 16:51:19'),
(1832, 10, 268, 173.25, 10.00, 155.92, '2013-12-30 16:51:19'),
(1833, 10, 269, 154.00, 10.00, 138.60, '2013-12-30 16:51:19'),
(1834, 10, 270, 154.00, 10.00, 138.60, '2013-12-30 16:51:19'),
(1835, 10, 271, 154.00, 10.00, 138.60, '2013-12-30 16:51:19'),
(1836, 10, 272, 154.00, 10.00, 138.60, '2013-12-30 16:51:19'),
(1837, 10, 273, 154.00, 10.00, 138.60, '2013-12-30 16:51:19'),
(1838, 10, 274, 154.00, 10.00, 138.60, '2013-12-30 16:51:19'),
(1839, 10, 275, 154.00, 10.00, 138.60, '2013-12-30 16:51:19'),
(1840, 10, 276, 154.00, 10.00, 138.60, '2013-12-30 16:51:19'),
(1841, 10, 277, 87.15, 10.00, 78.43, '2013-12-30 16:51:19'),
(1842, 10, 278, 87.15, 10.00, 78.43, '2013-12-30 16:51:19'),
(1843, 10, 279, 87.15, 10.00, 78.43, '2013-12-30 16:51:19'),
(1844, 10, 280, 87.15, 10.00, 78.43, '2013-12-30 16:51:19'),
(1845, 10, 281, 87.15, 10.00, 78.43, '2013-12-30 16:51:19'),
(1846, 10, 282, 87.15, 10.00, 78.43, '2013-12-30 16:51:19'),
(1847, 10, 283, 87.15, 10.00, 78.43, '2013-12-30 16:51:19'),
(1848, 10, 284, 87.15, 10.00, 78.43, '2013-12-30 16:51:19'),
(1849, 10, 285, 73.85, 10.00, 66.46, '2013-12-30 16:51:19'),
(1850, 10, 286, 73.85, 10.00, 66.46, '2013-12-30 16:51:19'),
(1851, 10, 287, 73.85, 10.00, 66.46, '2013-12-30 16:51:19'),
(1852, 10, 288, 73.85, 10.00, 66.46, '2013-12-30 16:51:19'),
(1853, 10, 289, 310.00, 10.00, 279.00, '2013-12-30 16:51:19'),
(1854, 10, 290, 310.00, 10.00, 279.00, '2013-12-30 16:51:20'),
(1855, 10, 291, 310.00, 10.00, 279.00, '2013-12-30 16:51:20'),
(1856, 10, 292, 310.00, 10.00, 279.00, '2013-12-30 16:51:20'),
(1857, 10, 293, 310.00, 10.00, 279.00, '2013-12-30 16:51:20'),
(1858, 10, 294, 310.00, 10.00, 279.00, '2013-12-30 16:51:20'),
(1859, 10, 295, 310.00, 10.00, 279.00, '2013-12-30 16:51:20'),
(1860, 10, 296, 310.00, 10.00, 279.00, '2013-12-30 16:51:20'),
(1861, 10, 297, 89.25, 10.00, 80.32, '2013-12-30 16:51:20'),
(1862, 10, 298, 173.25, 10.00, 155.92, '2013-12-30 16:51:20'),
(1863, 10, 299, 173.25, 10.00, 155.92, '2013-12-30 16:51:20'),
(1864, 10, 300, 173.25, 10.00, 155.92, '2013-12-30 16:51:20'),
(1865, 10, 301, 173.25, 10.00, 155.92, '2013-12-30 16:51:20'),
(1866, 10, 441, 13.25, 20.00, 10.60, '2013-12-30 16:51:20'),
(1867, 10, 442, 22.75, 20.00, 18.20, '2013-12-30 16:51:20'),
(1868, 10, 443, 39.25, 20.00, 31.40, '2013-12-30 16:51:20'),
(1869, 10, 444, 65.25, 20.00, 52.20, '2013-12-30 16:51:20'),
(1870, 10, 445, 75.69, 20.00, 60.55, '2013-12-30 16:51:20'),
(1871, 10, 446, 14.95, 20.00, 11.96, '2013-12-30 16:51:20'),
(1872, 10, 447, 15.50, 20.00, 12.40, '2013-12-30 16:51:20'),
(1873, 10, 448, 28.81, 20.00, 23.05, '2013-12-30 16:51:20'),
(1874, 10, 449, 49.94, 20.00, 39.95, '2013-12-30 16:51:20'),
(1875, 10, 450, 106.18, 20.00, 84.94, '2013-12-30 16:51:20'),
(1876, 10, 451, 79.95, 20.00, 63.96, '2013-12-30 16:51:21'),
(1877, 10, 452, 79.95, 20.00, 63.96, '2013-12-30 16:51:21'),
(1878, 10, 453, 119.95, 20.00, 95.96, '2013-12-30 16:51:21'),
(1879, 10, 463, 13.09, 40.00, 7.85, '2013-12-30 16:51:21'),
(1880, 10, 464, 18.16, 40.00, 10.90, '2013-12-30 16:51:21'),
(1881, 10, 465, 23.11, 40.00, 13.87, '2013-12-30 16:51:21'),
(1882, 10, 466, 28.98, 40.00, 17.39, '2013-12-30 16:51:21'),
(1883, 10, 467, 13.09, 40.00, 7.85, '2013-12-30 16:51:21'),
(1884, 10, 468, 18.16, 40.00, 10.90, '2013-12-30 16:51:21'),
(1885, 10, 469, 23.11, 40.00, 13.87, '2013-12-30 16:51:21'),
(1886, 10, 470, 28.98, 40.00, 17.39, '2013-12-30 16:51:21'),
(1887, 10, 471, 13.09, 40.00, 7.85, '2013-12-30 16:51:21'),
(1888, 10, 472, 18.16, 40.00, 10.90, '2013-12-30 16:51:21'),
(1889, 10, 473, 23.11, 40.00, 13.87, '2013-12-30 16:51:21'),
(1890, 10, 474, 28.98, 40.00, 17.39, '2013-12-30 16:51:21'),
(1891, 11, 1, 79.81, 20.00, 63.85, '2013-12-30 16:51:28'),
(1892, 11, 2, 141.06, 20.00, 112.85, '2013-12-30 16:51:28'),
(1893, 11, 3, 278.11, 20.00, 222.49, '2013-12-30 16:51:28'),
(1894, 11, 4, 401.08, 20.00, 320.86, '2013-12-30 16:51:28'),
(1895, 11, 5, 74.72, 30.00, 52.30, '2013-12-30 16:51:28'),
(1896, 11, 6, 87.91, 30.00, 61.54, '2013-12-30 16:51:28'),
(1897, 11, 7, 113.93, 30.00, 79.75, '2013-12-30 16:51:28'),
(1898, 11, 8, 146.43, 30.00, 102.50, '2013-12-30 16:51:29'),
(1899, 11, 9, 148.90, 30.00, 104.23, '2013-12-30 16:51:29'),
(1900, 11, 10, 170.80, 30.00, 119.56, '2013-12-30 16:51:29'),
(1901, 11, 11, 53.53, 30.00, 37.47, '2013-12-30 16:51:29'),
(1902, 11, 12, 101.46, 30.00, 71.02, '2013-12-30 16:51:29'),
(1903, 11, 13, 179.35, 30.00, 125.54, '2013-12-30 16:51:29'),
(1904, 11, 15, 141.91, 30.00, 99.34, '2013-12-30 16:51:29'),
(1905, 11, 16, 188.03, 30.00, 131.62, '2013-12-30 16:51:29'),
(1906, 11, 17, 188.03, 30.00, 131.62, '2013-12-30 16:51:29'),
(1907, 11, 18, 282.93, 30.00, 198.05, '2013-12-30 16:51:29'),
(1908, 11, 19, 471.57, 30.00, 330.10, '2013-12-30 16:51:29'),
(1909, 11, 20, 518.68, 30.00, 363.08, '2013-12-30 16:51:29'),
(1910, 11, 21, 650.77, 30.00, 455.54, '2013-12-30 16:51:29'),
(1911, 11, 22, 519.18, 30.00, 363.43, '2013-12-30 16:51:29'),
(1912, 11, 23, 622.94, 30.00, 436.06, '2013-12-30 16:51:29'),
(1913, 11, 24, 992.31, 20.00, 793.85, '2013-12-30 16:51:29'),
(1914, 11, 25, 1110.44, 20.00, 888.35, '2013-12-30 16:51:29'),
(1915, 11, 26, 30.57, 20.00, 24.46, '2013-12-30 16:51:29'),
(1916, 11, 27, 38.16, 20.00, 30.53, '2013-12-30 16:51:29'),
(1917, 11, 28, 43.24, 20.00, 34.59, '2013-12-30 16:51:29'),
(1918, 11, 29, 45.79, 20.00, 36.63, '2013-12-30 16:51:29'),
(1919, 11, 30, 63.54, 20.00, 50.83, '2013-12-30 16:51:29'),
(1920, 11, 31, 76.27, 20.00, 61.02, '2013-12-30 16:51:30'),
(1921, 11, 32, 91.57, 20.00, 73.26, '2013-12-30 16:51:30'),
(1922, 11, 33, 37.03, 20.00, 29.62, '2013-12-30 16:51:30'),
(1923, 11, 34, 46.15, 20.00, 36.92, '2013-12-30 16:51:30'),
(1924, 11, 35, 55.60, 20.00, 44.48, '2013-12-30 16:51:30'),
(1925, 11, 36, 65.06, 20.00, 52.05, '2013-12-30 16:51:30'),
(1926, 11, 67, 78.57, 20.00, 62.86, '2013-12-30 16:51:30'),
(1927, 11, 68, 98.18, 20.00, 78.54, '2013-12-30 16:51:30'),
(1928, 11, 69, 117.87, 20.00, 94.30, '2013-12-30 16:51:30'),
(1929, 11, 70, 351.71, 40.00, 211.03, '2013-12-30 16:51:30'),
(1930, 11, 71, 439.65, 40.00, 263.79, '2013-12-30 16:51:30'),
(1931, 11, 72, 527.60, 40.00, 316.56, '2013-12-30 16:51:30'),
(1932, 11, 146, 144.65, 20.00, 115.72, '2013-12-30 16:51:30'),
(1933, 11, 147, 210.10, 20.00, 168.08, '2013-12-30 16:51:30'),
(1934, 11, 148, 324.30, 20.00, 259.44, '2013-12-30 16:51:30'),
(1935, 11, 149, 144.65, 20.00, 115.72, '2013-12-30 16:51:30'),
(1936, 11, 150, 324.30, 20.00, 259.44, '2013-12-30 16:51:30'),
(1937, 11, 151, 144.65, 20.00, 115.72, '2013-12-30 16:51:30'),
(1938, 11, 152, 332.55, 20.00, 266.04, '2013-12-30 16:51:30'),
(1939, 11, 186, 44.88, 10.00, 40.39, '2013-12-30 16:51:30'),
(1940, 11, 187, 41.91, 10.00, 37.72, '2013-12-30 16:51:30'),
(1941, 11, 188, 44.00, 10.00, 39.60, '2013-12-30 16:51:30'),
(1942, 11, 189, 44.00, 10.00, 39.60, '2013-12-30 16:51:30'),
(1943, 11, 190, 44.00, 10.00, 39.60, '2013-12-30 16:51:31'),
(1944, 11, 191, 42.00, 10.00, 37.80, '2013-12-30 16:51:31'),
(1945, 11, 192, 44.00, 10.00, 39.60, '2013-12-30 16:51:31'),
(1946, 11, 193, 44.00, 10.00, 39.60, '2013-12-30 16:51:31'),
(1947, 11, 194, 44.00, 10.00, 39.60, '2013-12-30 16:51:31'),
(1948, 11, 195, 46.20, 10.00, 41.58, '2013-12-30 16:51:31'),
(1949, 11, 196, 47.84, 10.00, 43.06, '2013-12-30 16:51:31'),
(1950, 11, 197, 50.94, 10.00, 45.85, '2013-12-30 16:51:31'),
(1951, 11, 198, 50.94, 10.00, 45.85, '2013-12-30 16:51:31'),
(1952, 11, 199, 50.94, 10.00, 45.85, '2013-12-30 16:51:31'),
(1953, 11, 200, 49.07, 10.00, 44.16, '2013-12-30 16:51:31'),
(1954, 11, 201, 49.07, 10.00, 44.16, '2013-12-30 16:51:31'),
(1955, 11, 202, 49.07, 10.00, 44.16, '2013-12-30 16:51:31'),
(1956, 11, 203, 49.07, 10.00, 44.16, '2013-12-30 16:51:31'),
(1957, 11, 204, 202.32, 10.00, 182.09, '2013-12-30 16:51:31'),
(1958, 11, 205, 202.32, 10.00, 182.09, '2013-12-30 16:51:31'),
(1959, 11, 206, 202.32, 10.00, 182.09, '2013-12-30 16:51:31'),
(1960, 11, 207, 202.32, 10.00, 182.09, '2013-12-30 16:51:32'),
(1961, 11, 208, 220.11, 10.00, 198.10, '2013-12-30 16:51:32'),
(1962, 11, 209, 220.11, 10.00, 198.10, '2013-12-30 16:51:32'),
(1963, 11, 210, 220.11, 10.00, 198.10, '2013-12-30 16:51:32'),
(1964, 11, 211, 220.11, 10.00, 198.10, '2013-12-30 16:51:32'),
(1965, 11, 212, 291.06, 10.00, 261.95, '2013-12-30 16:51:32'),
(1966, 11, 213, 291.06, 10.00, 261.95, '2013-12-30 16:51:32'),
(1967, 11, 214, 291.06, 10.00, 261.95, '2013-12-30 16:51:32'),
(1968, 11, 215, 291.06, 10.00, 261.95, '2013-12-30 16:51:32'),
(1969, 11, 216, 291.06, 10.00, 261.95, '2013-12-30 16:51:32'),
(1970, 11, 217, 291.06, 10.00, 261.95, '2013-12-30 16:51:32'),
(1971, 11, 218, 212.00, 10.00, 190.80, '2013-12-30 16:51:32'),
(1972, 11, 219, 212.00, 10.00, 190.80, '2013-12-30 16:51:32'),
(1973, 11, 220, 212.00, 10.00, 190.80, '2013-12-30 16:51:32'),
(1974, 11, 221, 212.00, 10.00, 190.80, '2013-12-30 16:51:32'),
(1975, 11, 222, 212.00, 10.00, 190.80, '2013-12-30 16:51:32'),
(1976, 11, 223, 212.00, 10.00, 190.80, '2013-12-30 16:51:32'),
(1977, 11, 224, 347.29, 10.00, 312.56, '2013-12-30 16:51:32'),
(1978, 11, 225, 202.59, 10.00, 182.33, '2013-12-30 16:51:32'),
(1979, 11, 226, 225.74, 10.00, 203.17, '2013-12-30 16:51:32'),
(1980, 11, 227, 225.74, 10.00, 203.17, '2013-12-30 16:51:32'),
(1981, 11, 228, 225.74, 10.00, 203.17, '2013-12-30 16:51:33'),
(1982, 11, 229, 200.11, 10.00, 180.10, '2013-12-30 16:51:33'),
(1983, 11, 230, 200.11, 10.00, 180.10, '2013-12-30 16:51:33'),
(1984, 11, 231, 200.11, 10.00, 180.10, '2013-12-30 16:51:33'),
(1985, 11, 232, 200.11, 10.00, 180.10, '2013-12-30 16:51:33'),
(1986, 11, 233, 20.00, 10.00, 18.00, '2013-12-30 16:51:33'),
(1987, 11, 234, 38.00, 10.00, 34.20, '2013-12-30 16:51:33'),
(1988, 11, 235, 31.61, 10.00, 28.45, '2013-12-30 16:51:33'),
(1989, 11, 236, 31.61, 10.00, 28.45, '2013-12-30 16:51:33'),
(1990, 11, 237, 31.61, 10.00, 28.45, '2013-12-30 16:51:33'),
(1991, 11, 238, 61.60, 10.00, 55.44, '2013-12-30 16:51:33'),
(1992, 11, 239, 150.00, 10.00, 135.00, '2013-12-30 16:51:33'),
(1993, 11, 240, 80.49, 10.00, 72.44, '2013-12-30 16:51:33'),
(1994, 11, 241, 80.49, 10.00, 72.44, '2013-12-30 16:51:33'),
(1995, 11, 242, 80.49, 10.00, 72.44, '2013-12-30 16:51:33'),
(1996, 11, 243, 80.49, 10.00, 72.44, '2013-12-30 16:51:33'),
(1997, 11, 244, 80.49, 10.00, 72.44, '2013-12-30 16:51:33'),
(1998, 11, 245, 80.49, 10.00, 72.44, '2013-12-30 16:51:33'),
(1999, 11, 246, 78.28, 10.00, 70.45, '2013-12-30 16:51:33'),
(2000, 11, 247, 78.28, 10.00, 70.45, '2013-12-30 16:51:33'),
(2001, 11, 248, 78.28, 10.00, 70.45, '2013-12-30 16:51:33'),
(2002, 11, 249, 178.50, 10.00, 160.65, '2013-12-30 16:51:34'),
(2003, 11, 250, 80.49, 10.00, 72.44, '2013-12-30 16:51:34'),
(2004, 11, 251, 80.49, 10.00, 72.44, '2013-12-30 16:51:34'),
(2005, 11, 252, 80.49, 10.00, 72.44, '2013-12-30 16:51:34'),
(2006, 11, 253, 80.49, 10.00, 72.44, '2013-12-30 16:51:34'),
(2007, 11, 254, 80.49, 10.00, 72.44, '2013-12-30 16:51:34'),
(2008, 11, 255, 80.49, 10.00, 72.44, '2013-12-30 16:51:34'),
(2009, 11, 256, 352.25, 10.00, 317.02, '2013-12-30 16:51:34'),
(2010, 11, 257, 315.00, 10.00, 283.50, '2013-12-30 16:51:34'),
(2011, 11, 258, 183.75, 10.00, 165.37, '2013-12-30 16:51:34'),
(2012, 11, 259, 183.75, 10.00, 165.37, '2013-12-30 16:51:34'),
(2013, 11, 260, 183.75, 10.00, 165.37, '2013-12-30 16:51:34'),
(2014, 11, 261, 183.75, 10.00, 165.37, '2013-12-30 16:51:34'),
(2015, 11, 262, 183.75, 10.00, 165.37, '2013-12-30 16:51:34'),
(2016, 11, 263, 183.75, 10.00, 165.37, '2013-12-30 16:51:34'),
(2017, 11, 264, 89.25, 10.00, 80.32, '2013-12-30 16:51:34'),
(2018, 11, 265, 173.25, 10.00, 155.92, '2013-12-30 16:51:34'),
(2019, 11, 266, 173.25, 10.00, 155.92, '2013-12-30 16:51:34'),
(2020, 11, 267, 173.25, 10.00, 155.92, '2013-12-30 16:51:34'),
(2021, 11, 268, 173.25, 10.00, 155.92, '2013-12-30 16:51:34'),
(2022, 11, 269, 154.00, 10.00, 138.60, '2013-12-30 16:51:34'),
(2023, 11, 270, 154.00, 10.00, 138.60, '2013-12-30 16:51:34'),
(2024, 11, 271, 154.00, 10.00, 138.60, '2013-12-30 16:51:34'),
(2025, 11, 272, 154.00, 10.00, 138.60, '2013-12-30 16:51:34'),
(2026, 11, 273, 154.00, 10.00, 138.60, '2013-12-30 16:51:35'),
(2027, 11, 274, 154.00, 10.00, 138.60, '2013-12-30 16:51:35'),
(2028, 11, 275, 154.00, 10.00, 138.60, '2013-12-30 16:51:35'),
(2029, 11, 276, 154.00, 10.00, 138.60, '2013-12-30 16:51:35'),
(2030, 11, 277, 87.15, 10.00, 78.43, '2013-12-30 16:51:35'),
(2031, 11, 278, 87.15, 10.00, 78.43, '2013-12-30 16:51:35'),
(2032, 11, 279, 87.15, 10.00, 78.43, '2013-12-30 16:51:35'),
(2033, 11, 280, 87.15, 10.00, 78.43, '2013-12-30 16:51:35'),
(2034, 11, 281, 87.15, 10.00, 78.43, '2013-12-30 16:51:35'),
(2035, 11, 282, 87.15, 10.00, 78.43, '2013-12-30 16:51:35'),
(2036, 11, 283, 87.15, 10.00, 78.43, '2013-12-30 16:51:35'),
(2037, 11, 284, 87.15, 10.00, 78.43, '2013-12-30 16:51:35'),
(2038, 11, 285, 73.85, 10.00, 66.46, '2013-12-30 16:51:35'),
(2039, 11, 286, 73.85, 10.00, 66.46, '2013-12-30 16:51:35'),
(2040, 11, 287, 73.85, 10.00, 66.46, '2013-12-30 16:51:35'),
(2041, 11, 288, 73.85, 10.00, 66.46, '2013-12-30 16:51:35'),
(2042, 11, 289, 310.00, 10.00, 279.00, '2013-12-30 16:51:35'),
(2043, 11, 290, 310.00, 10.00, 279.00, '2013-12-30 16:51:35'),
(2044, 11, 291, 310.00, 10.00, 279.00, '2013-12-30 16:51:35'),
(2045, 11, 292, 310.00, 10.00, 279.00, '2013-12-30 16:51:35'),
(2046, 11, 293, 310.00, 10.00, 279.00, '2013-12-30 16:51:35'),
(2047, 11, 294, 310.00, 10.00, 279.00, '2013-12-30 16:51:35'),
(2048, 11, 295, 310.00, 10.00, 279.00, '2013-12-30 16:51:36'),
(2049, 11, 296, 310.00, 10.00, 279.00, '2013-12-30 16:51:36'),
(2050, 11, 297, 89.25, 10.00, 80.32, '2013-12-30 16:51:36'),
(2051, 11, 298, 173.25, 10.00, 155.92, '2013-12-30 16:51:36'),
(2052, 11, 299, 173.25, 10.00, 155.92, '2013-12-30 16:51:36'),
(2053, 11, 300, 173.25, 10.00, 155.92, '2013-12-30 16:51:36'),
(2054, 11, 301, 173.25, 10.00, 155.92, '2013-12-30 16:51:36'),
(2055, 11, 441, 13.25, 20.00, 10.60, '2013-12-30 16:51:36'),
(2056, 11, 442, 22.75, 20.00, 18.20, '2013-12-30 16:51:36'),
(2057, 11, 443, 39.25, 20.00, 31.40, '2013-12-30 16:51:36'),
(2058, 11, 444, 65.25, 20.00, 52.20, '2013-12-30 16:51:36'),
(2059, 11, 445, 75.69, 20.00, 60.55, '2013-12-30 16:51:36'),
(2060, 11, 446, 14.95, 20.00, 11.96, '2013-12-30 16:51:36'),
(2061, 11, 447, 15.50, 20.00, 12.40, '2013-12-30 16:51:36'),
(2062, 11, 448, 28.81, 20.00, 23.05, '2013-12-30 16:51:36'),
(2063, 11, 449, 49.94, 20.00, 39.95, '2013-12-30 16:51:36'),
(2064, 11, 450, 106.18, 20.00, 84.94, '2013-12-30 16:51:36'),
(2065, 11, 451, 79.95, 20.00, 63.96, '2013-12-30 16:51:36'),
(2066, 11, 452, 79.95, 20.00, 63.96, '2013-12-30 16:51:36'),
(2067, 11, 453, 119.95, 20.00, 95.96, '2013-12-30 16:51:36'),
(2068, 11, 463, 13.09, 40.00, 7.85, '2013-12-30 16:51:36'),
(2069, 11, 464, 18.16, 40.00, 10.90, '2013-12-30 16:51:36'),
(2070, 11, 465, 23.11, 40.00, 13.87, '2013-12-30 16:51:36'),
(2071, 11, 466, 28.98, 40.00, 17.39, '2013-12-30 16:51:36'),
(2072, 11, 467, 13.09, 40.00, 7.85, '2013-12-30 16:51:37'),
(2073, 11, 468, 18.16, 40.00, 10.90, '2013-12-30 16:51:37'),
(2074, 11, 469, 23.11, 40.00, 13.87, '2013-12-30 16:51:37'),
(2075, 11, 470, 28.98, 40.00, 17.39, '2013-12-30 16:51:37'),
(2076, 11, 471, 13.09, 40.00, 7.85, '2013-12-30 16:51:37'),
(2077, 11, 472, 18.16, 40.00, 10.90, '2013-12-30 16:51:37'),
(2078, 11, 473, 23.11, 40.00, 13.87, '2013-12-30 16:51:37'),
(2079, 11, 474, 28.98, 40.00, 17.39, '2013-12-30 16:51:37'),
(2080, 12, 1, 79.81, 20.00, 63.85, '2013-12-30 16:51:43'),
(2081, 12, 2, 141.06, 20.00, 112.85, '2013-12-30 16:51:43'),
(2082, 12, 3, 278.11, 20.00, 222.49, '2013-12-30 16:51:43'),
(2083, 12, 4, 401.08, 20.00, 320.86, '2013-12-30 16:51:43'),
(2084, 12, 5, 74.72, 30.00, 52.30, '2013-12-30 16:51:43'),
(2085, 12, 6, 87.91, 30.00, 61.54, '2013-12-30 16:51:44'),
(2086, 12, 7, 113.93, 30.00, 79.75, '2013-12-30 16:51:44'),
(2087, 12, 8, 146.43, 30.00, 102.50, '2013-12-30 16:51:44'),
(2088, 12, 9, 148.90, 30.00, 104.23, '2013-12-30 16:51:44'),
(2089, 12, 10, 170.80, 30.00, 119.56, '2013-12-30 16:51:44'),
(2090, 12, 11, 53.53, 30.00, 37.47, '2013-12-30 16:51:44'),
(2091, 12, 12, 101.46, 30.00, 71.02, '2013-12-30 16:51:44'),
(2092, 12, 13, 179.35, 30.00, 125.54, '2013-12-30 16:51:44'),
(2093, 12, 15, 141.91, 30.00, 99.34, '2013-12-30 16:51:44'),
(2094, 12, 16, 188.03, 30.00, 131.62, '2013-12-30 16:51:44'),
(2095, 12, 17, 188.03, 30.00, 131.62, '2013-12-30 16:51:44'),
(2096, 12, 18, 282.93, 30.00, 198.05, '2013-12-30 16:51:44'),
(2097, 12, 19, 471.57, 30.00, 330.10, '2013-12-30 16:51:44'),
(2098, 12, 20, 518.68, 30.00, 363.08, '2013-12-30 16:51:44'),
(2099, 12, 21, 650.77, 30.00, 455.54, '2013-12-30 16:51:44'),
(2100, 12, 22, 519.18, 30.00, 363.43, '2013-12-30 16:51:44'),
(2101, 12, 23, 622.94, 30.00, 436.06, '2013-12-30 16:51:44'),
(2102, 12, 24, 992.31, 20.00, 793.85, '2013-12-30 16:51:44'),
(2103, 12, 25, 1110.44, 20.00, 888.35, '2013-12-30 16:51:44'),
(2104, 12, 26, 30.57, 20.00, 24.46, '2013-12-30 16:51:44'),
(2105, 12, 27, 38.16, 20.00, 30.53, '2013-12-30 16:51:44'),
(2106, 12, 28, 43.24, 20.00, 34.59, '2013-12-30 16:51:44'),
(2107, 12, 29, 45.79, 20.00, 36.63, '2013-12-30 16:51:44'),
(2108, 12, 30, 63.54, 20.00, 50.83, '2013-12-30 16:51:45'),
(2109, 12, 31, 76.27, 20.00, 61.02, '2013-12-30 16:51:45'),
(2110, 12, 32, 91.57, 20.00, 73.26, '2013-12-30 16:51:45'),
(2111, 12, 33, 37.03, 20.00, 29.62, '2013-12-30 16:51:45'),
(2112, 12, 34, 46.15, 20.00, 36.92, '2013-12-30 16:51:45'),
(2113, 12, 35, 55.60, 20.00, 44.48, '2013-12-30 16:51:45'),
(2114, 12, 36, 65.06, 20.00, 52.05, '2013-12-30 16:51:45'),
(2115, 12, 67, 78.57, 20.00, 62.86, '2013-12-30 16:51:45'),
(2116, 12, 68, 98.18, 20.00, 78.54, '2013-12-30 16:51:45'),
(2117, 12, 69, 117.87, 20.00, 94.30, '2013-12-30 16:51:45'),
(2118, 12, 70, 351.71, 40.00, 211.03, '2013-12-30 16:51:45'),
(2119, 12, 71, 439.65, 40.00, 263.79, '2013-12-30 16:51:45'),
(2120, 12, 72, 527.60, 40.00, 316.56, '2013-12-30 16:51:45'),
(2121, 12, 146, 144.65, 20.00, 115.72, '2013-12-30 16:51:45'),
(2122, 12, 147, 210.10, 20.00, 168.08, '2013-12-30 16:51:45'),
(2123, 12, 148, 324.30, 20.00, 259.44, '2013-12-30 16:51:45'),
(2124, 12, 149, 144.65, 20.00, 115.72, '2013-12-30 16:51:45'),
(2125, 12, 150, 324.30, 20.00, 259.44, '2013-12-30 16:51:45'),
(2126, 12, 151, 144.65, 20.00, 115.72, '2013-12-30 16:51:45'),
(2127, 12, 152, 332.55, 20.00, 266.04, '2013-12-30 16:51:45'),
(2128, 12, 186, 44.88, 10.00, 40.39, '2013-12-30 16:51:45'),
(2129, 12, 187, 41.91, 10.00, 37.72, '2013-12-30 16:51:45'),
(2130, 12, 188, 44.00, 10.00, 39.60, '2013-12-30 16:51:46'),
(2131, 12, 189, 44.00, 10.00, 39.60, '2013-12-30 16:51:46'),
(2132, 12, 190, 44.00, 10.00, 39.60, '2013-12-30 16:51:46'),
(2133, 12, 191, 42.00, 10.00, 37.80, '2013-12-30 16:51:46'),
(2134, 12, 192, 44.00, 10.00, 39.60, '2013-12-30 16:51:46'),
(2135, 12, 193, 44.00, 10.00, 39.60, '2013-12-30 16:51:46'),
(2136, 12, 194, 44.00, 10.00, 39.60, '2013-12-30 16:51:46'),
(2137, 12, 195, 46.20, 10.00, 41.58, '2013-12-30 16:51:46'),
(2138, 12, 196, 47.84, 10.00, 43.06, '2013-12-30 16:51:46'),
(2139, 12, 197, 50.94, 10.00, 45.85, '2013-12-30 16:51:46'),
(2140, 12, 198, 50.94, 10.00, 45.85, '2013-12-30 16:51:46'),
(2141, 12, 199, 50.94, 10.00, 45.85, '2013-12-30 16:51:46'),
(2142, 12, 200, 49.07, 10.00, 44.16, '2013-12-30 16:51:46'),
(2143, 12, 201, 49.07, 10.00, 44.16, '2013-12-30 16:51:46'),
(2144, 12, 202, 49.07, 10.00, 44.16, '2013-12-30 16:51:46'),
(2145, 12, 203, 49.07, 10.00, 44.16, '2013-12-30 16:51:46'),
(2146, 12, 204, 202.32, 10.00, 182.09, '2013-12-30 16:51:46'),
(2147, 12, 205, 202.32, 10.00, 182.09, '2013-12-30 16:51:46'),
(2148, 12, 206, 202.32, 10.00, 182.09, '2013-12-30 16:51:46'),
(2149, 12, 207, 202.32, 10.00, 182.09, '2013-12-30 16:51:46'),
(2150, 12, 208, 220.11, 10.00, 198.10, '2013-12-30 16:51:46'),
(2151, 12, 209, 220.11, 10.00, 198.10, '2013-12-30 16:51:46'),
(2152, 12, 210, 220.11, 10.00, 198.10, '2013-12-30 16:51:46'),
(2153, 12, 211, 220.11, 10.00, 198.10, '2013-12-30 16:51:46'),
(2154, 12, 212, 291.06, 10.00, 261.95, '2013-12-30 16:51:47'),
(2155, 12, 213, 291.06, 10.00, 261.95, '2013-12-30 16:51:47'),
(2156, 12, 214, 291.06, 10.00, 261.95, '2013-12-30 16:51:47'),
(2157, 12, 215, 291.06, 10.00, 261.95, '2013-12-30 16:51:47'),
(2158, 12, 216, 291.06, 10.00, 261.95, '2013-12-30 16:51:47'),
(2159, 12, 217, 291.06, 10.00, 261.95, '2013-12-30 16:51:47'),
(2160, 12, 218, 212.00, 10.00, 190.80, '2013-12-30 16:51:47'),
(2161, 12, 219, 212.00, 10.00, 190.80, '2013-12-30 16:51:47'),
(2162, 12, 220, 212.00, 10.00, 190.80, '2013-12-30 16:51:47'),
(2163, 12, 221, 212.00, 10.00, 190.80, '2013-12-30 16:51:47'),
(2164, 12, 222, 212.00, 10.00, 190.80, '2013-12-30 16:51:47'),
(2165, 12, 223, 212.00, 10.00, 190.80, '2013-12-30 16:51:47'),
(2166, 12, 224, 347.29, 10.00, 312.56, '2013-12-30 16:51:47'),
(2167, 12, 225, 202.59, 10.00, 182.33, '2013-12-30 16:51:47'),
(2168, 12, 226, 225.74, 10.00, 203.17, '2013-12-30 16:51:47'),
(2169, 12, 227, 225.74, 10.00, 203.17, '2013-12-30 16:51:47'),
(2170, 12, 228, 225.74, 10.00, 203.17, '2013-12-30 16:51:47'),
(2171, 12, 229, 200.11, 10.00, 180.10, '2013-12-30 16:51:47'),
(2172, 12, 230, 200.11, 10.00, 180.10, '2013-12-30 16:51:47'),
(2173, 12, 231, 200.11, 10.00, 180.10, '2013-12-30 16:51:47'),
(2174, 12, 232, 200.11, 10.00, 180.10, '2013-12-30 16:51:48'),
(2175, 12, 233, 20.00, 10.00, 18.00, '2013-12-30 16:51:48'),
(2176, 12, 234, 38.00, 10.00, 34.20, '2013-12-30 16:51:48'),
(2177, 12, 235, 31.61, 10.00, 28.45, '2013-12-30 16:51:48'),
(2178, 12, 236, 31.61, 10.00, 28.45, '2013-12-30 16:51:48'),
(2179, 12, 237, 31.61, 10.00, 28.45, '2013-12-30 16:51:48'),
(2180, 12, 238, 61.60, 10.00, 55.44, '2013-12-30 16:51:48'),
(2181, 12, 239, 150.00, 10.00, 135.00, '2013-12-30 16:51:48'),
(2182, 12, 240, 80.49, 10.00, 72.44, '2013-12-30 16:51:48'),
(2183, 12, 241, 80.49, 10.00, 72.44, '2013-12-30 16:51:48'),
(2184, 12, 242, 80.49, 10.00, 72.44, '2013-12-30 16:51:48'),
(2185, 12, 243, 80.49, 10.00, 72.44, '2013-12-30 16:51:48'),
(2186, 12, 244, 80.49, 10.00, 72.44, '2013-12-30 16:51:48'),
(2187, 12, 245, 80.49, 10.00, 72.44, '2013-12-30 16:51:48'),
(2188, 12, 246, 78.28, 10.00, 70.45, '2013-12-30 16:51:48'),
(2189, 12, 247, 78.28, 10.00, 70.45, '2013-12-30 16:51:48'),
(2190, 12, 248, 78.28, 10.00, 70.45, '2013-12-30 16:51:48'),
(2191, 12, 249, 178.50, 10.00, 160.65, '2013-12-30 16:51:48'),
(2192, 12, 250, 80.49, 10.00, 72.44, '2013-12-30 16:51:48'),
(2193, 12, 251, 80.49, 10.00, 72.44, '2013-12-30 16:51:48'),
(2194, 12, 252, 80.49, 10.00, 72.44, '2013-12-30 16:51:48'),
(2195, 12, 253, 80.49, 10.00, 72.44, '2013-12-30 16:51:48'),
(2196, 12, 254, 80.49, 10.00, 72.44, '2013-12-30 16:51:48'),
(2197, 12, 255, 80.49, 10.00, 72.44, '2013-12-30 16:51:49'),
(2198, 12, 256, 352.25, 10.00, 317.02, '2013-12-30 16:51:49'),
(2199, 12, 257, 315.00, 10.00, 283.50, '2013-12-30 16:51:49'),
(2200, 12, 258, 183.75, 10.00, 165.37, '2013-12-30 16:51:49'),
(2201, 12, 259, 183.75, 10.00, 165.37, '2013-12-30 16:51:49'),
(2202, 12, 260, 183.75, 10.00, 165.37, '2013-12-30 16:51:49'),
(2203, 12, 261, 183.75, 10.00, 165.37, '2013-12-30 16:51:49'),
(2204, 12, 262, 183.75, 10.00, 165.37, '2013-12-30 16:51:49'),
(2205, 12, 263, 183.75, 10.00, 165.37, '2013-12-30 16:51:49'),
(2206, 12, 264, 89.25, 10.00, 80.32, '2013-12-30 16:51:49'),
(2207, 12, 265, 173.25, 10.00, 155.92, '2013-12-30 16:51:49'),
(2208, 12, 266, 173.25, 10.00, 155.92, '2013-12-30 16:51:49'),
(2209, 12, 267, 173.25, 10.00, 155.92, '2013-12-30 16:51:49'),
(2210, 12, 268, 173.25, 10.00, 155.92, '2013-12-30 16:51:49'),
(2211, 12, 269, 154.00, 10.00, 138.60, '2013-12-30 16:51:49'),
(2212, 12, 270, 154.00, 10.00, 138.60, '2013-12-30 16:51:49'),
(2213, 12, 271, 154.00, 10.00, 138.60, '2013-12-30 16:51:49'),
(2214, 12, 272, 154.00, 10.00, 138.60, '2013-12-30 16:51:49'),
(2215, 12, 273, 154.00, 10.00, 138.60, '2013-12-30 16:51:49'),
(2216, 12, 274, 154.00, 10.00, 138.60, '2013-12-30 16:51:49'),
(2217, 12, 275, 154.00, 10.00, 138.60, '2013-12-30 16:51:49'),
(2218, 12, 276, 154.00, 10.00, 138.60, '2013-12-30 16:51:49'),
(2219, 12, 277, 87.15, 10.00, 78.43, '2013-12-30 16:51:50'),
(2220, 12, 278, 87.15, 10.00, 78.43, '2013-12-30 16:51:50'),
(2221, 12, 279, 87.15, 10.00, 78.43, '2013-12-30 16:51:50'),
(2222, 12, 280, 87.15, 10.00, 78.43, '2013-12-30 16:51:50'),
(2223, 12, 281, 87.15, 10.00, 78.43, '2013-12-30 16:51:50'),
(2224, 12, 282, 87.15, 10.00, 78.43, '2013-12-30 16:51:50'),
(2225, 12, 283, 87.15, 10.00, 78.43, '2013-12-30 16:51:50'),
(2226, 12, 284, 87.15, 10.00, 78.43, '2013-12-30 16:51:50'),
(2227, 12, 285, 73.85, 10.00, 66.46, '2013-12-30 16:51:50'),
(2228, 12, 286, 73.85, 10.00, 66.46, '2013-12-30 16:51:50'),
(2229, 12, 287, 73.85, 10.00, 66.46, '2013-12-30 16:51:50'),
(2230, 12, 288, 73.85, 10.00, 66.46, '2013-12-30 16:51:50'),
(2231, 12, 289, 310.00, 10.00, 279.00, '2013-12-30 16:51:50'),
(2232, 12, 290, 310.00, 10.00, 279.00, '2013-12-30 16:51:50'),
(2233, 12, 291, 310.00, 10.00, 279.00, '2013-12-30 16:51:50'),
(2234, 12, 292, 310.00, 10.00, 279.00, '2013-12-30 16:51:50'),
(2235, 12, 293, 310.00, 10.00, 279.00, '2013-12-30 16:51:50'),
(2236, 12, 294, 310.00, 10.00, 279.00, '2013-12-30 16:51:51'),
(2237, 12, 295, 310.00, 10.00, 279.00, '2013-12-30 16:51:51'),
(2238, 12, 296, 310.00, 10.00, 279.00, '2013-12-30 16:51:51'),
(2239, 12, 297, 89.25, 10.00, 80.32, '2013-12-30 16:51:51'),
(2240, 12, 298, 173.25, 10.00, 155.92, '2013-12-30 16:51:51'),
(2241, 12, 299, 173.25, 10.00, 155.92, '2013-12-30 16:51:51'),
(2242, 12, 300, 173.25, 10.00, 155.92, '2013-12-30 16:51:51'),
(2243, 12, 301, 173.25, 10.00, 155.92, '2013-12-30 16:51:51'),
(2244, 12, 441, 13.25, 20.00, 10.60, '2013-12-30 16:51:51'),
(2245, 12, 442, 22.75, 20.00, 18.20, '2013-12-30 16:51:51'),
(2246, 12, 443, 39.25, 20.00, 31.40, '2013-12-30 16:51:51'),
(2247, 12, 444, 65.25, 20.00, 52.20, '2013-12-30 16:51:51'),
(2248, 12, 445, 75.69, 20.00, 60.55, '2013-12-30 16:51:51'),
(2249, 12, 446, 14.95, 20.00, 11.96, '2013-12-30 16:51:51'),
(2250, 12, 447, 15.50, 20.00, 12.40, '2013-12-30 16:51:51'),
(2251, 12, 448, 28.81, 20.00, 23.05, '2013-12-30 16:51:51'),
(2252, 12, 449, 49.94, 20.00, 39.95, '2013-12-30 16:51:51'),
(2253, 12, 450, 106.18, 20.00, 84.94, '2013-12-30 16:51:51'),
(2254, 12, 451, 79.95, 20.00, 63.96, '2013-12-30 16:51:51'),
(2255, 12, 452, 79.95, 20.00, 63.96, '2013-12-30 16:51:52'),
(2256, 12, 453, 119.95, 20.00, 95.96, '2013-12-30 16:51:52'),
(2257, 12, 463, 13.09, 40.00, 7.85, '2013-12-30 16:51:52'),
(2258, 12, 464, 18.16, 40.00, 10.90, '2013-12-30 16:51:52'),
(2259, 12, 465, 23.11, 40.00, 13.87, '2013-12-30 16:51:52'),
(2260, 12, 466, 28.98, 40.00, 17.39, '2013-12-30 16:51:52'),
(2261, 12, 467, 13.09, 40.00, 7.85, '2013-12-30 16:51:52'),
(2262, 12, 468, 18.16, 40.00, 10.90, '2013-12-30 16:51:52'),
(2263, 12, 469, 23.11, 40.00, 13.87, '2013-12-30 16:51:52'),
(2264, 12, 470, 28.98, 40.00, 17.39, '2013-12-30 16:51:52'),
(2265, 12, 471, 13.09, 40.00, 7.85, '2013-12-30 16:51:52'),
(2266, 12, 472, 18.16, 40.00, 10.90, '2013-12-30 16:51:52'),
(2267, 12, 473, 23.11, 40.00, 13.87, '2013-12-30 16:51:52'),
(2268, 12, 474, 28.98, 40.00, 17.39, '2013-12-30 16:51:52'),
(2269, 13, 1, 79.81, 20.00, 63.85, '2013-12-30 16:52:00'),
(2270, 13, 2, 141.06, 20.00, 112.85, '2013-12-30 16:52:00'),
(2271, 13, 3, 278.11, 20.00, 222.49, '2013-12-30 16:52:00'),
(2272, 13, 4, 401.08, 20.00, 320.86, '2013-12-30 16:52:00'),
(2273, 13, 5, 74.72, 30.00, 52.30, '2013-12-30 16:52:00'),
(2274, 13, 6, 87.91, 30.00, 61.54, '2013-12-30 16:52:00'),
(2275, 13, 7, 113.93, 30.00, 79.75, '2013-12-30 16:52:00'),
(2276, 13, 8, 146.43, 30.00, 102.50, '2013-12-30 16:52:00'),
(2277, 13, 9, 148.90, 30.00, 104.23, '2013-12-30 16:52:00'),
(2278, 13, 10, 170.80, 30.00, 119.56, '2013-12-30 16:52:00'),
(2279, 13, 11, 53.53, 30.00, 37.47, '2013-12-30 16:52:00'),
(2280, 13, 12, 101.46, 30.00, 71.02, '2013-12-30 16:52:00'),
(2281, 13, 13, 179.35, 30.00, 125.54, '2013-12-30 16:52:00'),
(2282, 13, 15, 141.91, 30.00, 99.34, '2013-12-30 16:52:00'),
(2283, 13, 16, 188.03, 30.00, 131.62, '2013-12-30 16:52:00'),
(2284, 13, 17, 188.03, 30.00, 131.62, '2013-12-30 16:52:00'),
(2285, 13, 18, 282.93, 30.00, 198.05, '2013-12-30 16:52:00'),
(2286, 13, 19, 471.57, 30.00, 330.10, '2013-12-30 16:52:00'),
(2287, 13, 20, 518.68, 30.00, 363.08, '2013-12-30 16:52:00'),
(2288, 13, 21, 650.77, 30.00, 455.54, '2013-12-30 16:52:00'),
(2289, 13, 22, 519.18, 30.00, 363.43, '2013-12-30 16:52:00'),
(2290, 13, 23, 622.94, 30.00, 436.06, '2013-12-30 16:52:01'),
(2291, 13, 24, 992.31, 20.00, 793.85, '2013-12-30 16:52:01'),
(2292, 13, 25, 1110.44, 20.00, 888.35, '2013-12-30 16:52:01'),
(2293, 13, 26, 30.57, 20.00, 24.46, '2013-12-30 16:52:01'),
(2294, 13, 27, 38.16, 20.00, 30.53, '2013-12-30 16:52:01'),
(2295, 13, 28, 43.24, 20.00, 34.59, '2013-12-30 16:52:01'),
(2296, 13, 29, 45.79, 20.00, 36.63, '2013-12-30 16:52:01'),
(2297, 13, 30, 63.54, 20.00, 50.83, '2013-12-30 16:52:01'),
(2298, 13, 31, 76.27, 20.00, 61.02, '2013-12-30 16:52:01'),
(2299, 13, 32, 91.57, 20.00, 73.26, '2013-12-30 16:52:01'),
(2300, 13, 33, 37.03, 20.00, 29.62, '2013-12-30 16:52:01'),
(2301, 13, 34, 46.15, 20.00, 36.92, '2013-12-30 16:52:01'),
(2302, 13, 35, 55.60, 20.00, 44.48, '2013-12-30 16:52:01'),
(2303, 13, 36, 65.06, 20.00, 52.05, '2013-12-30 16:52:01'),
(2304, 13, 67, 78.57, 20.00, 62.86, '2013-12-30 16:52:01'),
(2305, 13, 68, 98.18, 20.00, 78.54, '2013-12-30 16:52:01'),
(2306, 13, 69, 117.87, 20.00, 94.30, '2013-12-30 16:52:01'),
(2307, 13, 70, 351.71, 40.00, 211.03, '2013-12-30 16:52:01'),
(2308, 13, 71, 439.65, 40.00, 263.79, '2013-12-30 16:52:01'),
(2309, 13, 72, 527.60, 40.00, 316.56, '2013-12-30 16:52:01'),
(2310, 13, 146, 144.65, 20.00, 115.72, '2013-12-30 16:52:01'),
(2311, 13, 147, 210.10, 20.00, 168.08, '2013-12-30 16:52:02'),
(2312, 13, 148, 324.30, 20.00, 259.44, '2013-12-30 16:52:02'),
(2313, 13, 149, 144.65, 20.00, 115.72, '2013-12-30 16:52:02'),
(2314, 13, 150, 324.30, 20.00, 259.44, '2013-12-30 16:52:02'),
(2315, 13, 151, 144.65, 20.00, 115.72, '2013-12-30 16:52:02'),
(2316, 13, 152, 332.55, 20.00, 266.04, '2013-12-30 16:52:02'),
(2317, 13, 186, 44.88, 10.00, 40.39, '2013-12-30 16:52:02'),
(2318, 13, 187, 41.91, 10.00, 37.72, '2013-12-30 16:52:02'),
(2319, 13, 188, 44.00, 10.00, 39.60, '2013-12-30 16:52:02'),
(2320, 13, 189, 44.00, 10.00, 39.60, '2013-12-30 16:52:02'),
(2321, 13, 190, 44.00, 10.00, 39.60, '2013-12-30 16:52:02'),
(2322, 13, 191, 42.00, 10.00, 37.80, '2013-12-30 16:52:02'),
(2323, 13, 192, 44.00, 10.00, 39.60, '2013-12-30 16:52:02'),
(2324, 13, 193, 44.00, 10.00, 39.60, '2013-12-30 16:52:02'),
(2325, 13, 194, 44.00, 10.00, 39.60, '2013-12-30 16:52:02'),
(2326, 13, 195, 46.20, 10.00, 41.58, '2013-12-30 16:52:02'),
(2327, 13, 196, 47.84, 10.00, 43.06, '2013-12-30 16:52:02'),
(2328, 13, 197, 50.94, 10.00, 45.85, '2013-12-30 16:52:02'),
(2329, 13, 198, 50.94, 10.00, 45.85, '2013-12-30 16:52:02'),
(2330, 13, 199, 50.94, 10.00, 45.85, '2013-12-30 16:52:02'),
(2331, 13, 200, 49.07, 10.00, 44.16, '2013-12-30 16:52:02'),
(2332, 13, 201, 49.07, 10.00, 44.16, '2013-12-30 16:52:03'),
(2333, 13, 202, 49.07, 10.00, 44.16, '2013-12-30 16:52:03'),
(2334, 13, 203, 49.07, 10.00, 44.16, '2013-12-30 16:52:03'),
(2335, 13, 204, 202.32, 10.00, 182.09, '2013-12-30 16:52:03'),
(2336, 13, 205, 202.32, 10.00, 182.09, '2013-12-30 16:52:03'),
(2337, 13, 206, 202.32, 10.00, 182.09, '2013-12-30 16:52:03'),
(2338, 13, 207, 202.32, 10.00, 182.09, '2013-12-30 16:52:03'),
(2339, 13, 208, 220.11, 10.00, 198.10, '2013-12-30 16:52:03'),
(2340, 13, 209, 220.11, 10.00, 198.10, '2013-12-30 16:52:03'),
(2341, 13, 210, 220.11, 10.00, 198.10, '2013-12-30 16:52:03'),
(2342, 13, 211, 220.11, 10.00, 198.10, '2013-12-30 16:52:03'),
(2343, 13, 212, 291.06, 10.00, 261.95, '2013-12-30 16:52:03'),
(2344, 13, 213, 291.06, 10.00, 261.95, '2013-12-30 16:52:03'),
(2345, 13, 214, 291.06, 10.00, 261.95, '2013-12-30 16:52:03'),
(2346, 13, 215, 291.06, 10.00, 261.95, '2013-12-30 16:52:03'),
(2347, 13, 216, 291.06, 10.00, 261.95, '2013-12-30 16:52:03'),
(2348, 13, 217, 291.06, 10.00, 261.95, '2013-12-30 16:52:03'),
(2349, 13, 218, 212.00, 10.00, 190.80, '2013-12-30 16:52:03'),
(2350, 13, 219, 212.00, 10.00, 190.80, '2013-12-30 16:52:03'),
(2351, 13, 220, 212.00, 10.00, 190.80, '2013-12-30 16:52:03'),
(2352, 13, 221, 212.00, 10.00, 190.80, '2013-12-30 16:52:03'),
(2353, 13, 222, 212.00, 10.00, 190.80, '2013-12-30 16:52:03'),
(2354, 13, 223, 212.00, 10.00, 190.80, '2013-12-30 16:52:03'),
(2355, 13, 224, 347.29, 10.00, 312.56, '2013-12-30 16:52:03'),
(2356, 13, 225, 202.59, 10.00, 182.33, '2013-12-30 16:52:04'),
(2357, 13, 226, 225.74, 10.00, 203.17, '2013-12-30 16:52:04'),
(2358, 13, 227, 225.74, 10.00, 203.17, '2013-12-30 16:52:04'),
(2359, 13, 228, 225.74, 10.00, 203.17, '2013-12-30 16:52:04'),
(2360, 13, 229, 200.11, 10.00, 180.10, '2013-12-30 16:52:04'),
(2361, 13, 230, 200.11, 10.00, 180.10, '2013-12-30 16:52:04'),
(2362, 13, 231, 200.11, 10.00, 180.10, '2013-12-30 16:52:04'),
(2363, 13, 232, 200.11, 10.00, 180.10, '2013-12-30 16:52:04'),
(2364, 13, 233, 20.00, 10.00, 18.00, '2013-12-30 16:52:04'),
(2365, 13, 234, 38.00, 10.00, 34.20, '2013-12-30 16:52:04'),
(2366, 13, 235, 31.61, 10.00, 28.45, '2013-12-30 16:52:04'),
(2367, 13, 236, 31.61, 10.00, 28.45, '2013-12-30 16:52:04'),
(2368, 13, 237, 31.61, 10.00, 28.45, '2013-12-30 16:52:04'),
(2369, 13, 238, 61.60, 10.00, 55.44, '2013-12-30 16:52:04'),
(2370, 13, 239, 150.00, 10.00, 135.00, '2013-12-30 16:52:04'),
(2371, 13, 240, 80.49, 10.00, 72.44, '2013-12-30 16:52:04'),
(2372, 13, 241, 80.49, 10.00, 72.44, '2013-12-30 16:52:04'),
(2373, 13, 242, 80.49, 10.00, 72.44, '2013-12-30 16:52:04'),
(2374, 13, 243, 80.49, 10.00, 72.44, '2013-12-30 16:52:04'),
(2375, 13, 244, 80.49, 10.00, 72.44, '2013-12-30 16:52:04'),
(2376, 13, 245, 80.49, 10.00, 72.44, '2013-12-30 16:52:04'),
(2377, 13, 246, 78.28, 10.00, 70.45, '2013-12-30 16:52:04'),
(2378, 13, 247, 78.28, 10.00, 70.45, '2013-12-30 16:52:05'),
(2379, 13, 248, 78.28, 10.00, 70.45, '2013-12-30 16:52:05'),
(2380, 13, 249, 178.50, 10.00, 160.65, '2013-12-30 16:52:05'),
(2381, 13, 250, 80.49, 10.00, 72.44, '2013-12-30 16:52:05'),
(2382, 13, 251, 80.49, 10.00, 72.44, '2013-12-30 16:52:05'),
(2383, 13, 252, 80.49, 10.00, 72.44, '2013-12-30 16:52:05'),
(2384, 13, 253, 80.49, 10.00, 72.44, '2013-12-30 16:52:05'),
(2385, 13, 254, 80.49, 10.00, 72.44, '2013-12-30 16:52:05'),
(2386, 13, 255, 80.49, 10.00, 72.44, '2013-12-30 16:52:05'),
(2387, 13, 256, 352.25, 10.00, 317.02, '2013-12-30 16:52:05'),
(2388, 13, 257, 315.00, 10.00, 283.50, '2013-12-30 16:52:05'),
(2389, 13, 258, 183.75, 10.00, 165.37, '2013-12-30 16:52:05'),
(2390, 13, 259, 183.75, 10.00, 165.37, '2013-12-30 16:52:05'),
(2391, 13, 260, 183.75, 10.00, 165.37, '2013-12-30 16:52:05'),
(2392, 13, 261, 183.75, 10.00, 165.37, '2013-12-30 16:52:05'),
(2393, 13, 262, 183.75, 10.00, 165.37, '2013-12-30 16:52:05'),
(2394, 13, 263, 183.75, 10.00, 165.37, '2013-12-30 16:52:05'),
(2395, 13, 264, 89.25, 10.00, 80.32, '2013-12-30 16:52:05'),
(2396, 13, 265, 173.25, 10.00, 155.92, '2013-12-30 16:52:05'),
(2397, 13, 266, 173.25, 10.00, 155.92, '2013-12-30 16:52:05'),
(2398, 13, 267, 173.25, 10.00, 155.92, '2013-12-30 16:52:05'),
(2399, 13, 268, 173.25, 10.00, 155.92, '2013-12-30 16:52:05'),
(2400, 13, 269, 154.00, 10.00, 138.60, '2013-12-30 16:52:05'),
(2401, 13, 270, 154.00, 10.00, 138.60, '2013-12-30 16:52:05'),
(2402, 13, 271, 154.00, 10.00, 138.60, '2013-12-30 16:52:06'),
(2403, 13, 272, 154.00, 10.00, 138.60, '2013-12-30 16:52:06'),
(2404, 13, 273, 154.00, 10.00, 138.60, '2013-12-30 16:52:06'),
(2405, 13, 274, 154.00, 10.00, 138.60, '2013-12-30 16:52:06'),
(2406, 13, 275, 154.00, 10.00, 138.60, '2013-12-30 16:52:06'),
(2407, 13, 276, 154.00, 10.00, 138.60, '2013-12-30 16:52:06'),
(2408, 13, 277, 87.15, 10.00, 78.43, '2013-12-30 16:52:06'),
(2409, 13, 278, 87.15, 10.00, 78.43, '2013-12-30 16:52:06'),
(2410, 13, 279, 87.15, 10.00, 78.43, '2013-12-30 16:52:06'),
(2411, 13, 280, 87.15, 10.00, 78.43, '2013-12-30 16:52:06'),
(2412, 13, 281, 87.15, 10.00, 78.43, '2013-12-30 16:52:06'),
(2413, 13, 282, 87.15, 10.00, 78.43, '2013-12-30 16:52:06'),
(2414, 13, 283, 87.15, 10.00, 78.43, '2013-12-30 16:52:06'),
(2415, 13, 284, 87.15, 10.00, 78.43, '2013-12-30 16:52:06'),
(2416, 13, 285, 73.85, 10.00, 66.46, '2013-12-30 16:52:06'),
(2417, 13, 286, 73.85, 10.00, 66.46, '2013-12-30 16:52:06'),
(2418, 13, 287, 73.85, 10.00, 66.46, '2013-12-30 16:52:06'),
(2419, 13, 288, 73.85, 10.00, 66.46, '2013-12-30 16:52:06'),
(2420, 13, 289, 310.00, 10.00, 279.00, '2013-12-30 16:52:06'),
(2421, 13, 290, 310.00, 10.00, 279.00, '2013-12-30 16:52:06'),
(2422, 13, 291, 310.00, 10.00, 279.00, '2013-12-30 16:52:06'),
(2423, 13, 292, 310.00, 10.00, 279.00, '2013-12-30 16:52:06'),
(2424, 13, 293, 310.00, 10.00, 279.00, '2013-12-30 16:52:07'),
(2425, 13, 294, 310.00, 10.00, 279.00, '2013-12-30 16:52:07'),
(2426, 13, 295, 310.00, 10.00, 279.00, '2013-12-30 16:52:07'),
(2427, 13, 296, 310.00, 10.00, 279.00, '2013-12-30 16:52:07'),
(2428, 13, 297, 89.25, 10.00, 80.32, '2013-12-30 16:52:07'),
(2429, 13, 298, 173.25, 10.00, 155.92, '2013-12-30 16:52:07'),
(2430, 13, 299, 173.25, 10.00, 155.92, '2013-12-30 16:52:07'),
(2431, 13, 300, 173.25, 10.00, 155.92, '2013-12-30 16:52:07'),
(2432, 13, 301, 173.25, 10.00, 155.92, '2013-12-30 16:52:07'),
(2433, 13, 441, 13.25, 20.00, 10.60, '2013-12-30 16:52:07'),
(2434, 13, 442, 22.75, 20.00, 18.20, '2013-12-30 16:52:07'),
(2435, 13, 443, 39.25, 20.00, 31.40, '2013-12-30 16:52:07'),
(2436, 13, 444, 65.25, 20.00, 52.20, '2013-12-30 16:52:07'),
(2437, 13, 445, 75.69, 20.00, 60.55, '2013-12-30 16:52:07'),
(2438, 13, 446, 14.95, 20.00, 11.96, '2013-12-30 16:52:07'),
(2439, 13, 447, 15.50, 20.00, 12.40, '2013-12-30 16:52:07'),
(2440, 13, 448, 28.81, 20.00, 23.05, '2013-12-30 16:52:07'),
(2441, 13, 449, 49.94, 20.00, 39.95, '2013-12-30 16:52:07'),
(2442, 13, 450, 106.18, 20.00, 84.94, '2013-12-30 16:52:07'),
(2443, 13, 451, 79.95, 20.00, 63.96, '2013-12-30 16:52:07'),
(2444, 13, 452, 79.95, 20.00, 63.96, '2013-12-30 16:52:07'),
(2445, 13, 453, 119.95, 20.00, 95.96, '2013-12-30 16:52:07'),
(2446, 13, 463, 13.09, 40.00, 7.85, '2013-12-30 16:52:07'),
(2447, 13, 464, 18.16, 40.00, 10.90, '2013-12-30 16:52:07'),
(2448, 13, 465, 23.11, 40.00, 13.87, '2013-12-30 16:52:08'),
(2449, 13, 466, 28.98, 40.00, 17.39, '2013-12-30 16:52:08'),
(2450, 13, 467, 13.09, 40.00, 7.85, '2013-12-30 16:52:08'),
(2451, 13, 468, 18.16, 40.00, 10.90, '2013-12-30 16:52:08'),
(2452, 13, 469, 23.11, 40.00, 13.87, '2013-12-30 16:52:08'),
(2453, 13, 470, 28.98, 40.00, 17.39, '2013-12-30 16:52:08'),
(2454, 13, 471, 13.09, 40.00, 7.85, '2013-12-30 16:52:08'),
(2455, 13, 472, 18.16, 40.00, 10.90, '2013-12-30 16:52:08'),
(2456, 13, 473, 23.11, 40.00, 13.87, '2013-12-30 16:52:08'),
(2457, 13, 474, 28.98, 40.00, 17.39, '2013-12-30 16:52:08'),
(2458, 14, 1, 79.81, 20.00, 63.85, '2013-12-30 16:52:15'),
(2459, 14, 2, 141.06, 20.00, 112.85, '2013-12-30 16:52:15'),
(2460, 14, 3, 278.11, 20.00, 222.49, '2013-12-30 16:52:16'),
(2461, 14, 4, 401.08, 20.00, 320.86, '2013-12-30 16:52:16'),
(2462, 14, 5, 74.72, 30.00, 52.30, '2013-12-30 16:52:16'),
(2463, 14, 6, 87.91, 30.00, 61.54, '2013-12-30 16:52:16'),
(2464, 14, 7, 113.93, 30.00, 79.75, '2013-12-30 16:52:16'),
(2465, 14, 8, 146.43, 30.00, 102.50, '2013-12-30 16:52:16'),
(2466, 14, 9, 148.90, 30.00, 104.23, '2013-12-30 16:52:16'),
(2467, 14, 10, 170.80, 30.00, 119.56, '2013-12-30 16:52:16'),
(2468, 14, 11, 53.53, 30.00, 37.47, '2013-12-30 16:52:16'),
(2469, 14, 12, 101.46, 30.00, 71.02, '2013-12-30 16:52:16'),
(2470, 14, 13, 179.35, 30.00, 125.54, '2013-12-30 16:52:16'),
(2471, 14, 15, 141.91, 30.00, 99.34, '2013-12-30 16:52:16'),
(2472, 14, 16, 188.03, 30.00, 131.62, '2013-12-30 16:52:16'),
(2473, 14, 17, 188.03, 30.00, 131.62, '2013-12-30 16:52:16'),
(2474, 14, 18, 282.93, 30.00, 198.05, '2013-12-30 16:52:16'),
(2475, 14, 19, 471.57, 30.00, 330.10, '2013-12-30 16:52:16'),
(2476, 14, 20, 518.68, 30.00, 363.08, '2013-12-30 16:52:16'),
(2477, 14, 21, 650.77, 30.00, 455.54, '2013-12-30 16:52:16'),
(2478, 14, 22, 519.18, 30.00, 363.43, '2013-12-30 16:52:16'),
(2479, 14, 23, 622.94, 30.00, 436.06, '2013-12-30 16:52:16'),
(2480, 14, 24, 992.31, 20.00, 793.85, '2013-12-30 16:52:16'),
(2481, 14, 25, 1110.44, 20.00, 888.35, '2013-12-30 16:52:16'),
(2482, 14, 26, 30.57, 20.00, 24.46, '2013-12-30 16:52:16'),
(2483, 14, 27, 38.16, 20.00, 30.53, '2013-12-30 16:52:16'),
(2484, 14, 28, 43.24, 20.00, 34.59, '2013-12-30 16:52:17'),
(2485, 14, 29, 45.79, 20.00, 36.63, '2013-12-30 16:52:17'),
(2486, 14, 30, 63.54, 20.00, 50.83, '2013-12-30 16:52:17'),
(2487, 14, 31, 76.27, 20.00, 61.02, '2013-12-30 16:52:17'),
(2488, 14, 32, 91.57, 20.00, 73.26, '2013-12-30 16:52:17'),
(2489, 14, 33, 37.03, 20.00, 29.62, '2013-12-30 16:52:17'),
(2490, 14, 34, 46.15, 20.00, 36.92, '2013-12-30 16:52:17'),
(2491, 14, 35, 55.60, 20.00, 44.48, '2013-12-30 16:52:17'),
(2492, 14, 36, 65.06, 20.00, 52.05, '2013-12-30 16:52:17'),
(2493, 14, 67, 78.57, 20.00, 62.86, '2013-12-30 16:52:17'),
(2494, 14, 68, 98.18, 20.00, 78.54, '2013-12-30 16:52:17'),
(2495, 14, 69, 117.87, 20.00, 94.30, '2013-12-30 16:52:17'),
(2496, 14, 70, 351.71, 40.00, 211.03, '2013-12-30 16:52:17'),
(2497, 14, 71, 439.65, 40.00, 263.79, '2013-12-30 16:52:17'),
(2498, 14, 72, 527.60, 40.00, 316.56, '2013-12-30 16:52:17'),
(2499, 14, 146, 144.65, 20.00, 115.72, '2013-12-30 16:52:17'),
(2500, 14, 147, 210.10, 20.00, 168.08, '2013-12-30 16:52:17'),
(2501, 14, 148, 324.30, 20.00, 259.44, '2013-12-30 16:52:17'),
(2502, 14, 149, 144.65, 20.00, 115.72, '2013-12-30 16:52:17'),
(2503, 14, 150, 324.30, 20.00, 259.44, '2013-12-30 16:52:17'),
(2504, 14, 151, 144.65, 20.00, 115.72, '2013-12-30 16:52:17'),
(2505, 14, 152, 332.55, 20.00, 266.04, '2013-12-30 16:52:17'),
(2506, 14, 186, 44.88, 10.00, 40.39, '2013-12-30 16:52:18'),
(2507, 14, 187, 41.91, 10.00, 37.72, '2013-12-30 16:52:18'),
(2508, 14, 188, 44.00, 10.00, 39.60, '2013-12-30 16:52:18'),
(2509, 14, 189, 44.00, 10.00, 39.60, '2013-12-30 16:52:18'),
(2510, 14, 190, 44.00, 10.00, 39.60, '2013-12-30 16:52:18'),
(2511, 14, 191, 42.00, 10.00, 37.80, '2013-12-30 16:52:18'),
(2512, 14, 192, 44.00, 10.00, 39.60, '2013-12-30 16:52:18'),
(2513, 14, 193, 44.00, 10.00, 39.60, '2013-12-30 16:52:18'),
(2514, 14, 194, 44.00, 10.00, 39.60, '2013-12-30 16:52:18'),
(2515, 14, 195, 46.20, 10.00, 41.58, '2013-12-30 16:52:18'),
(2516, 14, 196, 47.84, 10.00, 43.06, '2013-12-30 16:52:18'),
(2517, 14, 197, 50.94, 10.00, 45.85, '2013-12-30 16:52:18'),
(2518, 14, 198, 50.94, 10.00, 45.85, '2013-12-30 16:52:18'),
(2519, 14, 199, 50.94, 10.00, 45.85, '2013-12-30 16:52:18'),
(2520, 14, 200, 49.07, 10.00, 44.16, '2013-12-30 16:52:18'),
(2521, 14, 201, 49.07, 10.00, 44.16, '2013-12-30 16:52:18'),
(2522, 14, 202, 49.07, 10.00, 44.16, '2013-12-30 16:52:18'),
(2523, 14, 203, 49.07, 10.00, 44.16, '2013-12-30 16:52:18'),
(2524, 14, 204, 202.32, 10.00, 182.09, '2013-12-30 16:52:18'),
(2525, 14, 205, 202.32, 10.00, 182.09, '2013-12-30 16:52:18'),
(2526, 14, 206, 202.32, 10.00, 182.09, '2013-12-30 16:52:18'),
(2527, 14, 207, 202.32, 10.00, 182.09, '2013-12-30 16:52:19'),
(2528, 14, 208, 220.11, 10.00, 198.10, '2013-12-30 16:52:19'),
(2529, 14, 209, 220.11, 10.00, 198.10, '2013-12-30 16:52:19'),
(2530, 14, 210, 220.11, 10.00, 198.10, '2013-12-30 16:52:19'),
(2531, 14, 211, 220.11, 10.00, 198.10, '2013-12-30 16:52:19'),
(2532, 14, 212, 291.06, 10.00, 261.95, '2013-12-30 16:52:19'),
(2533, 14, 213, 291.06, 10.00, 261.95, '2013-12-30 16:52:19'),
(2534, 14, 214, 291.06, 10.00, 261.95, '2013-12-30 16:52:19'),
(2535, 14, 215, 291.06, 10.00, 261.95, '2013-12-30 16:52:19'),
(2536, 14, 216, 291.06, 10.00, 261.95, '2013-12-30 16:52:19'),
(2537, 14, 217, 291.06, 10.00, 261.95, '2013-12-30 16:52:19'),
(2538, 14, 218, 212.00, 10.00, 190.80, '2013-12-30 16:52:19'),
(2539, 14, 219, 212.00, 10.00, 190.80, '2013-12-30 16:52:19'),
(2540, 14, 220, 212.00, 10.00, 190.80, '2013-12-30 16:52:19'),
(2541, 14, 221, 212.00, 10.00, 190.80, '2013-12-30 16:52:19'),
(2542, 14, 222, 212.00, 10.00, 190.80, '2013-12-30 16:52:19'),
(2543, 14, 223, 212.00, 10.00, 190.80, '2013-12-30 16:52:19'),
(2544, 14, 224, 347.29, 10.00, 312.56, '2013-12-30 16:52:19'),
(2545, 14, 225, 202.59, 10.00, 182.33, '2013-12-30 16:52:19'),
(2546, 14, 226, 225.74, 10.00, 203.17, '2013-12-30 16:52:19'),
(2547, 14, 227, 225.74, 10.00, 203.17, '2013-12-30 16:52:19'),
(2548, 14, 228, 225.74, 10.00, 203.17, '2013-12-30 16:52:20'),
(2549, 14, 229, 200.11, 10.00, 180.10, '2013-12-30 16:52:20'),
(2550, 14, 230, 200.11, 10.00, 180.10, '2013-12-30 16:52:20');
INSERT INTO `sohorepro_special_pricing` (`sp_id`, `sp_user_id`, `sp_product_id`, `sp_list_price`, `sp_discount`, `sp_special_price`, `sp_date`) VALUES
(2551, 14, 231, 200.11, 10.00, 180.10, '2013-12-30 16:52:20'),
(2552, 14, 232, 200.11, 10.00, 180.10, '2013-12-30 16:52:20'),
(2553, 14, 233, 20.00, 10.00, 18.00, '2013-12-30 16:52:20'),
(2554, 14, 234, 38.00, 10.00, 34.20, '2013-12-30 16:52:20'),
(2555, 14, 235, 31.61, 10.00, 28.45, '2013-12-30 16:52:20'),
(2556, 14, 236, 31.61, 10.00, 28.45, '2013-12-30 16:52:20'),
(2557, 14, 237, 31.61, 10.00, 28.45, '2013-12-30 16:52:20'),
(2558, 14, 238, 61.60, 10.00, 55.44, '2013-12-30 16:52:20'),
(2559, 14, 239, 150.00, 10.00, 135.00, '2013-12-30 16:52:20'),
(2560, 14, 240, 80.49, 10.00, 72.44, '2013-12-30 16:52:20'),
(2561, 14, 241, 80.49, 10.00, 72.44, '2013-12-30 16:52:20'),
(2562, 14, 242, 80.49, 10.00, 72.44, '2013-12-30 16:52:20'),
(2563, 14, 243, 80.49, 10.00, 72.44, '2013-12-30 16:52:20'),
(2564, 14, 244, 80.49, 10.00, 72.44, '2013-12-30 16:52:20'),
(2565, 14, 245, 80.49, 10.00, 72.44, '2013-12-30 16:52:20'),
(2566, 14, 246, 78.28, 10.00, 70.45, '2013-12-30 16:52:20'),
(2567, 14, 247, 78.28, 10.00, 70.45, '2013-12-30 16:52:20'),
(2568, 14, 248, 78.28, 10.00, 70.45, '2013-12-30 16:52:20'),
(2569, 14, 249, 178.50, 10.00, 160.65, '2013-12-30 16:52:20'),
(2570, 14, 250, 80.49, 10.00, 72.44, '2013-12-30 16:52:20'),
(2571, 14, 251, 80.49, 10.00, 72.44, '2013-12-30 16:52:20'),
(2572, 14, 252, 80.49, 10.00, 72.44, '2013-12-30 16:52:21'),
(2573, 14, 253, 80.49, 10.00, 72.44, '2013-12-30 16:52:21'),
(2574, 14, 254, 80.49, 10.00, 72.44, '2013-12-30 16:52:21'),
(2575, 14, 255, 80.49, 10.00, 72.44, '2013-12-30 16:52:21'),
(2576, 14, 256, 352.25, 10.00, 317.02, '2013-12-30 16:52:21'),
(2577, 14, 257, 315.00, 10.00, 283.50, '2013-12-30 16:52:21'),
(2578, 14, 258, 183.75, 10.00, 165.37, '2013-12-30 16:52:21'),
(2579, 14, 259, 183.75, 10.00, 165.37, '2013-12-30 16:52:21'),
(2580, 14, 260, 183.75, 10.00, 165.37, '2013-12-30 16:52:21'),
(2581, 14, 261, 183.75, 10.00, 165.37, '2013-12-30 16:52:21'),
(2582, 14, 262, 183.75, 10.00, 165.37, '2013-12-30 16:52:21'),
(2583, 14, 263, 183.75, 10.00, 165.37, '2013-12-30 16:52:21'),
(2584, 14, 264, 89.25, 10.00, 80.32, '2013-12-30 16:52:21'),
(2585, 14, 265, 173.25, 10.00, 155.92, '2013-12-30 16:52:21'),
(2586, 14, 266, 173.25, 10.00, 155.92, '2013-12-30 16:52:21'),
(2587, 14, 267, 173.25, 10.00, 155.92, '2013-12-30 16:52:21'),
(2588, 14, 268, 173.25, 10.00, 155.92, '2013-12-30 16:52:21'),
(2589, 14, 269, 154.00, 10.00, 138.60, '2013-12-30 16:52:21'),
(2590, 14, 270, 154.00, 10.00, 138.60, '2013-12-30 16:52:21'),
(2591, 14, 271, 154.00, 10.00, 138.60, '2013-12-30 16:52:21'),
(2592, 14, 272, 154.00, 10.00, 138.60, '2013-12-30 16:52:22'),
(2593, 14, 273, 154.00, 10.00, 138.60, '2013-12-30 16:52:22'),
(2594, 14, 274, 154.00, 10.00, 138.60, '2013-12-30 16:52:22'),
(2595, 14, 275, 154.00, 10.00, 138.60, '2013-12-30 16:52:22'),
(2596, 14, 276, 154.00, 10.00, 138.60, '2013-12-30 16:52:22'),
(2597, 14, 277, 87.15, 10.00, 78.43, '2013-12-30 16:52:22'),
(2598, 14, 278, 87.15, 10.00, 78.43, '2013-12-30 16:52:22'),
(2599, 14, 279, 87.15, 10.00, 78.43, '2013-12-30 16:52:22'),
(2600, 14, 280, 87.15, 10.00, 78.43, '2013-12-30 16:52:22'),
(2601, 14, 281, 87.15, 10.00, 78.43, '2013-12-30 16:52:22'),
(2602, 14, 282, 87.15, 10.00, 78.43, '2013-12-30 16:52:22'),
(2603, 14, 283, 87.15, 10.00, 78.43, '2013-12-30 16:52:22'),
(2604, 14, 284, 87.15, 10.00, 78.43, '2013-12-30 16:52:22'),
(2605, 14, 285, 73.85, 10.00, 66.46, '2013-12-30 16:52:22'),
(2606, 14, 286, 73.85, 10.00, 66.46, '2013-12-30 16:52:22'),
(2607, 14, 287, 73.85, 10.00, 66.46, '2013-12-30 16:52:22'),
(2608, 14, 288, 73.85, 10.00, 66.46, '2013-12-30 16:52:22'),
(2609, 14, 289, 310.00, 10.00, 279.00, '2013-12-30 16:52:22'),
(2610, 14, 290, 310.00, 10.00, 279.00, '2013-12-30 16:52:22'),
(2611, 14, 291, 310.00, 10.00, 279.00, '2013-12-30 16:52:22'),
(2612, 14, 292, 310.00, 10.00, 279.00, '2013-12-30 16:52:22'),
(2613, 14, 293, 310.00, 10.00, 279.00, '2013-12-30 16:52:22'),
(2614, 14, 294, 310.00, 10.00, 279.00, '2013-12-30 16:52:22'),
(2615, 14, 295, 310.00, 10.00, 279.00, '2013-12-30 16:52:22'),
(2616, 14, 296, 310.00, 10.00, 279.00, '2013-12-30 16:52:23'),
(2617, 14, 297, 89.25, 10.00, 80.32, '2013-12-30 16:52:23'),
(2618, 14, 298, 173.25, 10.00, 155.92, '2013-12-30 16:52:23'),
(2619, 14, 299, 173.25, 10.00, 155.92, '2013-12-30 16:52:23'),
(2620, 14, 300, 173.25, 10.00, 155.92, '2013-12-30 16:52:23'),
(2621, 14, 301, 173.25, 10.00, 155.92, '2013-12-30 16:52:23'),
(2622, 14, 441, 13.25, 20.00, 10.60, '2013-12-30 16:52:23'),
(2623, 14, 442, 22.75, 20.00, 18.20, '2013-12-30 16:52:23'),
(2624, 14, 443, 39.25, 20.00, 31.40, '2013-12-30 16:52:23'),
(2625, 14, 444, 65.25, 20.00, 52.20, '2013-12-30 16:52:23'),
(2626, 14, 445, 75.69, 20.00, 60.55, '2013-12-30 16:52:23'),
(2627, 14, 446, 14.95, 20.00, 11.96, '2013-12-30 16:52:23'),
(2628, 14, 447, 15.50, 20.00, 12.40, '2013-12-30 16:52:23'),
(2629, 14, 448, 28.81, 20.00, 23.05, '2013-12-30 16:52:23'),
(2630, 14, 449, 49.94, 20.00, 39.95, '2013-12-30 16:52:23'),
(2631, 14, 450, 106.18, 20.00, 84.94, '2013-12-30 16:52:23'),
(2632, 14, 451, 79.95, 20.00, 63.96, '2013-12-30 16:52:23'),
(2633, 14, 452, 79.95, 20.00, 63.96, '2013-12-30 16:52:23'),
(2634, 14, 453, 119.95, 20.00, 95.96, '2013-12-30 16:52:23'),
(2635, 14, 463, 13.09, 40.00, 7.85, '2013-12-30 16:52:23'),
(2636, 14, 464, 18.16, 40.00, 10.90, '2013-12-30 16:52:23'),
(2637, 14, 465, 23.11, 40.00, 13.87, '2013-12-30 16:52:23'),
(2638, 14, 466, 28.98, 40.00, 17.39, '2013-12-30 16:52:23'),
(2639, 14, 467, 13.09, 40.00, 7.85, '2013-12-30 16:52:24'),
(2640, 14, 468, 18.16, 40.00, 10.90, '2013-12-30 16:52:24'),
(2641, 14, 469, 23.11, 40.00, 13.87, '2013-12-30 16:52:24'),
(2642, 14, 470, 28.98, 40.00, 17.39, '2013-12-30 16:52:24'),
(2643, 14, 471, 13.09, 40.00, 7.85, '2013-12-30 16:52:24'),
(2644, 14, 472, 18.16, 40.00, 10.90, '2013-12-30 16:52:24'),
(2645, 14, 473, 23.11, 40.00, 13.87, '2013-12-30 16:52:24'),
(2646, 14, 474, 28.98, 40.00, 17.39, '2013-12-30 16:52:24'),
(2647, 15, 1, 79.81, 20.00, 63.85, '2013-12-30 16:52:31'),
(2648, 15, 2, 141.06, 20.00, 112.85, '2013-12-30 16:52:31'),
(2649, 15, 3, 278.11, 20.00, 222.49, '2013-12-30 16:52:31'),
(2650, 15, 4, 401.08, 20.00, 320.86, '2013-12-30 16:52:31'),
(2651, 15, 5, 74.72, 30.00, 52.30, '2013-12-30 16:52:31'),
(2652, 15, 6, 87.91, 30.00, 61.54, '2013-12-30 16:52:31'),
(2653, 15, 7, 113.93, 30.00, 79.75, '2013-12-30 16:52:31'),
(2654, 15, 8, 146.43, 30.00, 102.50, '2013-12-30 16:52:31'),
(2655, 15, 9, 148.90, 30.00, 104.23, '2013-12-30 16:52:31'),
(2656, 15, 10, 170.80, 30.00, 119.56, '2013-12-30 16:52:31'),
(2657, 15, 11, 53.53, 30.00, 37.47, '2013-12-30 16:52:31'),
(2658, 15, 12, 101.46, 30.00, 71.02, '2013-12-30 16:52:31'),
(2659, 15, 13, 179.35, 30.00, 125.54, '2013-12-30 16:52:31'),
(2660, 15, 15, 141.91, 30.00, 99.34, '2013-12-30 16:52:32'),
(2661, 15, 16, 188.03, 30.00, 131.62, '2013-12-30 16:52:32'),
(2662, 15, 17, 188.03, 30.00, 131.62, '2013-12-30 16:52:32'),
(2663, 15, 18, 282.93, 30.00, 198.05, '2013-12-30 16:52:32'),
(2664, 15, 19, 471.57, 30.00, 330.10, '2013-12-30 16:52:32'),
(2665, 15, 20, 518.68, 30.00, 363.08, '2013-12-30 16:52:32'),
(2666, 15, 21, 650.77, 30.00, 455.54, '2013-12-30 16:52:32'),
(2667, 15, 22, 519.18, 30.00, 363.43, '2013-12-30 16:52:32'),
(2668, 15, 23, 622.94, 30.00, 436.06, '2013-12-30 16:52:32'),
(2669, 15, 24, 992.31, 20.00, 793.85, '2013-12-30 16:52:32'),
(2670, 15, 25, 1110.44, 20.00, 888.35, '2013-12-30 16:52:32'),
(2671, 15, 26, 30.57, 20.00, 24.46, '2013-12-30 16:52:32'),
(2672, 15, 27, 38.16, 20.00, 30.53, '2013-12-30 16:52:32'),
(2673, 15, 28, 43.24, 20.00, 34.59, '2013-12-30 16:52:32'),
(2674, 15, 29, 45.79, 20.00, 36.63, '2013-12-30 16:52:32'),
(2675, 15, 30, 63.54, 20.00, 50.83, '2013-12-30 16:52:32'),
(2676, 15, 31, 76.27, 20.00, 61.02, '2013-12-30 16:52:32'),
(2677, 15, 32, 91.57, 20.00, 73.26, '2013-12-30 16:52:32'),
(2678, 15, 33, 37.03, 20.00, 29.62, '2013-12-30 16:52:32'),
(2679, 15, 34, 46.15, 20.00, 36.92, '2013-12-30 16:52:32'),
(2680, 15, 35, 55.60, 20.00, 44.48, '2013-12-30 16:52:32'),
(2681, 15, 36, 65.06, 20.00, 52.05, '2013-12-30 16:52:33'),
(2682, 15, 67, 78.57, 20.00, 62.86, '2013-12-30 16:52:33'),
(2683, 15, 68, 98.18, 20.00, 78.54, '2013-12-30 16:52:33'),
(2684, 15, 69, 117.87, 20.00, 94.30, '2013-12-30 16:52:33'),
(2685, 15, 70, 351.71, 40.00, 211.03, '2013-12-30 16:52:33'),
(2686, 15, 71, 439.65, 40.00, 263.79, '2013-12-30 16:52:33'),
(2687, 15, 72, 527.60, 40.00, 316.56, '2013-12-30 16:52:33'),
(2688, 15, 146, 144.65, 20.00, 115.72, '2013-12-30 16:52:33'),
(2689, 15, 147, 210.10, 20.00, 168.08, '2013-12-30 16:52:33'),
(2690, 15, 148, 324.30, 20.00, 259.44, '2013-12-30 16:52:33'),
(2691, 15, 149, 144.65, 20.00, 115.72, '2013-12-30 16:52:33'),
(2692, 15, 150, 324.30, 20.00, 259.44, '2013-12-30 16:52:33'),
(2693, 15, 151, 144.65, 20.00, 115.72, '2013-12-30 16:52:33'),
(2694, 15, 152, 332.55, 20.00, 266.04, '2013-12-30 16:52:33'),
(2695, 15, 186, 44.88, 10.00, 40.39, '2013-12-30 16:52:33'),
(2696, 15, 187, 41.91, 10.00, 37.72, '2013-12-30 16:52:33'),
(2697, 15, 188, 44.00, 10.00, 39.60, '2013-12-30 16:52:33'),
(2698, 15, 189, 44.00, 10.00, 39.60, '2013-12-30 16:52:33'),
(2699, 15, 190, 44.00, 10.00, 39.60, '2013-12-30 16:52:33'),
(2700, 15, 191, 42.00, 10.00, 37.80, '2013-12-30 16:52:33'),
(2701, 15, 192, 44.00, 10.00, 39.60, '2013-12-30 16:52:33'),
(2702, 15, 193, 44.00, 10.00, 39.60, '2013-12-30 16:52:33'),
(2703, 15, 194, 44.00, 10.00, 39.60, '2013-12-30 16:52:33'),
(2704, 15, 195, 46.20, 10.00, 41.58, '2013-12-30 16:52:33'),
(2705, 15, 196, 47.84, 10.00, 43.06, '2013-12-30 16:52:34'),
(2706, 15, 197, 50.94, 10.00, 45.85, '2013-12-30 16:52:34'),
(2707, 15, 198, 50.94, 10.00, 45.85, '2013-12-30 16:52:34'),
(2708, 15, 199, 50.94, 10.00, 45.85, '2013-12-30 16:52:34'),
(2709, 15, 200, 49.07, 10.00, 44.16, '2013-12-30 16:52:34'),
(2710, 15, 201, 49.07, 10.00, 44.16, '2013-12-30 16:52:34'),
(2711, 15, 202, 49.07, 10.00, 44.16, '2013-12-30 16:52:34'),
(2712, 15, 203, 49.07, 10.00, 44.16, '2013-12-30 16:52:34'),
(2713, 15, 204, 202.32, 10.00, 182.09, '2013-12-30 16:52:34'),
(2714, 15, 205, 202.32, 10.00, 182.09, '2013-12-30 16:52:34'),
(2715, 15, 206, 202.32, 10.00, 182.09, '2013-12-30 16:52:34'),
(2716, 15, 207, 202.32, 10.00, 182.09, '2013-12-30 16:52:34'),
(2717, 15, 208, 220.11, 10.00, 198.10, '2013-12-30 16:52:34'),
(2718, 15, 209, 220.11, 10.00, 198.10, '2013-12-30 16:52:34'),
(2719, 15, 210, 220.11, 10.00, 198.10, '2013-12-30 16:52:34'),
(2720, 15, 211, 220.11, 10.00, 198.10, '2013-12-30 16:52:34'),
(2721, 15, 212, 291.06, 10.00, 261.95, '2013-12-30 16:52:34'),
(2722, 15, 213, 291.06, 10.00, 261.95, '2013-12-30 16:52:34'),
(2723, 15, 214, 291.06, 10.00, 261.95, '2013-12-30 16:52:34'),
(2724, 15, 215, 291.06, 10.00, 261.95, '2013-12-30 16:52:34'),
(2725, 15, 216, 291.06, 10.00, 261.95, '2013-12-30 16:52:35'),
(2726, 15, 217, 291.06, 10.00, 261.95, '2013-12-30 16:52:35'),
(2727, 15, 218, 212.00, 10.00, 190.80, '2013-12-30 16:52:35'),
(2728, 15, 219, 212.00, 10.00, 190.80, '2013-12-30 16:52:35'),
(2729, 15, 220, 212.00, 10.00, 190.80, '2013-12-30 16:52:35'),
(2730, 15, 221, 212.00, 10.00, 190.80, '2013-12-30 16:52:35'),
(2731, 15, 222, 212.00, 10.00, 190.80, '2013-12-30 16:52:35'),
(2732, 15, 223, 212.00, 10.00, 190.80, '2013-12-30 16:52:35'),
(2733, 15, 224, 347.29, 10.00, 312.56, '2013-12-30 16:52:35'),
(2734, 15, 225, 202.59, 10.00, 182.33, '2013-12-30 16:52:35'),
(2735, 15, 226, 225.74, 10.00, 203.17, '2013-12-30 16:52:35'),
(2736, 15, 227, 225.74, 10.00, 203.17, '2013-12-30 16:52:35'),
(2737, 15, 228, 225.74, 10.00, 203.17, '2013-12-30 16:52:35'),
(2738, 15, 229, 200.11, 10.00, 180.10, '2013-12-30 16:52:35'),
(2739, 15, 230, 200.11, 10.00, 180.10, '2013-12-30 16:52:35'),
(2740, 15, 231, 200.11, 10.00, 180.10, '2013-12-30 16:52:35'),
(2741, 15, 232, 200.11, 10.00, 180.10, '2013-12-30 16:52:35'),
(2742, 15, 233, 20.00, 10.00, 18.00, '2013-12-30 16:52:35'),
(2743, 15, 234, 38.00, 10.00, 34.20, '2013-12-30 16:52:35'),
(2744, 15, 235, 31.61, 10.00, 28.45, '2013-12-30 16:52:35'),
(2745, 15, 236, 31.61, 10.00, 28.45, '2013-12-30 16:52:35'),
(2746, 15, 237, 31.61, 10.00, 28.45, '2013-12-30 16:52:35'),
(2747, 15, 238, 61.60, 10.00, 55.44, '2013-12-30 16:52:35'),
(2748, 15, 239, 150.00, 10.00, 135.00, '2013-12-30 16:52:36'),
(2749, 15, 240, 80.49, 10.00, 72.44, '2013-12-30 16:52:36'),
(2750, 15, 241, 80.49, 10.00, 72.44, '2013-12-30 16:52:36'),
(2751, 15, 242, 80.49, 10.00, 72.44, '2013-12-30 16:52:36'),
(2752, 15, 243, 80.49, 10.00, 72.44, '2013-12-30 16:52:36'),
(2753, 15, 244, 80.49, 10.00, 72.44, '2013-12-30 16:52:36'),
(2754, 15, 245, 80.49, 10.00, 72.44, '2013-12-30 16:52:36'),
(2755, 15, 246, 78.28, 10.00, 70.45, '2013-12-30 16:52:36'),
(2756, 15, 247, 78.28, 10.00, 70.45, '2013-12-30 16:52:36'),
(2757, 15, 248, 78.28, 10.00, 70.45, '2013-12-30 16:52:36'),
(2758, 15, 249, 178.50, 10.00, 160.65, '2013-12-30 16:52:36'),
(2759, 15, 250, 80.49, 10.00, 72.44, '2013-12-30 16:52:36'),
(2760, 15, 251, 80.49, 10.00, 72.44, '2013-12-30 16:52:36'),
(2761, 15, 252, 80.49, 10.00, 72.44, '2013-12-30 16:52:36'),
(2762, 15, 253, 80.49, 10.00, 72.44, '2013-12-30 16:52:36'),
(2763, 15, 254, 80.49, 10.00, 72.44, '2013-12-30 16:52:36'),
(2764, 15, 255, 80.49, 10.00, 72.44, '2013-12-30 16:52:36'),
(2765, 15, 256, 352.25, 10.00, 317.02, '2013-12-30 16:52:36'),
(2766, 15, 257, 315.00, 10.00, 283.50, '2013-12-30 16:52:36'),
(2767, 15, 258, 183.75, 10.00, 165.37, '2013-12-30 16:52:36'),
(2768, 15, 259, 183.75, 10.00, 165.37, '2013-12-30 16:52:36'),
(2769, 15, 260, 183.75, 10.00, 165.37, '2013-12-30 16:52:36'),
(2770, 15, 261, 183.75, 10.00, 165.37, '2013-12-30 16:52:37'),
(2771, 15, 262, 183.75, 10.00, 165.37, '2013-12-30 16:52:37'),
(2772, 15, 263, 183.75, 10.00, 165.37, '2013-12-30 16:52:37'),
(2773, 15, 264, 89.25, 10.00, 80.32, '2013-12-30 16:52:37'),
(2774, 15, 265, 173.25, 10.00, 155.92, '2013-12-30 16:52:37'),
(2775, 15, 266, 173.25, 10.00, 155.92, '2013-12-30 16:52:37'),
(2776, 15, 267, 173.25, 10.00, 155.92, '2013-12-30 16:52:37'),
(2777, 15, 268, 173.25, 10.00, 155.92, '2013-12-30 16:52:37'),
(2778, 15, 269, 154.00, 10.00, 138.60, '2013-12-30 16:52:37'),
(2779, 15, 270, 154.00, 10.00, 138.60, '2013-12-30 16:52:37'),
(2780, 15, 271, 154.00, 10.00, 138.60, '2013-12-30 16:52:37'),
(2781, 15, 272, 154.00, 10.00, 138.60, '2013-12-30 16:52:37'),
(2782, 15, 273, 154.00, 10.00, 138.60, '2013-12-30 16:52:37'),
(2783, 15, 274, 154.00, 10.00, 138.60, '2013-12-30 16:52:37'),
(2784, 15, 275, 154.00, 10.00, 138.60, '2013-12-30 16:52:37'),
(2785, 15, 276, 154.00, 10.00, 138.60, '2013-12-30 16:52:37'),
(2786, 15, 277, 87.15, 10.00, 78.43, '2013-12-30 16:52:37'),
(2787, 15, 278, 87.15, 10.00, 78.43, '2013-12-30 16:52:37'),
(2788, 15, 279, 87.15, 10.00, 78.43, '2013-12-30 16:52:37'),
(2789, 15, 280, 87.15, 10.00, 78.43, '2013-12-30 16:52:37'),
(2790, 15, 281, 87.15, 10.00, 78.43, '2013-12-30 16:52:37'),
(2791, 15, 282, 87.15, 10.00, 78.43, '2013-12-30 16:52:37'),
(2792, 15, 283, 87.15, 10.00, 78.43, '2013-12-30 16:52:37'),
(2793, 15, 284, 87.15, 10.00, 78.43, '2013-12-30 16:52:37'),
(2794, 15, 285, 73.85, 10.00, 66.46, '2013-12-30 16:52:38'),
(2795, 15, 286, 73.85, 10.00, 66.46, '2013-12-30 16:52:38'),
(2796, 15, 287, 73.85, 10.00, 66.46, '2013-12-30 16:52:38'),
(2797, 15, 288, 73.85, 10.00, 66.46, '2013-12-30 16:52:38'),
(2798, 15, 289, 310.00, 10.00, 279.00, '2013-12-30 16:52:38'),
(2799, 15, 290, 310.00, 10.00, 279.00, '2013-12-30 16:52:38'),
(2800, 15, 291, 310.00, 10.00, 279.00, '2013-12-30 16:52:38'),
(2801, 15, 292, 310.00, 10.00, 279.00, '2013-12-30 16:52:38'),
(2802, 15, 293, 310.00, 10.00, 279.00, '2013-12-30 16:52:38'),
(2803, 15, 294, 310.00, 10.00, 279.00, '2013-12-30 16:52:38'),
(2804, 15, 295, 310.00, 10.00, 279.00, '2013-12-30 16:52:38'),
(2805, 15, 296, 310.00, 10.00, 279.00, '2013-12-30 16:52:38'),
(2806, 15, 297, 89.25, 10.00, 80.32, '2013-12-30 16:52:38'),
(2807, 15, 298, 173.25, 10.00, 155.92, '2013-12-30 16:52:38'),
(2808, 15, 299, 173.25, 10.00, 155.92, '2013-12-30 16:52:38'),
(2809, 15, 300, 173.25, 10.00, 155.92, '2013-12-30 16:52:38'),
(2810, 15, 301, 173.25, 10.00, 155.92, '2013-12-30 16:52:38'),
(2811, 15, 441, 13.25, 20.00, 10.60, '2013-12-30 16:52:38'),
(2812, 15, 442, 22.75, 20.00, 18.20, '2013-12-30 16:52:38'),
(2813, 15, 443, 39.25, 20.00, 31.40, '2013-12-30 16:52:38'),
(2814, 15, 444, 65.25, 20.00, 52.20, '2013-12-30 16:52:38'),
(2815, 15, 445, 75.69, 20.00, 60.55, '2013-12-30 16:52:38'),
(2816, 15, 446, 14.95, 20.00, 11.96, '2013-12-30 16:52:38'),
(2817, 15, 447, 15.50, 20.00, 12.40, '2013-12-30 16:52:39'),
(2818, 15, 448, 28.81, 20.00, 23.05, '2013-12-30 16:52:39'),
(2819, 15, 449, 49.94, 20.00, 39.95, '2013-12-30 16:52:39'),
(2820, 15, 450, 106.18, 20.00, 84.94, '2013-12-30 16:52:39'),
(2821, 15, 451, 79.95, 20.00, 63.96, '2013-12-30 16:52:39'),
(2822, 15, 452, 79.95, 20.00, 63.96, '2013-12-30 16:52:39'),
(2823, 15, 453, 119.95, 20.00, 95.96, '2013-12-30 16:52:39'),
(2824, 15, 463, 13.09, 40.00, 7.85, '2013-12-30 16:52:39'),
(2825, 15, 464, 18.16, 40.00, 10.90, '2013-12-30 16:52:39'),
(2826, 15, 465, 23.11, 40.00, 13.87, '2013-12-30 16:52:39'),
(2827, 15, 466, 28.98, 40.00, 17.39, '2013-12-30 16:52:39'),
(2828, 15, 467, 13.09, 40.00, 7.85, '2013-12-30 16:52:39'),
(2829, 15, 468, 18.16, 40.00, 10.90, '2013-12-30 16:52:39'),
(2830, 15, 469, 23.11, 40.00, 13.87, '2013-12-30 16:52:39'),
(2831, 15, 470, 28.98, 40.00, 17.39, '2013-12-30 16:52:39'),
(2832, 15, 471, 13.09, 40.00, 7.85, '2013-12-30 16:52:39'),
(2833, 15, 472, 18.16, 40.00, 10.90, '2013-12-30 16:52:39'),
(2834, 15, 473, 23.11, 40.00, 13.87, '2013-12-30 16:52:39'),
(2835, 15, 474, 28.98, 40.00, 17.39, '2013-12-30 16:52:39'),
(2836, 16, 1, 79.81, 20.00, 63.85, '2013-12-30 16:52:47'),
(2837, 16, 2, 141.06, 20.00, 112.85, '2013-12-30 16:52:47'),
(2838, 16, 3, 278.11, 20.00, 222.49, '2013-12-30 16:52:47'),
(2839, 16, 4, 401.08, 20.00, 320.86, '2013-12-30 16:52:47'),
(2840, 16, 5, 74.72, 30.00, 52.30, '2013-12-30 16:52:47'),
(2841, 16, 6, 87.91, 30.00, 61.54, '2013-12-30 16:52:47'),
(2842, 16, 7, 113.93, 30.00, 79.75, '2013-12-30 16:52:47'),
(2843, 16, 8, 146.43, 30.00, 102.50, '2013-12-30 16:52:47'),
(2844, 16, 9, 148.90, 30.00, 104.23, '2013-12-30 16:52:47'),
(2845, 16, 10, 170.80, 30.00, 119.56, '2013-12-30 16:52:47'),
(2846, 16, 11, 53.53, 30.00, 37.47, '2013-12-30 16:52:47'),
(2847, 16, 12, 101.46, 30.00, 71.02, '2013-12-30 16:52:47'),
(2848, 16, 13, 179.35, 30.00, 125.54, '2013-12-30 16:52:47'),
(2849, 16, 15, 141.91, 30.00, 99.34, '2013-12-30 16:52:47'),
(2850, 16, 16, 188.03, 30.00, 131.62, '2013-12-30 16:52:47'),
(2851, 16, 17, 188.03, 30.00, 131.62, '2013-12-30 16:52:47'),
(2852, 16, 18, 282.93, 30.00, 198.05, '2013-12-30 16:52:47'),
(2853, 16, 19, 471.57, 30.00, 330.10, '2013-12-30 16:52:48'),
(2854, 16, 20, 518.68, 30.00, 363.08, '2013-12-30 16:52:48'),
(2855, 16, 21, 650.77, 30.00, 455.54, '2013-12-30 16:52:48'),
(2856, 16, 22, 519.18, 30.00, 363.43, '2013-12-30 16:52:48'),
(2857, 16, 23, 622.94, 30.00, 436.06, '2013-12-30 16:52:48'),
(2858, 16, 24, 992.31, 20.00, 793.85, '2013-12-30 16:52:48'),
(2859, 16, 25, 1110.44, 20.00, 888.35, '2013-12-30 16:52:48'),
(2860, 16, 26, 30.57, 20.00, 24.46, '2013-12-30 16:52:48'),
(2861, 16, 27, 38.16, 20.00, 30.53, '2013-12-30 16:52:48'),
(2862, 16, 28, 43.24, 20.00, 34.59, '2013-12-30 16:52:48'),
(2863, 16, 29, 45.79, 20.00, 36.63, '2013-12-30 16:52:48'),
(2864, 16, 30, 63.54, 20.00, 50.83, '2013-12-30 16:52:48'),
(2865, 16, 31, 76.27, 20.00, 61.02, '2013-12-30 16:52:48'),
(2866, 16, 32, 91.57, 20.00, 73.26, '2013-12-30 16:52:48'),
(2867, 16, 33, 37.03, 20.00, 29.62, '2013-12-30 16:52:48'),
(2868, 16, 34, 46.15, 20.00, 36.92, '2013-12-30 16:52:48'),
(2869, 16, 35, 55.60, 20.00, 44.48, '2013-12-30 16:52:48'),
(2870, 16, 36, 65.06, 20.00, 52.05, '2013-12-30 16:52:48'),
(2871, 16, 67, 78.57, 20.00, 62.86, '2013-12-30 16:52:48'),
(2872, 16, 68, 98.18, 20.00, 78.54, '2013-12-30 16:52:48'),
(2873, 16, 69, 117.87, 20.00, 94.30, '2013-12-30 16:52:48'),
(2874, 16, 70, 351.71, 40.00, 211.03, '2013-12-30 16:52:48'),
(2875, 16, 71, 439.65, 40.00, 263.79, '2013-12-30 16:52:48'),
(2876, 16, 72, 527.60, 40.00, 316.56, '2013-12-30 16:52:48'),
(2877, 16, 146, 144.65, 20.00, 115.72, '2013-12-30 16:52:49'),
(2878, 16, 147, 210.10, 20.00, 168.08, '2013-12-30 16:52:49'),
(2879, 16, 148, 324.30, 20.00, 259.44, '2013-12-30 16:52:49'),
(2880, 16, 149, 144.65, 20.00, 115.72, '2013-12-30 16:52:49'),
(2881, 16, 150, 324.30, 20.00, 259.44, '2013-12-30 16:52:49'),
(2882, 16, 151, 144.65, 20.00, 115.72, '2013-12-30 16:52:49'),
(2883, 16, 152, 332.55, 20.00, 266.04, '2013-12-30 16:52:49'),
(2884, 16, 186, 44.88, 10.00, 40.39, '2013-12-30 16:52:49'),
(2885, 16, 187, 41.91, 10.00, 37.72, '2013-12-30 16:52:49'),
(2886, 16, 188, 44.00, 10.00, 39.60, '2013-12-30 16:52:49'),
(2887, 16, 189, 44.00, 10.00, 39.60, '2013-12-30 16:52:49'),
(2888, 16, 190, 44.00, 10.00, 39.60, '2013-12-30 16:52:49'),
(2889, 16, 191, 42.00, 10.00, 37.80, '2013-12-30 16:52:49'),
(2890, 16, 192, 44.00, 10.00, 39.60, '2013-12-30 16:52:49'),
(2891, 16, 193, 44.00, 10.00, 39.60, '2013-12-30 16:52:49'),
(2892, 16, 194, 44.00, 10.00, 39.60, '2013-12-30 16:52:49'),
(2893, 16, 195, 46.20, 10.00, 41.58, '2013-12-30 16:52:49'),
(2894, 16, 196, 47.84, 10.00, 43.06, '2013-12-30 16:52:49'),
(2895, 16, 197, 50.94, 10.00, 45.85, '2013-12-30 16:52:49'),
(2896, 16, 198, 50.94, 10.00, 45.85, '2013-12-30 16:52:49'),
(2897, 16, 199, 50.94, 10.00, 45.85, '2013-12-30 16:52:49'),
(2898, 16, 200, 49.07, 10.00, 44.16, '2013-12-30 16:52:50'),
(2899, 16, 201, 49.07, 10.00, 44.16, '2013-12-30 16:52:50'),
(2900, 16, 202, 49.07, 10.00, 44.16, '2013-12-30 16:52:50'),
(2901, 16, 203, 49.07, 10.00, 44.16, '2013-12-30 16:52:50'),
(2902, 16, 204, 202.32, 10.00, 182.09, '2013-12-30 16:52:50'),
(2903, 16, 205, 202.32, 10.00, 182.09, '2013-12-30 16:52:50'),
(2904, 16, 206, 202.32, 10.00, 182.09, '2013-12-30 16:52:50'),
(2905, 16, 207, 202.32, 10.00, 182.09, '2013-12-30 16:52:50'),
(2906, 16, 208, 220.11, 10.00, 198.10, '2013-12-30 16:52:50'),
(2907, 16, 209, 220.11, 10.00, 198.10, '2013-12-30 16:52:50'),
(2908, 16, 210, 220.11, 10.00, 198.10, '2013-12-30 16:52:50'),
(2909, 16, 211, 220.11, 10.00, 198.10, '2013-12-30 16:52:50'),
(2910, 16, 212, 291.06, 10.00, 261.95, '2013-12-30 16:52:50'),
(2911, 16, 213, 291.06, 10.00, 261.95, '2013-12-30 16:52:50'),
(2912, 16, 214, 291.06, 10.00, 261.95, '2013-12-30 16:52:50'),
(2913, 16, 215, 291.06, 10.00, 261.95, '2013-12-30 16:52:50'),
(2914, 16, 216, 291.06, 10.00, 261.95, '2013-12-30 16:52:50'),
(2915, 16, 217, 291.06, 10.00, 261.95, '2013-12-30 16:52:50'),
(2916, 16, 218, 212.00, 10.00, 190.80, '2013-12-30 16:52:50'),
(2917, 16, 219, 212.00, 10.00, 190.80, '2013-12-30 16:52:50'),
(2918, 16, 220, 212.00, 10.00, 190.80, '2013-12-30 16:52:51'),
(2919, 16, 221, 212.00, 10.00, 190.80, '2013-12-30 16:52:51'),
(2920, 16, 222, 212.00, 10.00, 190.80, '2013-12-30 16:52:51'),
(2921, 16, 223, 212.00, 10.00, 190.80, '2013-12-30 16:52:51'),
(2922, 16, 224, 347.29, 10.00, 312.56, '2013-12-30 16:52:51'),
(2923, 16, 225, 202.59, 10.00, 182.33, '2013-12-30 16:52:51'),
(2924, 16, 226, 225.74, 10.00, 203.17, '2013-12-30 16:52:51'),
(2925, 16, 227, 225.74, 10.00, 203.17, '2013-12-30 16:52:51'),
(2926, 16, 228, 225.74, 10.00, 203.17, '2013-12-30 16:52:51'),
(2927, 16, 229, 200.11, 10.00, 180.10, '2013-12-30 16:52:51'),
(2928, 16, 230, 200.11, 10.00, 180.10, '2013-12-30 16:52:51'),
(2929, 16, 231, 200.11, 10.00, 180.10, '2013-12-30 16:52:51'),
(2930, 16, 232, 200.11, 10.00, 180.10, '2013-12-30 16:52:51'),
(2931, 16, 233, 20.00, 10.00, 18.00, '2013-12-30 16:52:51'),
(2932, 16, 234, 38.00, 10.00, 34.20, '2013-12-30 16:52:51'),
(2933, 16, 235, 31.61, 10.00, 28.45, '2013-12-30 16:52:51'),
(2934, 16, 236, 31.61, 10.00, 28.45, '2013-12-30 16:52:51'),
(2935, 16, 237, 31.61, 10.00, 28.45, '2013-12-30 16:52:51'),
(2936, 16, 238, 61.60, 10.00, 55.44, '2013-12-30 16:52:51'),
(2937, 16, 239, 150.00, 10.00, 135.00, '2013-12-30 16:52:51'),
(2938, 16, 240, 80.49, 10.00, 72.44, '2013-12-30 16:52:52'),
(2939, 16, 241, 80.49, 10.00, 72.44, '2013-12-30 16:52:52'),
(2940, 16, 242, 80.49, 10.00, 72.44, '2013-12-30 16:52:52'),
(2941, 16, 243, 80.49, 10.00, 72.44, '2013-12-30 16:52:52'),
(2942, 16, 244, 80.49, 10.00, 72.44, '2013-12-30 16:52:52'),
(2943, 16, 245, 80.49, 10.00, 72.44, '2013-12-30 16:52:52'),
(2944, 16, 246, 78.28, 10.00, 70.45, '2013-12-30 16:52:52'),
(2945, 16, 247, 78.28, 10.00, 70.45, '2013-12-30 16:52:52'),
(2946, 16, 248, 78.28, 10.00, 70.45, '2013-12-30 16:52:52'),
(2947, 16, 249, 178.50, 10.00, 160.65, '2013-12-30 16:52:52'),
(2948, 16, 250, 80.49, 10.00, 72.44, '2013-12-30 16:52:52'),
(2949, 16, 251, 80.49, 10.00, 72.44, '2013-12-30 16:52:52'),
(2950, 16, 252, 80.49, 10.00, 72.44, '2013-12-30 16:52:52'),
(2951, 16, 253, 80.49, 10.00, 72.44, '2013-12-30 16:52:52'),
(2952, 16, 254, 80.49, 10.00, 72.44, '2013-12-30 16:52:52'),
(2953, 16, 255, 80.49, 10.00, 72.44, '2013-12-30 16:52:52'),
(2954, 16, 256, 352.25, 10.00, 317.02, '2013-12-30 16:52:52'),
(2955, 16, 257, 315.00, 10.00, 283.50, '2013-12-30 16:52:52'),
(2956, 16, 258, 183.75, 10.00, 165.37, '2013-12-30 16:52:52'),
(2957, 16, 259, 183.75, 10.00, 165.37, '2013-12-30 16:52:52'),
(2958, 16, 260, 183.75, 10.00, 165.37, '2013-12-30 16:52:52'),
(2959, 16, 261, 183.75, 10.00, 165.37, '2013-12-30 16:52:52'),
(2960, 16, 262, 183.75, 10.00, 165.37, '2013-12-30 16:52:52'),
(2961, 16, 263, 183.75, 10.00, 165.37, '2013-12-30 16:52:53'),
(2962, 16, 264, 89.25, 10.00, 80.32, '2013-12-30 16:52:53'),
(2963, 16, 265, 173.25, 10.00, 155.92, '2013-12-30 16:52:53'),
(2964, 16, 266, 173.25, 10.00, 155.92, '2013-12-30 16:52:53'),
(2965, 16, 267, 173.25, 10.00, 155.92, '2013-12-30 16:52:53'),
(2966, 16, 268, 173.25, 10.00, 155.92, '2013-12-30 16:52:53'),
(2967, 16, 269, 154.00, 10.00, 138.60, '2013-12-30 16:52:53'),
(2968, 16, 270, 154.00, 10.00, 138.60, '2013-12-30 16:52:53'),
(2969, 16, 271, 154.00, 10.00, 138.60, '2013-12-30 16:52:53'),
(2970, 16, 272, 154.00, 10.00, 138.60, '2013-12-30 16:52:53'),
(2971, 16, 273, 154.00, 10.00, 138.60, '2013-12-30 16:52:53'),
(2972, 16, 274, 154.00, 10.00, 138.60, '2013-12-30 16:52:53'),
(2973, 16, 275, 154.00, 10.00, 138.60, '2013-12-30 16:52:53'),
(2974, 16, 276, 154.00, 10.00, 138.60, '2013-12-30 16:52:53'),
(2975, 16, 277, 87.15, 10.00, 78.43, '2013-12-30 16:52:53'),
(2976, 16, 278, 87.15, 10.00, 78.43, '2013-12-30 16:52:53'),
(2977, 16, 279, 87.15, 10.00, 78.43, '2013-12-30 16:52:53'),
(2978, 16, 280, 87.15, 10.00, 78.43, '2013-12-30 16:52:53'),
(2979, 16, 281, 87.15, 10.00, 78.43, '2013-12-30 16:52:53'),
(2980, 16, 282, 87.15, 10.00, 78.43, '2013-12-30 16:52:53'),
(2981, 16, 283, 87.15, 10.00, 78.43, '2013-12-30 16:52:53'),
(2982, 16, 284, 87.15, 10.00, 78.43, '2013-12-30 16:52:53'),
(2983, 16, 285, 73.85, 10.00, 66.46, '2013-12-30 16:52:53'),
(2984, 16, 286, 73.85, 10.00, 66.46, '2013-12-30 16:52:54'),
(2985, 16, 287, 73.85, 10.00, 66.46, '2013-12-30 16:52:54'),
(2986, 16, 288, 73.85, 10.00, 66.46, '2013-12-30 16:52:54'),
(2987, 16, 289, 310.00, 10.00, 279.00, '2013-12-30 16:52:54'),
(2988, 16, 290, 310.00, 10.00, 279.00, '2013-12-30 16:52:54'),
(2989, 16, 291, 310.00, 10.00, 279.00, '2013-12-30 16:52:54'),
(2990, 16, 292, 310.00, 10.00, 279.00, '2013-12-30 16:52:54'),
(2991, 16, 293, 310.00, 10.00, 279.00, '2013-12-30 16:52:54'),
(2992, 16, 294, 310.00, 10.00, 279.00, '2013-12-30 16:52:54'),
(2993, 16, 295, 310.00, 10.00, 279.00, '2013-12-30 16:52:54'),
(2994, 16, 296, 310.00, 10.00, 279.00, '2013-12-30 16:52:54'),
(2995, 16, 297, 89.25, 10.00, 80.32, '2013-12-30 16:52:54'),
(2996, 16, 298, 173.25, 10.00, 155.92, '2013-12-30 16:52:54'),
(2997, 16, 299, 173.25, 10.00, 155.92, '2013-12-30 16:52:54'),
(2998, 16, 300, 173.25, 10.00, 155.92, '2013-12-30 16:52:54'),
(2999, 16, 301, 173.25, 10.00, 155.92, '2013-12-30 16:52:54'),
(3000, 16, 441, 13.25, 20.00, 10.60, '2013-12-30 16:52:54'),
(3001, 16, 442, 22.75, 20.00, 18.20, '2013-12-30 16:52:54'),
(3002, 16, 443, 39.25, 20.00, 31.40, '2013-12-30 16:52:54'),
(3003, 16, 444, 65.25, 20.00, 52.20, '2013-12-30 16:52:54'),
(3004, 16, 445, 75.69, 20.00, 60.55, '2013-12-30 16:52:54'),
(3005, 16, 446, 14.95, 20.00, 11.96, '2013-12-30 16:52:54'),
(3006, 16, 447, 15.50, 20.00, 12.40, '2013-12-30 16:52:54'),
(3007, 16, 448, 28.81, 20.00, 23.05, '2013-12-30 16:52:55'),
(3008, 16, 449, 49.94, 20.00, 39.95, '2013-12-30 16:52:55'),
(3009, 16, 450, 106.18, 20.00, 84.94, '2013-12-30 16:52:55'),
(3010, 16, 451, 79.95, 20.00, 63.96, '2013-12-30 16:52:55'),
(3011, 16, 452, 79.95, 20.00, 63.96, '2013-12-30 16:52:55'),
(3012, 16, 453, 119.95, 20.00, 95.96, '2013-12-30 16:52:55'),
(3013, 16, 463, 13.09, 40.00, 7.85, '2013-12-30 16:52:55'),
(3014, 16, 464, 18.16, 40.00, 10.90, '2013-12-30 16:52:55'),
(3015, 16, 465, 23.11, 40.00, 13.87, '2013-12-30 16:52:55'),
(3016, 16, 466, 28.98, 40.00, 17.39, '2013-12-30 16:52:55'),
(3017, 16, 467, 13.09, 40.00, 7.85, '2013-12-30 16:52:55'),
(3018, 16, 468, 18.16, 40.00, 10.90, '2013-12-30 16:52:55'),
(3019, 16, 469, 23.11, 40.00, 13.87, '2013-12-30 16:52:55'),
(3020, 16, 470, 28.98, 40.00, 17.39, '2013-12-30 16:52:55'),
(3021, 16, 471, 13.09, 40.00, 7.85, '2013-12-30 16:52:55'),
(3022, 16, 472, 18.16, 40.00, 10.90, '2013-12-30 16:52:55'),
(3023, 16, 473, 23.11, 40.00, 13.87, '2013-12-30 16:52:55'),
(3024, 16, 474, 28.98, 40.00, 17.39, '2013-12-30 16:52:55'),
(3025, 17, 1, 79.81, 20.00, 63.85, '2013-12-30 16:53:22'),
(3026, 17, 2, 141.06, 20.00, 112.85, '2013-12-30 16:53:22'),
(3027, 17, 3, 278.11, 20.00, 222.49, '2013-12-30 16:53:22'),
(3028, 17, 4, 401.08, 20.00, 320.86, '2013-12-30 16:53:22'),
(3029, 17, 5, 74.72, 30.00, 52.30, '2013-12-30 16:53:22'),
(3030, 17, 6, 87.91, 30.00, 61.54, '2013-12-30 16:53:22'),
(3031, 17, 7, 113.93, 30.00, 79.75, '2013-12-30 16:53:22'),
(3032, 17, 8, 146.43, 30.00, 102.50, '2013-12-30 16:53:22'),
(3033, 17, 9, 148.90, 30.00, 104.23, '2013-12-30 16:53:22'),
(3034, 17, 10, 170.80, 30.00, 119.56, '2013-12-30 16:53:22'),
(3035, 17, 11, 53.53, 30.00, 37.47, '2013-12-30 16:53:22'),
(3036, 17, 12, 101.46, 30.00, 71.02, '2013-12-30 16:53:22'),
(3037, 17, 13, 179.35, 30.00, 125.54, '2013-12-30 16:53:22'),
(3038, 17, 15, 141.91, 30.00, 99.34, '2013-12-30 16:53:22'),
(3039, 17, 16, 188.03, 30.00, 131.62, '2013-12-30 16:53:22'),
(3040, 17, 17, 188.03, 30.00, 131.62, '2013-12-30 16:53:23'),
(3041, 17, 18, 282.93, 30.00, 198.05, '2013-12-30 16:53:23'),
(3042, 17, 19, 471.57, 30.00, 330.10, '2013-12-30 16:53:23'),
(3043, 17, 20, 518.68, 30.00, 363.08, '2013-12-30 16:53:23'),
(3044, 17, 21, 650.77, 30.00, 455.54, '2013-12-30 16:53:23'),
(3045, 17, 22, 519.18, 30.00, 363.43, '2013-12-30 16:53:23'),
(3046, 17, 23, 622.94, 30.00, 436.06, '2013-12-30 16:53:23'),
(3047, 17, 24, 992.31, 20.00, 793.85, '2013-12-30 16:53:23'),
(3048, 17, 25, 1110.44, 20.00, 888.35, '2013-12-30 16:53:23'),
(3049, 17, 26, 30.57, 20.00, 24.46, '2013-12-30 16:53:23'),
(3050, 17, 27, 38.16, 20.00, 30.53, '2013-12-30 16:53:23'),
(3051, 17, 28, 43.24, 20.00, 34.59, '2013-12-30 16:53:23'),
(3052, 17, 29, 45.79, 20.00, 36.63, '2013-12-30 16:53:23'),
(3053, 17, 30, 63.54, 20.00, 50.83, '2013-12-30 16:53:23'),
(3054, 17, 31, 76.27, 20.00, 61.02, '2013-12-30 16:53:23'),
(3055, 17, 32, 91.57, 20.00, 73.26, '2013-12-30 16:53:23'),
(3056, 17, 33, 37.03, 20.00, 29.62, '2013-12-30 16:53:23'),
(3057, 17, 34, 46.15, 20.00, 36.92, '2013-12-30 16:53:23'),
(3058, 17, 35, 55.60, 20.00, 44.48, '2013-12-30 16:53:23'),
(3059, 17, 36, 65.06, 20.00, 52.05, '2013-12-30 16:53:23'),
(3060, 17, 67, 78.57, 20.00, 62.86, '2013-12-30 16:53:23'),
(3061, 17, 68, 98.18, 20.00, 78.54, '2013-12-30 16:53:23'),
(3062, 17, 69, 117.87, 20.00, 94.30, '2013-12-30 16:53:24'),
(3063, 17, 70, 351.71, 40.00, 211.03, '2013-12-30 16:53:24'),
(3064, 17, 71, 439.65, 40.00, 263.79, '2013-12-30 16:53:24'),
(3065, 17, 72, 527.60, 40.00, 316.56, '2013-12-30 16:53:24'),
(3066, 17, 146, 144.65, 20.00, 115.72, '2013-12-30 16:53:24'),
(3067, 17, 147, 210.10, 20.00, 168.08, '2013-12-30 16:53:24'),
(3068, 17, 148, 324.30, 20.00, 259.44, '2013-12-30 16:53:24'),
(3069, 17, 149, 144.65, 20.00, 115.72, '2013-12-30 16:53:24'),
(3070, 17, 150, 324.30, 20.00, 259.44, '2013-12-30 16:53:24'),
(3071, 17, 151, 144.65, 20.00, 115.72, '2013-12-30 16:53:24'),
(3072, 17, 152, 332.55, 20.00, 266.04, '2013-12-30 16:53:24'),
(3073, 17, 186, 44.88, 10.00, 40.39, '2013-12-30 16:53:24'),
(3074, 17, 187, 41.91, 10.00, 37.72, '2013-12-30 16:53:24'),
(3075, 17, 188, 44.00, 10.00, 39.60, '2013-12-30 16:53:24'),
(3076, 17, 189, 44.00, 10.00, 39.60, '2013-12-30 16:53:24'),
(3077, 17, 190, 44.00, 10.00, 39.60, '2013-12-30 16:53:24'),
(3078, 17, 191, 42.00, 10.00, 37.80, '2013-12-30 16:53:24'),
(3079, 17, 192, 44.00, 10.00, 39.60, '2013-12-30 16:53:24'),
(3080, 17, 193, 44.00, 10.00, 39.60, '2013-12-30 16:53:24'),
(3081, 17, 194, 44.00, 10.00, 39.60, '2013-12-30 16:53:24'),
(3082, 17, 195, 46.20, 10.00, 41.58, '2013-12-30 16:53:24'),
(3083, 17, 196, 47.84, 10.00, 43.06, '2013-12-30 16:53:24'),
(3084, 17, 197, 50.94, 10.00, 45.85, '2013-12-30 16:53:24'),
(3085, 17, 198, 50.94, 10.00, 45.85, '2013-12-30 16:53:24'),
(3086, 17, 199, 50.94, 10.00, 45.85, '2013-12-30 16:53:25'),
(3087, 17, 200, 49.07, 10.00, 44.16, '2013-12-30 16:53:25'),
(3088, 17, 201, 49.07, 10.00, 44.16, '2013-12-30 16:53:25'),
(3089, 17, 202, 49.07, 10.00, 44.16, '2013-12-30 16:53:25'),
(3090, 17, 203, 49.07, 10.00, 44.16, '2013-12-30 16:53:25'),
(3091, 17, 204, 202.32, 10.00, 182.09, '2013-12-30 16:53:25'),
(3092, 17, 205, 202.32, 10.00, 182.09, '2013-12-30 16:53:25'),
(3093, 17, 206, 202.32, 10.00, 182.09, '2013-12-30 16:53:25'),
(3094, 17, 207, 202.32, 10.00, 182.09, '2013-12-30 16:53:25'),
(3095, 17, 208, 220.11, 10.00, 198.10, '2013-12-30 16:53:25'),
(3096, 17, 209, 220.11, 10.00, 198.10, '2013-12-30 16:53:25'),
(3097, 17, 210, 220.11, 10.00, 198.10, '2013-12-30 16:53:25'),
(3098, 17, 211, 220.11, 10.00, 198.10, '2013-12-30 16:53:25'),
(3099, 17, 212, 291.06, 10.00, 261.95, '2013-12-30 16:53:25'),
(3100, 17, 213, 291.06, 10.00, 261.95, '2013-12-30 16:53:25'),
(3101, 17, 214, 291.06, 10.00, 261.95, '2013-12-30 16:53:25'),
(3102, 17, 215, 291.06, 10.00, 261.95, '2013-12-30 16:53:25'),
(3103, 17, 216, 291.06, 10.00, 261.95, '2013-12-30 16:53:25'),
(3104, 17, 217, 291.06, 10.00, 261.95, '2013-12-30 16:53:25'),
(3105, 17, 218, 212.00, 10.00, 190.80, '2013-12-30 16:53:25'),
(3106, 17, 219, 212.00, 10.00, 190.80, '2013-12-30 16:53:25'),
(3107, 17, 220, 212.00, 10.00, 190.80, '2013-12-30 16:53:25'),
(3108, 17, 221, 212.00, 10.00, 190.80, '2013-12-30 16:53:25'),
(3109, 17, 222, 212.00, 10.00, 190.80, '2013-12-30 16:53:26'),
(3110, 17, 223, 212.00, 10.00, 190.80, '2013-12-30 16:53:26'),
(3111, 17, 224, 347.29, 10.00, 312.56, '2013-12-30 16:53:26'),
(3112, 17, 225, 202.59, 10.00, 182.33, '2013-12-30 16:53:26'),
(3113, 17, 226, 225.74, 10.00, 203.17, '2013-12-30 16:53:26'),
(3114, 17, 227, 225.74, 10.00, 203.17, '2013-12-30 16:53:26'),
(3115, 17, 228, 225.74, 10.00, 203.17, '2013-12-30 16:53:26'),
(3116, 17, 229, 200.11, 10.00, 180.10, '2013-12-30 16:53:26'),
(3117, 17, 230, 200.11, 10.00, 180.10, '2013-12-30 16:53:26'),
(3118, 17, 231, 200.11, 10.00, 180.10, '2013-12-30 16:53:26'),
(3119, 17, 232, 200.11, 10.00, 180.10, '2013-12-30 16:53:26'),
(3120, 17, 233, 20.00, 10.00, 18.00, '2013-12-30 16:53:26'),
(3121, 17, 234, 38.00, 10.00, 34.20, '2013-12-30 16:53:26'),
(3122, 17, 235, 31.61, 10.00, 28.45, '2013-12-30 16:53:26'),
(3123, 17, 236, 31.61, 10.00, 28.45, '2013-12-30 16:53:26'),
(3124, 17, 237, 31.61, 10.00, 28.45, '2013-12-30 16:53:26'),
(3125, 17, 238, 61.60, 10.00, 55.44, '2013-12-30 16:53:26'),
(3126, 17, 239, 150.00, 10.00, 135.00, '2013-12-30 16:53:26'),
(3127, 17, 240, 80.49, 10.00, 72.44, '2013-12-30 16:53:26'),
(3128, 17, 241, 80.49, 10.00, 72.44, '2013-12-30 16:53:26'),
(3129, 17, 242, 80.49, 10.00, 72.44, '2013-12-30 16:53:26'),
(3130, 17, 243, 80.49, 10.00, 72.44, '2013-12-30 16:53:26'),
(3131, 17, 244, 80.49, 10.00, 72.44, '2013-12-30 16:53:26'),
(3132, 17, 245, 80.49, 10.00, 72.44, '2013-12-30 16:53:26'),
(3133, 17, 246, 78.28, 10.00, 70.45, '2013-12-30 16:53:27'),
(3134, 17, 247, 78.28, 10.00, 70.45, '2013-12-30 16:53:27'),
(3135, 17, 248, 78.28, 10.00, 70.45, '2013-12-30 16:53:27'),
(3136, 17, 249, 178.50, 10.00, 160.65, '2013-12-30 16:53:27'),
(3137, 17, 250, 80.49, 10.00, 72.44, '2013-12-30 16:53:27'),
(3138, 17, 251, 80.49, 10.00, 72.44, '2013-12-30 16:53:27'),
(3139, 17, 252, 80.49, 10.00, 72.44, '2013-12-30 16:53:27'),
(3140, 17, 253, 80.49, 10.00, 72.44, '2013-12-30 16:53:27'),
(3141, 17, 254, 80.49, 10.00, 72.44, '2013-12-30 16:53:27'),
(3142, 17, 255, 80.49, 10.00, 72.44, '2013-12-30 16:53:27'),
(3143, 17, 256, 352.25, 10.00, 317.02, '2013-12-30 16:53:27'),
(3144, 17, 257, 315.00, 10.00, 283.50, '2013-12-30 16:53:27'),
(3145, 17, 258, 183.75, 10.00, 165.37, '2013-12-30 16:53:27'),
(3146, 17, 259, 183.75, 10.00, 165.37, '2013-12-30 16:53:27'),
(3147, 17, 260, 183.75, 10.00, 165.37, '2013-12-30 16:53:27'),
(3148, 17, 261, 183.75, 10.00, 165.37, '2013-12-30 16:53:27'),
(3149, 17, 262, 183.75, 10.00, 165.37, '2013-12-30 16:53:27'),
(3150, 17, 263, 183.75, 10.00, 165.37, '2013-12-30 16:53:27'),
(3151, 17, 264, 89.25, 10.00, 80.32, '2013-12-30 16:53:27'),
(3152, 17, 265, 173.25, 10.00, 155.92, '2013-12-30 16:53:27'),
(3153, 17, 266, 173.25, 10.00, 155.92, '2013-12-30 16:53:27'),
(3154, 17, 267, 173.25, 10.00, 155.92, '2013-12-30 16:53:27'),
(3155, 17, 268, 173.25, 10.00, 155.92, '2013-12-30 16:53:27'),
(3156, 17, 269, 154.00, 10.00, 138.60, '2013-12-30 16:53:28'),
(3157, 17, 270, 154.00, 10.00, 138.60, '2013-12-30 16:53:28'),
(3158, 17, 271, 154.00, 10.00, 138.60, '2013-12-30 16:53:28'),
(3159, 17, 272, 154.00, 10.00, 138.60, '2013-12-30 16:53:28'),
(3160, 17, 273, 154.00, 10.00, 138.60, '2013-12-30 16:53:28'),
(3161, 17, 274, 154.00, 10.00, 138.60, '2013-12-30 16:53:28'),
(3162, 17, 275, 154.00, 10.00, 138.60, '2013-12-30 16:53:28'),
(3163, 17, 276, 154.00, 10.00, 138.60, '2013-12-30 16:53:28'),
(3164, 17, 277, 87.15, 10.00, 78.43, '2013-12-30 16:53:28'),
(3165, 17, 278, 87.15, 10.00, 78.43, '2013-12-30 16:53:28'),
(3166, 17, 279, 87.15, 10.00, 78.43, '2013-12-30 16:53:28'),
(3167, 17, 280, 87.15, 10.00, 78.43, '2013-12-30 16:53:28'),
(3168, 17, 281, 87.15, 10.00, 78.43, '2013-12-30 16:53:28'),
(3169, 17, 282, 87.15, 10.00, 78.43, '2013-12-30 16:53:28'),
(3170, 17, 283, 87.15, 10.00, 78.43, '2013-12-30 16:53:28'),
(3171, 17, 284, 87.15, 10.00, 78.43, '2013-12-30 16:53:28'),
(3172, 17, 285, 73.85, 10.00, 66.46, '2013-12-30 16:53:28'),
(3173, 17, 286, 73.85, 10.00, 66.46, '2013-12-30 16:53:28'),
(3174, 17, 287, 73.85, 10.00, 66.46, '2013-12-30 16:53:28'),
(3175, 17, 288, 73.85, 10.00, 66.46, '2013-12-30 16:53:28'),
(3176, 17, 289, 310.00, 10.00, 279.00, '2013-12-30 16:53:28'),
(3177, 17, 290, 310.00, 10.00, 279.00, '2013-12-30 16:53:28'),
(3178, 17, 291, 310.00, 10.00, 279.00, '2013-12-30 16:53:28'),
(3179, 17, 292, 310.00, 10.00, 279.00, '2013-12-30 16:53:28'),
(3180, 17, 293, 310.00, 10.00, 279.00, '2013-12-30 16:53:29'),
(3181, 17, 294, 310.00, 10.00, 279.00, '2013-12-30 16:53:29'),
(3182, 17, 295, 310.00, 10.00, 279.00, '2013-12-30 16:53:29'),
(3183, 17, 296, 310.00, 10.00, 279.00, '2013-12-30 16:53:29'),
(3184, 17, 297, 89.25, 10.00, 80.32, '2013-12-30 16:53:29'),
(3185, 17, 298, 173.25, 10.00, 155.92, '2013-12-30 16:53:29'),
(3186, 17, 299, 173.25, 10.00, 155.92, '2013-12-30 16:53:29'),
(3187, 17, 300, 173.25, 10.00, 155.92, '2013-12-30 16:53:29'),
(3188, 17, 301, 173.25, 10.00, 155.92, '2013-12-30 16:53:29'),
(3189, 17, 441, 13.25, 20.00, 10.60, '2013-12-30 16:53:29'),
(3190, 17, 442, 22.75, 20.00, 18.20, '2013-12-30 16:53:29'),
(3191, 17, 443, 39.25, 20.00, 31.40, '2013-12-30 16:53:29'),
(3192, 17, 444, 65.25, 20.00, 52.20, '2013-12-30 16:53:29'),
(3193, 17, 445, 75.69, 20.00, 60.55, '2013-12-30 16:53:29'),
(3194, 17, 446, 14.95, 20.00, 11.96, '2013-12-30 16:53:29'),
(3195, 17, 447, 15.50, 20.00, 12.40, '2013-12-30 16:53:29'),
(3196, 17, 448, 28.81, 20.00, 23.05, '2013-12-30 16:53:29'),
(3197, 17, 449, 49.94, 20.00, 39.95, '2013-12-30 16:53:29'),
(3198, 17, 450, 106.18, 20.00, 84.94, '2013-12-30 16:53:29'),
(3199, 17, 451, 79.95, 20.00, 63.96, '2013-12-30 16:53:29'),
(3200, 17, 452, 79.95, 20.00, 63.96, '2013-12-30 16:53:29'),
(3201, 17, 453, 119.95, 20.00, 95.96, '2013-12-30 16:53:29'),
(3202, 17, 463, 13.09, 40.00, 7.85, '2013-12-30 16:53:30'),
(3203, 17, 464, 18.16, 40.00, 10.90, '2013-12-30 16:53:30'),
(3204, 17, 465, 23.11, 40.00, 13.87, '2013-12-30 16:53:30'),
(3205, 17, 466, 28.98, 40.00, 17.39, '2013-12-30 16:53:30'),
(3206, 17, 467, 13.09, 40.00, 7.85, '2013-12-30 16:53:30'),
(3207, 17, 468, 18.16, 40.00, 10.90, '2013-12-30 16:53:30'),
(3208, 17, 469, 23.11, 40.00, 13.87, '2013-12-30 16:53:30'),
(3209, 17, 470, 28.98, 40.00, 17.39, '2013-12-30 16:53:30'),
(3210, 17, 471, 13.09, 40.00, 7.85, '2013-12-30 16:53:30'),
(3211, 17, 472, 18.16, 40.00, 10.90, '2013-12-30 16:53:30'),
(3212, 17, 473, 23.11, 40.00, 13.87, '2013-12-30 16:53:30'),
(3213, 17, 474, 28.98, 40.00, 17.39, '2013-12-30 16:53:30'),
(3214, 18, 1, 79.81, 20.00, 63.85, '2013-12-30 16:53:38'),
(3215, 18, 2, 141.06, 20.00, 112.85, '2013-12-30 16:53:38'),
(3216, 18, 3, 278.11, 20.00, 222.49, '2013-12-30 16:53:38'),
(3217, 18, 4, 401.08, 20.00, 320.86, '2013-12-30 16:53:38'),
(3218, 18, 5, 74.72, 30.00, 52.30, '2013-12-30 16:53:38'),
(3219, 18, 6, 87.91, 30.00, 61.54, '2013-12-30 16:53:38'),
(3220, 18, 7, 113.93, 30.00, 79.75, '2013-12-30 16:53:38'),
(3221, 18, 8, 146.43, 30.00, 102.50, '2013-12-30 16:53:38'),
(3222, 18, 9, 148.90, 30.00, 104.23, '2013-12-30 16:53:38'),
(3223, 18, 10, 170.80, 30.00, 119.56, '2013-12-30 16:53:38'),
(3224, 18, 11, 53.53, 30.00, 37.47, '2013-12-30 16:53:38'),
(3225, 18, 12, 101.46, 30.00, 71.02, '2013-12-30 16:53:38'),
(3226, 18, 13, 179.35, 30.00, 125.54, '2013-12-30 16:53:38'),
(3227, 18, 15, 141.91, 30.00, 99.34, '2013-12-30 16:53:38'),
(3228, 18, 16, 188.03, 30.00, 131.62, '2013-12-30 16:53:38'),
(3229, 18, 17, 188.03, 30.00, 131.62, '2013-12-30 16:53:39'),
(3230, 18, 18, 282.93, 30.00, 198.05, '2013-12-30 16:53:39'),
(3231, 18, 19, 471.57, 30.00, 330.10, '2013-12-30 16:53:39'),
(3232, 18, 20, 518.68, 30.00, 363.08, '2013-12-30 16:53:39'),
(3233, 18, 21, 650.77, 30.00, 455.54, '2013-12-30 16:53:39'),
(3234, 18, 22, 519.18, 30.00, 363.43, '2013-12-30 16:53:39'),
(3235, 18, 23, 622.94, 30.00, 436.06, '2013-12-30 16:53:39'),
(3236, 18, 24, 992.31, 20.00, 793.85, '2013-12-30 16:53:39'),
(3237, 18, 25, 1110.44, 20.00, 888.35, '2013-12-30 16:53:39'),
(3238, 18, 26, 30.57, 20.00, 24.46, '2013-12-30 16:53:39'),
(3239, 18, 27, 38.16, 20.00, 30.53, '2013-12-30 16:53:39'),
(3240, 18, 28, 43.24, 20.00, 34.59, '2013-12-30 16:53:39'),
(3241, 18, 29, 45.79, 20.00, 36.63, '2013-12-30 16:53:39'),
(3242, 18, 30, 63.54, 20.00, 50.83, '2013-12-30 16:53:39'),
(3243, 18, 31, 76.27, 20.00, 61.02, '2013-12-30 16:53:39'),
(3244, 18, 32, 91.57, 20.00, 73.26, '2013-12-30 16:53:39'),
(3245, 18, 33, 37.03, 20.00, 29.62, '2013-12-30 16:53:39'),
(3246, 18, 34, 46.15, 20.00, 36.92, '2013-12-30 16:53:39'),
(3247, 18, 35, 55.60, 20.00, 44.48, '2013-12-30 16:53:39'),
(3248, 18, 36, 65.06, 20.00, 52.05, '2013-12-30 16:53:39'),
(3249, 18, 67, 78.57, 20.00, 62.86, '2013-12-30 16:53:39'),
(3250, 18, 68, 98.18, 20.00, 78.54, '2013-12-30 16:53:39'),
(3251, 18, 69, 117.87, 20.00, 94.30, '2013-12-30 16:53:40'),
(3252, 18, 70, 351.71, 40.00, 211.03, '2013-12-30 16:53:40'),
(3253, 18, 71, 439.65, 40.00, 263.79, '2013-12-30 16:53:40'),
(3254, 18, 72, 527.60, 40.00, 316.56, '2013-12-30 16:53:40'),
(3255, 18, 146, 144.65, 20.00, 115.72, '2013-12-30 16:53:40'),
(3256, 18, 147, 210.10, 20.00, 168.08, '2013-12-30 16:53:40'),
(3257, 18, 148, 324.30, 20.00, 259.44, '2013-12-30 16:53:40'),
(3258, 18, 149, 144.65, 20.00, 115.72, '2013-12-30 16:53:40'),
(3259, 18, 150, 324.30, 20.00, 259.44, '2013-12-30 16:53:40'),
(3260, 18, 151, 144.65, 20.00, 115.72, '2013-12-30 16:53:40'),
(3261, 18, 152, 332.55, 20.00, 266.04, '2013-12-30 16:53:40'),
(3262, 18, 186, 44.88, 10.00, 40.39, '2013-12-30 16:53:40'),
(3263, 18, 187, 41.91, 10.00, 37.72, '2013-12-30 16:53:40'),
(3264, 18, 188, 44.00, 10.00, 39.60, '2013-12-30 16:53:40'),
(3265, 18, 189, 44.00, 10.00, 39.60, '2013-12-30 16:53:40'),
(3266, 18, 190, 44.00, 10.00, 39.60, '2013-12-30 16:53:40'),
(3267, 18, 191, 42.00, 10.00, 37.80, '2013-12-30 16:53:40'),
(3268, 18, 192, 44.00, 10.00, 39.60, '2013-12-30 16:53:40'),
(3269, 18, 193, 44.00, 10.00, 39.60, '2013-12-30 16:53:40'),
(3270, 18, 194, 44.00, 10.00, 39.60, '2013-12-30 16:53:41'),
(3271, 18, 195, 46.20, 10.00, 41.58, '2013-12-30 16:53:41'),
(3272, 18, 196, 47.84, 10.00, 43.06, '2013-12-30 16:53:41'),
(3273, 18, 197, 50.94, 10.00, 45.85, '2013-12-30 16:53:41'),
(3274, 18, 198, 50.94, 10.00, 45.85, '2013-12-30 16:53:41'),
(3275, 18, 199, 50.94, 10.00, 45.85, '2013-12-30 16:53:41'),
(3276, 18, 200, 49.07, 10.00, 44.16, '2013-12-30 16:53:41'),
(3277, 18, 201, 49.07, 10.00, 44.16, '2013-12-30 16:53:41'),
(3278, 18, 202, 49.07, 10.00, 44.16, '2013-12-30 16:53:41'),
(3279, 18, 203, 49.07, 10.00, 44.16, '2013-12-30 16:53:41'),
(3280, 18, 204, 202.32, 10.00, 182.09, '2013-12-30 16:53:41'),
(3281, 18, 205, 202.32, 10.00, 182.09, '2013-12-30 16:53:41'),
(3282, 18, 206, 202.32, 10.00, 182.09, '2013-12-30 16:53:41'),
(3283, 18, 207, 202.32, 10.00, 182.09, '2013-12-30 16:53:41'),
(3284, 18, 208, 220.11, 10.00, 198.10, '2013-12-30 16:53:41'),
(3285, 18, 209, 220.11, 10.00, 198.10, '2013-12-30 16:53:41'),
(3286, 18, 210, 220.11, 10.00, 198.10, '2013-12-30 16:53:41'),
(3287, 18, 211, 220.11, 10.00, 198.10, '2013-12-30 16:53:41'),
(3288, 18, 212, 291.06, 10.00, 261.95, '2013-12-30 16:53:41'),
(3289, 18, 213, 291.06, 10.00, 261.95, '2013-12-30 16:53:41'),
(3290, 18, 214, 291.06, 10.00, 261.95, '2013-12-30 16:53:41'),
(3291, 18, 215, 291.06, 10.00, 261.95, '2013-12-30 16:53:41'),
(3292, 18, 216, 291.06, 10.00, 261.95, '2013-12-30 16:53:41'),
(3293, 18, 217, 291.06, 10.00, 261.95, '2013-12-30 16:53:41'),
(3294, 18, 218, 212.00, 10.00, 190.80, '2013-12-30 16:53:42'),
(3295, 18, 219, 212.00, 10.00, 190.80, '2013-12-30 16:53:42'),
(3296, 18, 220, 212.00, 10.00, 190.80, '2013-12-30 16:53:42'),
(3297, 18, 221, 212.00, 10.00, 190.80, '2013-12-30 16:53:42'),
(3298, 18, 222, 212.00, 10.00, 190.80, '2013-12-30 16:53:42'),
(3299, 18, 223, 212.00, 10.00, 190.80, '2013-12-30 16:53:42'),
(3300, 18, 224, 347.29, 10.00, 312.56, '2013-12-30 16:53:42'),
(3301, 18, 225, 202.59, 10.00, 182.33, '2013-12-30 16:53:42'),
(3302, 18, 226, 225.74, 10.00, 203.17, '2013-12-30 16:53:42'),
(3303, 18, 227, 225.74, 10.00, 203.17, '2013-12-30 16:53:42'),
(3304, 18, 228, 225.74, 10.00, 203.17, '2013-12-30 16:53:42'),
(3305, 18, 229, 200.11, 10.00, 180.10, '2013-12-30 16:53:42'),
(3306, 18, 230, 200.11, 10.00, 180.10, '2013-12-30 16:53:42'),
(3307, 18, 231, 200.11, 10.00, 180.10, '2013-12-30 16:53:42'),
(3308, 18, 232, 200.11, 10.00, 180.10, '2013-12-30 16:53:42'),
(3309, 18, 233, 20.00, 10.00, 18.00, '2013-12-30 16:53:42'),
(3310, 18, 234, 38.00, 10.00, 34.20, '2013-12-30 16:53:42'),
(3311, 18, 235, 31.61, 10.00, 28.45, '2013-12-30 16:53:42'),
(3312, 18, 236, 31.61, 10.00, 28.45, '2013-12-30 16:53:42'),
(3313, 18, 237, 31.61, 10.00, 28.45, '2013-12-30 16:53:42'),
(3314, 18, 238, 61.60, 10.00, 55.44, '2013-12-30 16:53:42'),
(3315, 18, 239, 150.00, 10.00, 135.00, '2013-12-30 16:53:42'),
(3316, 18, 240, 80.49, 10.00, 72.44, '2013-12-30 16:53:43'),
(3317, 18, 241, 80.49, 10.00, 72.44, '2013-12-30 16:53:43'),
(3318, 18, 242, 80.49, 10.00, 72.44, '2013-12-30 16:53:43'),
(3319, 18, 243, 80.49, 10.00, 72.44, '2013-12-30 16:53:43'),
(3320, 18, 244, 80.49, 10.00, 72.44, '2013-12-30 16:53:43'),
(3321, 18, 245, 80.49, 10.00, 72.44, '2013-12-30 16:53:43'),
(3322, 18, 246, 78.28, 10.00, 70.45, '2013-12-30 16:53:43'),
(3323, 18, 247, 78.28, 10.00, 70.45, '2013-12-30 16:53:43'),
(3324, 18, 248, 78.28, 10.00, 70.45, '2013-12-30 16:53:43'),
(3325, 18, 249, 178.50, 10.00, 160.65, '2013-12-30 16:53:43'),
(3326, 18, 250, 80.49, 10.00, 72.44, '2013-12-30 16:53:43'),
(3327, 18, 251, 80.49, 10.00, 72.44, '2013-12-30 16:53:43'),
(3328, 18, 252, 80.49, 10.00, 72.44, '2013-12-30 16:53:43'),
(3329, 18, 253, 80.49, 10.00, 72.44, '2013-12-30 16:53:43'),
(3330, 18, 254, 80.49, 10.00, 72.44, '2013-12-30 16:53:43'),
(3331, 18, 255, 80.49, 10.00, 72.44, '2013-12-30 16:53:43'),
(3332, 18, 256, 352.25, 10.00, 317.02, '2013-12-30 16:53:43'),
(3333, 18, 257, 315.00, 10.00, 283.50, '2013-12-30 16:53:43'),
(3334, 18, 258, 183.75, 10.00, 165.37, '2013-12-30 16:53:43'),
(3335, 18, 259, 183.75, 10.00, 165.37, '2013-12-30 16:53:43'),
(3336, 18, 260, 183.75, 10.00, 165.37, '2013-12-30 16:53:43'),
(3337, 18, 261, 183.75, 10.00, 165.37, '2013-12-30 16:53:43'),
(3338, 18, 262, 183.75, 10.00, 165.37, '2013-12-30 16:53:43'),
(3339, 18, 263, 183.75, 10.00, 165.37, '2013-12-30 16:53:43'),
(3340, 18, 264, 89.25, 10.00, 80.32, '2013-12-30 16:53:44'),
(3341, 18, 265, 173.25, 10.00, 155.92, '2013-12-30 16:53:44'),
(3342, 18, 266, 173.25, 10.00, 155.92, '2013-12-30 16:53:44'),
(3343, 18, 267, 173.25, 10.00, 155.92, '2013-12-30 16:53:44'),
(3344, 18, 268, 173.25, 10.00, 155.92, '2013-12-30 16:53:44'),
(3345, 18, 269, 154.00, 10.00, 138.60, '2013-12-30 16:53:44'),
(3346, 18, 270, 154.00, 10.00, 138.60, '2013-12-30 16:53:44'),
(3347, 18, 271, 154.00, 10.00, 138.60, '2013-12-30 16:53:44'),
(3348, 18, 272, 154.00, 10.00, 138.60, '2013-12-30 16:53:44'),
(3349, 18, 273, 154.00, 10.00, 138.60, '2013-12-30 16:53:44'),
(3350, 18, 274, 154.00, 10.00, 138.60, '2013-12-30 16:53:44'),
(3351, 18, 275, 154.00, 10.00, 138.60, '2013-12-30 16:53:44'),
(3352, 18, 276, 154.00, 10.00, 138.60, '2013-12-30 16:53:44'),
(3353, 18, 277, 87.15, 10.00, 78.43, '2013-12-30 16:53:44'),
(3354, 18, 278, 87.15, 10.00, 78.43, '2013-12-30 16:53:44'),
(3355, 18, 279, 87.15, 10.00, 78.43, '2013-12-30 16:53:44'),
(3356, 18, 280, 87.15, 10.00, 78.43, '2013-12-30 16:53:44'),
(3357, 18, 281, 87.15, 10.00, 78.43, '2013-12-30 16:53:44'),
(3358, 18, 282, 87.15, 10.00, 78.43, '2013-12-30 16:53:44'),
(3359, 18, 283, 87.15, 10.00, 78.43, '2013-12-30 16:53:44'),
(3360, 18, 284, 87.15, 10.00, 78.43, '2013-12-30 16:53:44'),
(3361, 18, 285, 73.85, 10.00, 66.46, '2013-12-30 16:53:44'),
(3362, 18, 286, 73.85, 10.00, 66.46, '2013-12-30 16:53:45'),
(3363, 18, 287, 73.85, 10.00, 66.46, '2013-12-30 16:53:45'),
(3364, 18, 288, 73.85, 10.00, 66.46, '2013-12-30 16:53:45'),
(3365, 18, 289, 310.00, 10.00, 279.00, '2013-12-30 16:53:45'),
(3366, 18, 290, 310.00, 10.00, 279.00, '2013-12-30 16:53:45'),
(3367, 18, 291, 310.00, 10.00, 279.00, '2013-12-30 16:53:45'),
(3368, 18, 292, 310.00, 10.00, 279.00, '2013-12-30 16:53:45'),
(3369, 18, 293, 310.00, 10.00, 279.00, '2013-12-30 16:53:45'),
(3370, 18, 294, 310.00, 10.00, 279.00, '2013-12-30 16:53:45'),
(3371, 18, 295, 310.00, 10.00, 279.00, '2013-12-30 16:53:45'),
(3372, 18, 296, 310.00, 10.00, 279.00, '2013-12-30 16:53:45'),
(3373, 18, 297, 89.25, 10.00, 80.32, '2013-12-30 16:53:45'),
(3374, 18, 298, 173.25, 10.00, 155.92, '2013-12-30 16:53:45'),
(3375, 18, 299, 173.25, 10.00, 155.92, '2013-12-30 16:53:45'),
(3376, 18, 300, 173.25, 10.00, 155.92, '2013-12-30 16:53:45'),
(3377, 18, 301, 173.25, 10.00, 155.92, '2013-12-30 16:53:45'),
(3378, 18, 441, 13.25, 20.00, 10.60, '2013-12-30 16:53:45'),
(3379, 18, 442, 22.75, 20.00, 18.20, '2013-12-30 16:53:45'),
(3380, 18, 443, 39.25, 20.00, 31.40, '2013-12-30 16:53:45'),
(3381, 18, 444, 65.25, 20.00, 52.20, '2013-12-30 16:53:45'),
(3382, 18, 445, 75.69, 20.00, 60.55, '2013-12-30 16:53:45'),
(3383, 18, 446, 14.95, 20.00, 11.96, '2013-12-30 16:53:46'),
(3384, 18, 447, 15.50, 20.00, 12.40, '2013-12-30 16:53:46');
INSERT INTO `sohorepro_special_pricing` (`sp_id`, `sp_user_id`, `sp_product_id`, `sp_list_price`, `sp_discount`, `sp_special_price`, `sp_date`) VALUES
(3385, 18, 448, 28.81, 20.00, 23.05, '2013-12-30 16:53:46'),
(3386, 18, 449, 49.94, 20.00, 39.95, '2013-12-30 16:53:46'),
(3387, 18, 450, 106.18, 20.00, 84.94, '2013-12-30 16:53:46'),
(3388, 18, 451, 79.95, 20.00, 63.96, '2013-12-30 16:53:46'),
(3389, 18, 452, 79.95, 20.00, 63.96, '2013-12-30 16:53:46'),
(3390, 18, 453, 119.95, 20.00, 95.96, '2013-12-30 16:53:46'),
(3391, 18, 463, 13.09, 40.00, 7.85, '2013-12-30 16:53:46'),
(3392, 18, 464, 18.16, 40.00, 10.90, '2013-12-30 16:53:46'),
(3393, 18, 465, 23.11, 40.00, 13.87, '2013-12-30 16:53:46'),
(3394, 18, 466, 28.98, 40.00, 17.39, '2013-12-30 16:53:46'),
(3395, 18, 467, 13.09, 40.00, 7.85, '2013-12-30 16:53:46'),
(3396, 18, 468, 18.16, 40.00, 10.90, '2013-12-30 16:53:46'),
(3397, 18, 469, 23.11, 40.00, 13.87, '2013-12-30 16:53:46'),
(3398, 18, 470, 28.98, 40.00, 17.39, '2013-12-30 16:53:46'),
(3399, 18, 471, 13.09, 40.00, 7.85, '2013-12-30 16:53:46'),
(3400, 18, 472, 18.16, 40.00, 10.90, '2013-12-30 16:53:46'),
(3401, 18, 473, 23.11, 40.00, 13.87, '2013-12-30 16:53:46'),
(3402, 18, 474, 28.98, 40.00, 17.39, '2013-12-30 16:53:46'),
(3403, 19, 1, 79.81, 20.00, 63.85, '2013-12-30 16:53:53'),
(3404, 19, 2, 141.06, 20.00, 112.85, '2013-12-30 16:53:53'),
(3405, 19, 3, 278.11, 20.00, 222.49, '2013-12-30 16:53:53'),
(3406, 19, 4, 401.08, 20.00, 320.86, '2013-12-30 16:53:54'),
(3407, 19, 5, 74.72, 30.00, 52.30, '2013-12-30 16:53:54'),
(3408, 19, 6, 87.91, 30.00, 61.54, '2013-12-30 16:53:54'),
(3409, 19, 7, 113.93, 30.00, 79.75, '2013-12-30 16:53:54'),
(3410, 19, 8, 146.43, 30.00, 102.50, '2013-12-30 16:53:54'),
(3411, 19, 9, 148.90, 30.00, 104.23, '2013-12-30 16:53:54'),
(3412, 19, 10, 170.80, 30.00, 119.56, '2013-12-30 16:53:54'),
(3413, 19, 11, 53.53, 30.00, 37.47, '2013-12-30 16:53:54'),
(3414, 19, 12, 101.46, 30.00, 71.02, '2013-12-30 16:53:54'),
(3415, 19, 13, 179.35, 30.00, 125.54, '2013-12-30 16:53:54'),
(3416, 19, 15, 141.91, 30.00, 99.34, '2013-12-30 16:53:54'),
(3417, 19, 16, 188.03, 30.00, 131.62, '2013-12-30 16:53:54'),
(3418, 19, 17, 188.03, 30.00, 131.62, '2013-12-30 16:53:54'),
(3419, 19, 18, 282.93, 30.00, 198.05, '2013-12-30 16:53:54'),
(3420, 19, 19, 471.57, 30.00, 330.10, '2013-12-30 16:53:54'),
(3421, 19, 20, 518.68, 30.00, 363.08, '2013-12-30 16:53:54'),
(3422, 19, 21, 650.77, 30.00, 455.54, '2013-12-30 16:53:54'),
(3423, 19, 22, 519.18, 30.00, 363.43, '2013-12-30 16:53:54'),
(3424, 19, 23, 622.94, 30.00, 436.06, '2013-12-30 16:53:54'),
(3425, 19, 24, 992.31, 20.00, 793.85, '2013-12-30 16:53:54'),
(3426, 19, 25, 1110.44, 20.00, 888.35, '2013-12-30 16:53:54'),
(3427, 19, 26, 30.57, 20.00, 24.46, '2013-12-30 16:53:54'),
(3428, 19, 27, 38.16, 20.00, 30.53, '2013-12-30 16:53:54'),
(3429, 19, 28, 43.24, 20.00, 34.59, '2013-12-30 16:53:55'),
(3430, 19, 29, 45.79, 20.00, 36.63, '2013-12-30 16:53:55'),
(3431, 19, 30, 63.54, 20.00, 50.83, '2013-12-30 16:53:55'),
(3432, 19, 31, 76.27, 20.00, 61.02, '2013-12-30 16:53:55'),
(3433, 19, 32, 91.57, 20.00, 73.26, '2013-12-30 16:53:55'),
(3434, 19, 33, 37.03, 20.00, 29.62, '2013-12-30 16:53:55'),
(3435, 19, 34, 46.15, 20.00, 36.92, '2013-12-30 16:53:55'),
(3436, 19, 35, 55.60, 20.00, 44.48, '2013-12-30 16:53:55'),
(3437, 19, 36, 65.06, 20.00, 52.05, '2013-12-30 16:53:55'),
(3438, 19, 67, 78.57, 20.00, 62.86, '2013-12-30 16:53:55'),
(3439, 19, 68, 98.18, 20.00, 78.54, '2013-12-30 16:53:55'),
(3440, 19, 69, 117.87, 20.00, 94.30, '2013-12-30 16:53:55'),
(3441, 19, 70, 351.71, 40.00, 211.03, '2013-12-30 16:53:55'),
(3442, 19, 71, 439.65, 40.00, 263.79, '2013-12-30 16:53:55'),
(3443, 19, 72, 527.60, 40.00, 316.56, '2013-12-30 16:53:55'),
(3444, 19, 146, 144.65, 20.00, 115.72, '2013-12-30 16:53:55'),
(3445, 19, 147, 210.10, 20.00, 168.08, '2013-12-30 16:53:55'),
(3446, 19, 148, 324.30, 20.00, 259.44, '2013-12-30 16:53:55'),
(3447, 19, 149, 144.65, 20.00, 115.72, '2013-12-30 16:53:55'),
(3448, 19, 150, 324.30, 20.00, 259.44, '2013-12-30 16:53:55'),
(3449, 19, 151, 144.65, 20.00, 115.72, '2013-12-30 16:53:55'),
(3450, 19, 152, 332.55, 20.00, 266.04, '2013-12-30 16:53:55'),
(3451, 19, 186, 44.88, 10.00, 40.39, '2013-12-30 16:53:56'),
(3452, 19, 187, 41.91, 10.00, 37.72, '2013-12-30 16:53:56'),
(3453, 19, 188, 44.00, 10.00, 39.60, '2013-12-30 16:53:56'),
(3454, 19, 189, 44.00, 10.00, 39.60, '2013-12-30 16:53:56'),
(3455, 19, 190, 44.00, 10.00, 39.60, '2013-12-30 16:53:56'),
(3456, 19, 191, 42.00, 10.00, 37.80, '2013-12-30 16:53:56'),
(3457, 19, 192, 44.00, 10.00, 39.60, '2013-12-30 16:53:56'),
(3458, 19, 193, 44.00, 10.00, 39.60, '2013-12-30 16:53:56'),
(3459, 19, 194, 44.00, 10.00, 39.60, '2013-12-30 16:53:56'),
(3460, 19, 195, 46.20, 10.00, 41.58, '2013-12-30 16:53:56'),
(3461, 19, 196, 47.84, 10.00, 43.06, '2013-12-30 16:53:56'),
(3462, 19, 197, 50.94, 10.00, 45.85, '2013-12-30 16:53:56'),
(3463, 19, 198, 50.94, 10.00, 45.85, '2013-12-30 16:53:56'),
(3464, 19, 199, 50.94, 10.00, 45.85, '2013-12-30 16:53:56'),
(3465, 19, 200, 49.07, 10.00, 44.16, '2013-12-30 16:53:56'),
(3466, 19, 201, 49.07, 10.00, 44.16, '2013-12-30 16:53:56'),
(3467, 19, 202, 49.07, 10.00, 44.16, '2013-12-30 16:53:56'),
(3468, 19, 203, 49.07, 10.00, 44.16, '2013-12-30 16:53:56'),
(3469, 19, 204, 202.32, 10.00, 182.09, '2013-12-30 16:53:56'),
(3470, 19, 205, 202.32, 10.00, 182.09, '2013-12-30 16:53:56'),
(3471, 19, 206, 202.32, 10.00, 182.09, '2013-12-30 16:53:56'),
(3472, 19, 207, 202.32, 10.00, 182.09, '2013-12-30 16:53:56'),
(3473, 19, 208, 220.11, 10.00, 198.10, '2013-12-30 16:53:57'),
(3474, 19, 209, 220.11, 10.00, 198.10, '2013-12-30 16:53:57'),
(3475, 19, 210, 220.11, 10.00, 198.10, '2013-12-30 16:53:57'),
(3476, 19, 211, 220.11, 10.00, 198.10, '2013-12-30 16:53:57'),
(3477, 19, 212, 291.06, 10.00, 261.95, '2013-12-30 16:53:57'),
(3478, 19, 213, 291.06, 10.00, 261.95, '2013-12-30 16:53:57'),
(3479, 19, 214, 291.06, 10.00, 261.95, '2013-12-30 16:53:57'),
(3480, 19, 215, 291.06, 10.00, 261.95, '2013-12-30 16:53:57'),
(3481, 19, 216, 291.06, 10.00, 261.95, '2013-12-30 16:53:57'),
(3482, 19, 217, 291.06, 10.00, 261.95, '2013-12-30 16:53:57'),
(3483, 19, 218, 212.00, 10.00, 190.80, '2013-12-30 16:53:57'),
(3484, 19, 219, 212.00, 10.00, 190.80, '2013-12-30 16:53:57'),
(3485, 19, 220, 212.00, 10.00, 190.80, '2013-12-30 16:53:57'),
(3486, 19, 221, 212.00, 10.00, 190.80, '2013-12-30 16:53:57'),
(3487, 19, 222, 212.00, 10.00, 190.80, '2013-12-30 16:53:57'),
(3488, 19, 223, 212.00, 10.00, 190.80, '2013-12-30 16:53:57'),
(3489, 19, 224, 347.29, 10.00, 312.56, '2013-12-30 16:53:57'),
(3490, 19, 225, 202.59, 10.00, 182.33, '2013-12-30 16:53:57'),
(3491, 19, 226, 225.74, 10.00, 203.17, '2013-12-30 16:53:57'),
(3492, 19, 227, 225.74, 10.00, 203.17, '2013-12-30 16:53:57'),
(3493, 19, 228, 225.74, 10.00, 203.17, '2013-12-30 16:53:57'),
(3494, 19, 229, 200.11, 10.00, 180.10, '2013-12-30 16:53:58'),
(3495, 19, 230, 200.11, 10.00, 180.10, '2013-12-30 16:53:58'),
(3496, 19, 231, 200.11, 10.00, 180.10, '2013-12-30 16:53:58'),
(3497, 19, 232, 200.11, 10.00, 180.10, '2013-12-30 16:53:58'),
(3498, 19, 233, 20.00, 10.00, 18.00, '2013-12-30 16:53:58'),
(3499, 19, 234, 38.00, 10.00, 34.20, '2013-12-30 16:53:58'),
(3500, 19, 235, 31.61, 10.00, 28.45, '2013-12-30 16:53:58'),
(3501, 19, 236, 31.61, 10.00, 28.45, '2013-12-30 16:53:58'),
(3502, 19, 237, 31.61, 10.00, 28.45, '2013-12-30 16:53:58'),
(3503, 19, 238, 61.60, 10.00, 55.44, '2013-12-30 16:53:58'),
(3504, 19, 239, 150.00, 10.00, 135.00, '2013-12-30 16:53:58'),
(3505, 19, 240, 80.49, 10.00, 72.44, '2013-12-30 16:53:58'),
(3506, 19, 241, 80.49, 10.00, 72.44, '2013-12-30 16:53:58'),
(3507, 19, 242, 80.49, 10.00, 72.44, '2013-12-30 16:53:58'),
(3508, 19, 243, 80.49, 10.00, 72.44, '2013-12-30 16:53:58'),
(3509, 19, 244, 80.49, 10.00, 72.44, '2013-12-30 16:53:58'),
(3510, 19, 245, 80.49, 10.00, 72.44, '2013-12-30 16:53:58'),
(3511, 19, 246, 78.28, 10.00, 70.45, '2013-12-30 16:53:58'),
(3512, 19, 247, 78.28, 10.00, 70.45, '2013-12-30 16:53:58'),
(3513, 19, 248, 78.28, 10.00, 70.45, '2013-12-30 16:53:58'),
(3514, 19, 249, 178.50, 10.00, 160.65, '2013-12-30 16:53:58'),
(3515, 19, 250, 80.49, 10.00, 72.44, '2013-12-30 16:53:58'),
(3516, 19, 251, 80.49, 10.00, 72.44, '2013-12-30 16:53:58'),
(3517, 19, 252, 80.49, 10.00, 72.44, '2013-12-30 16:53:59'),
(3518, 19, 253, 80.49, 10.00, 72.44, '2013-12-30 16:53:59'),
(3519, 19, 254, 80.49, 10.00, 72.44, '2013-12-30 16:53:59'),
(3520, 19, 255, 80.49, 10.00, 72.44, '2013-12-30 16:53:59'),
(3521, 19, 256, 352.25, 10.00, 317.02, '2013-12-30 16:53:59'),
(3522, 19, 257, 315.00, 10.00, 283.50, '2013-12-30 16:53:59'),
(3523, 19, 258, 183.75, 10.00, 165.37, '2013-12-30 16:53:59'),
(3524, 19, 259, 183.75, 10.00, 165.37, '2013-12-30 16:53:59'),
(3525, 19, 260, 183.75, 10.00, 165.37, '2013-12-30 16:53:59'),
(3526, 19, 261, 183.75, 10.00, 165.37, '2013-12-30 16:53:59'),
(3527, 19, 262, 183.75, 10.00, 165.37, '2013-12-30 16:53:59'),
(3528, 19, 263, 183.75, 10.00, 165.37, '2013-12-30 16:53:59'),
(3529, 19, 264, 89.25, 10.00, 80.32, '2013-12-30 16:53:59'),
(3530, 19, 265, 173.25, 10.00, 155.92, '2013-12-30 16:53:59'),
(3531, 19, 266, 173.25, 10.00, 155.92, '2013-12-30 16:53:59'),
(3532, 19, 267, 173.25, 10.00, 155.92, '2013-12-30 16:53:59'),
(3533, 19, 268, 173.25, 10.00, 155.92, '2013-12-30 16:53:59'),
(3534, 19, 269, 154.00, 10.00, 138.60, '2013-12-30 16:53:59'),
(3535, 19, 270, 154.00, 10.00, 138.60, '2013-12-30 16:53:59'),
(3536, 19, 271, 154.00, 10.00, 138.60, '2013-12-30 16:53:59'),
(3537, 19, 272, 154.00, 10.00, 138.60, '2013-12-30 16:53:59'),
(3538, 19, 273, 154.00, 10.00, 138.60, '2013-12-30 16:53:59'),
(3539, 19, 274, 154.00, 10.00, 138.60, '2013-12-30 16:53:59'),
(3540, 19, 275, 154.00, 10.00, 138.60, '2013-12-30 16:54:00'),
(3541, 19, 276, 154.00, 10.00, 138.60, '2013-12-30 16:54:00'),
(3542, 19, 277, 87.15, 10.00, 78.43, '2013-12-30 16:54:00'),
(3543, 19, 278, 87.15, 10.00, 78.43, '2013-12-30 16:54:00'),
(3544, 19, 279, 87.15, 10.00, 78.43, '2013-12-30 16:54:00'),
(3545, 19, 280, 87.15, 10.00, 78.43, '2013-12-30 16:54:00'),
(3546, 19, 281, 87.15, 10.00, 78.43, '2013-12-30 16:54:00'),
(3547, 19, 282, 87.15, 10.00, 78.43, '2013-12-30 16:54:00'),
(3548, 19, 283, 87.15, 10.00, 78.43, '2013-12-30 16:54:00'),
(3549, 19, 284, 87.15, 10.00, 78.43, '2013-12-30 16:54:00'),
(3550, 19, 285, 73.85, 10.00, 66.46, '2013-12-30 16:54:00'),
(3551, 19, 286, 73.85, 10.00, 66.46, '2013-12-30 16:54:00'),
(3552, 19, 287, 73.85, 10.00, 66.46, '2013-12-30 16:54:00'),
(3553, 19, 288, 73.85, 10.00, 66.46, '2013-12-30 16:54:00'),
(3554, 19, 289, 310.00, 10.00, 279.00, '2013-12-30 16:54:00'),
(3555, 19, 290, 310.00, 10.00, 279.00, '2013-12-30 16:54:00'),
(3556, 19, 291, 310.00, 10.00, 279.00, '2013-12-30 16:54:00'),
(3557, 19, 292, 310.00, 10.00, 279.00, '2013-12-30 16:54:00'),
(3558, 19, 293, 310.00, 10.00, 279.00, '2013-12-30 16:54:00'),
(3559, 19, 294, 310.00, 10.00, 279.00, '2013-12-30 16:54:00'),
(3560, 19, 295, 310.00, 10.00, 279.00, '2013-12-30 16:54:00'),
(3561, 19, 296, 310.00, 10.00, 279.00, '2013-12-30 16:54:00'),
(3562, 19, 297, 89.25, 10.00, 80.32, '2013-12-30 16:54:00'),
(3563, 19, 298, 173.25, 10.00, 155.92, '2013-12-30 16:54:01'),
(3564, 19, 299, 173.25, 10.00, 155.92, '2013-12-30 16:54:01'),
(3565, 19, 300, 173.25, 10.00, 155.92, '2013-12-30 16:54:01'),
(3566, 19, 301, 173.25, 10.00, 155.92, '2013-12-30 16:54:01'),
(3567, 19, 441, 13.25, 20.00, 10.60, '2013-12-30 16:54:01'),
(3568, 19, 442, 22.75, 20.00, 18.20, '2013-12-30 16:54:01'),
(3569, 19, 443, 39.25, 20.00, 31.40, '2013-12-30 16:54:01'),
(3570, 19, 444, 65.25, 20.00, 52.20, '2013-12-30 16:54:01'),
(3571, 19, 445, 75.69, 20.00, 60.55, '2013-12-30 16:54:01'),
(3572, 19, 446, 14.95, 20.00, 11.96, '2013-12-30 16:54:01'),
(3573, 19, 447, 15.50, 20.00, 12.40, '2013-12-30 16:54:01'),
(3574, 19, 448, 28.81, 20.00, 23.05, '2013-12-30 16:54:01'),
(3575, 19, 449, 49.94, 20.00, 39.95, '2013-12-30 16:54:01'),
(3576, 19, 450, 106.18, 20.00, 84.94, '2013-12-30 16:54:01'),
(3577, 19, 451, 79.95, 20.00, 63.96, '2013-12-30 16:54:01'),
(3578, 19, 452, 79.95, 20.00, 63.96, '2013-12-30 16:54:01'),
(3579, 19, 453, 119.95, 20.00, 95.96, '2013-12-30 16:54:01'),
(3580, 19, 463, 13.09, 40.00, 7.85, '2013-12-30 16:54:01'),
(3581, 19, 464, 18.16, 40.00, 10.90, '2013-12-30 16:54:01'),
(3582, 19, 465, 23.11, 40.00, 13.87, '2013-12-30 16:54:01'),
(3583, 19, 466, 28.98, 40.00, 17.39, '2013-12-30 16:54:02'),
(3584, 19, 467, 13.09, 40.00, 7.85, '2013-12-30 16:54:02'),
(3585, 19, 468, 18.16, 40.00, 10.90, '2013-12-30 16:54:02'),
(3586, 19, 469, 23.11, 40.00, 13.87, '2013-12-30 16:54:02'),
(3587, 19, 470, 28.98, 40.00, 17.39, '2013-12-30 16:54:02'),
(3588, 19, 471, 13.09, 40.00, 7.85, '2013-12-30 16:54:02'),
(3589, 19, 472, 18.16, 40.00, 10.90, '2013-12-30 16:54:02'),
(3590, 19, 473, 23.11, 40.00, 13.87, '2013-12-30 16:54:02'),
(3591, 19, 474, 28.98, 40.00, 17.39, '2013-12-30 16:54:02'),
(3592, 20, 1, 79.81, 20.00, 63.85, '2013-12-30 16:54:10'),
(3593, 20, 2, 141.06, 20.00, 112.85, '2013-12-30 16:54:10'),
(3594, 20, 3, 278.11, 20.00, 222.49, '2013-12-30 16:54:10'),
(3595, 20, 4, 401.08, 20.00, 320.86, '2013-12-30 16:54:10'),
(3596, 20, 5, 74.72, 30.00, 52.30, '2013-12-30 16:54:10'),
(3597, 20, 6, 87.91, 30.00, 61.54, '2013-12-30 16:54:10'),
(3598, 20, 7, 113.93, 30.00, 79.75, '2013-12-30 16:54:10'),
(3599, 20, 8, 146.43, 30.00, 102.50, '2013-12-30 16:54:10'),
(3600, 20, 9, 148.90, 30.00, 104.23, '2013-12-30 16:54:10'),
(3601, 20, 10, 170.80, 30.00, 119.56, '2013-12-30 16:54:10'),
(3602, 20, 11, 53.53, 30.00, 37.47, '2013-12-30 16:54:10'),
(3603, 20, 12, 101.46, 30.00, 71.02, '2013-12-30 16:54:10'),
(3604, 20, 13, 179.35, 30.00, 125.54, '2013-12-30 16:54:10'),
(3605, 20, 15, 141.91, 30.00, 99.34, '2013-12-30 16:54:11'),
(3606, 20, 16, 188.03, 30.00, 131.62, '2013-12-30 16:54:11'),
(3607, 20, 17, 188.03, 30.00, 131.62, '2013-12-30 16:54:11'),
(3608, 20, 18, 282.93, 30.00, 198.05, '2013-12-30 16:54:11'),
(3609, 20, 19, 471.57, 30.00, 330.10, '2013-12-30 16:54:11'),
(3610, 20, 20, 518.68, 30.00, 363.08, '2013-12-30 16:54:11'),
(3611, 20, 21, 650.77, 30.00, 455.54, '2013-12-30 16:54:11'),
(3612, 20, 22, 519.18, 30.00, 363.43, '2013-12-30 16:54:11'),
(3613, 20, 23, 622.94, 30.00, 436.06, '2013-12-30 16:54:11'),
(3614, 20, 24, 992.31, 20.00, 793.85, '2013-12-30 16:54:11'),
(3615, 20, 25, 1110.44, 20.00, 888.35, '2013-12-30 16:54:11'),
(3616, 20, 26, 30.57, 20.00, 24.46, '2013-12-30 16:54:11'),
(3617, 20, 27, 38.16, 20.00, 30.53, '2013-12-30 16:54:11'),
(3618, 20, 28, 43.24, 20.00, 34.59, '2013-12-30 16:54:11'),
(3619, 20, 29, 45.79, 20.00, 36.63, '2013-12-30 16:54:11'),
(3620, 20, 30, 63.54, 20.00, 50.83, '2013-12-30 16:54:11'),
(3621, 20, 31, 76.27, 20.00, 61.02, '2013-12-30 16:54:11'),
(3622, 20, 32, 91.57, 20.00, 73.26, '2013-12-30 16:54:11'),
(3623, 20, 33, 37.03, 20.00, 29.62, '2013-12-30 16:54:11'),
(3624, 20, 34, 46.15, 20.00, 36.92, '2013-12-30 16:54:11'),
(3625, 20, 35, 55.60, 20.00, 44.48, '2013-12-30 16:54:11'),
(3626, 20, 36, 65.06, 20.00, 52.05, '2013-12-30 16:54:12'),
(3627, 20, 67, 78.57, 20.00, 62.86, '2013-12-30 16:54:12'),
(3628, 20, 68, 98.18, 20.00, 78.54, '2013-12-30 16:54:12'),
(3629, 20, 69, 117.87, 20.00, 94.30, '2013-12-30 16:54:12'),
(3630, 20, 70, 351.71, 40.00, 211.03, '2013-12-30 16:54:12'),
(3631, 20, 71, 439.65, 40.00, 263.79, '2013-12-30 16:54:12'),
(3632, 20, 72, 527.60, 40.00, 316.56, '2013-12-30 16:54:12'),
(3633, 20, 146, 144.65, 20.00, 115.72, '2013-12-30 16:54:12'),
(3634, 20, 147, 210.10, 20.00, 168.08, '2013-12-30 16:54:12'),
(3635, 20, 148, 324.30, 20.00, 259.44, '2013-12-30 16:54:12'),
(3636, 20, 149, 144.65, 20.00, 115.72, '2013-12-30 16:54:12'),
(3637, 20, 150, 324.30, 20.00, 259.44, '2013-12-30 16:54:12'),
(3638, 20, 151, 144.65, 20.00, 115.72, '2013-12-30 16:54:12'),
(3639, 20, 152, 332.55, 20.00, 266.04, '2013-12-30 16:54:12'),
(3640, 20, 186, 44.88, 10.00, 40.39, '2013-12-30 16:54:12'),
(3641, 20, 187, 41.91, 10.00, 37.72, '2013-12-30 16:54:12'),
(3642, 20, 188, 44.00, 10.00, 39.60, '2013-12-30 16:54:12'),
(3643, 20, 189, 44.00, 10.00, 39.60, '2013-12-30 16:54:12'),
(3644, 20, 190, 44.00, 10.00, 39.60, '2013-12-30 16:54:12'),
(3645, 20, 191, 42.00, 10.00, 37.80, '2013-12-30 16:54:12'),
(3646, 20, 192, 44.00, 10.00, 39.60, '2013-12-30 16:54:12'),
(3647, 20, 193, 44.00, 10.00, 39.60, '2013-12-30 16:54:13'),
(3648, 20, 194, 44.00, 10.00, 39.60, '2013-12-30 16:54:13'),
(3649, 20, 195, 46.20, 10.00, 41.58, '2013-12-30 16:54:13'),
(3650, 20, 196, 47.84, 10.00, 43.06, '2013-12-30 16:54:13'),
(3651, 20, 197, 50.94, 10.00, 45.85, '2013-12-30 16:54:13'),
(3652, 20, 198, 50.94, 10.00, 45.85, '2013-12-30 16:54:13'),
(3653, 20, 199, 50.94, 10.00, 45.85, '2013-12-30 16:54:13'),
(3654, 20, 200, 49.07, 10.00, 44.16, '2013-12-30 16:54:13'),
(3655, 20, 201, 49.07, 10.00, 44.16, '2013-12-30 16:54:13'),
(3656, 20, 202, 49.07, 10.00, 44.16, '2013-12-30 16:54:13'),
(3657, 20, 203, 49.07, 10.00, 44.16, '2013-12-30 16:54:13'),
(3658, 20, 204, 202.32, 10.00, 182.09, '2013-12-30 16:54:13'),
(3659, 20, 205, 202.32, 10.00, 182.09, '2013-12-30 16:54:13'),
(3660, 20, 206, 202.32, 10.00, 182.09, '2013-12-30 16:54:13'),
(3661, 20, 207, 202.32, 10.00, 182.09, '2013-12-30 16:54:13'),
(3662, 20, 208, 220.11, 10.00, 198.10, '2013-12-30 16:54:13'),
(3663, 20, 209, 220.11, 10.00, 198.10, '2013-12-30 16:54:13'),
(3664, 20, 210, 220.11, 10.00, 198.10, '2013-12-30 16:54:13'),
(3665, 20, 211, 220.11, 10.00, 198.10, '2013-12-30 16:54:13'),
(3666, 20, 212, 291.06, 10.00, 261.95, '2013-12-30 16:54:13'),
(3667, 20, 213, 291.06, 10.00, 261.95, '2013-12-30 16:54:13'),
(3668, 20, 214, 291.06, 10.00, 261.95, '2013-12-30 16:54:13'),
(3669, 20, 215, 291.06, 10.00, 261.95, '2013-12-30 16:54:13'),
(3670, 20, 216, 291.06, 10.00, 261.95, '2013-12-30 16:54:13'),
(3671, 20, 217, 291.06, 10.00, 261.95, '2013-12-30 16:54:14'),
(3672, 20, 218, 212.00, 10.00, 190.80, '2013-12-30 16:54:14'),
(3673, 20, 219, 212.00, 10.00, 190.80, '2013-12-30 16:54:14'),
(3674, 20, 220, 212.00, 10.00, 190.80, '2013-12-30 16:54:14'),
(3675, 20, 221, 212.00, 10.00, 190.80, '2013-12-30 16:54:14'),
(3676, 20, 222, 212.00, 10.00, 190.80, '2013-12-30 16:54:14'),
(3677, 20, 223, 212.00, 10.00, 190.80, '2013-12-30 16:54:14'),
(3678, 20, 224, 347.29, 10.00, 312.56, '2013-12-30 16:54:14'),
(3679, 20, 225, 202.59, 10.00, 182.33, '2013-12-30 16:54:14'),
(3680, 20, 226, 225.74, 10.00, 203.17, '2013-12-30 16:54:14'),
(3681, 20, 227, 225.74, 10.00, 203.17, '2013-12-30 16:54:14'),
(3682, 20, 228, 225.74, 10.00, 203.17, '2013-12-30 16:54:14'),
(3683, 20, 229, 200.11, 10.00, 180.10, '2013-12-30 16:54:14'),
(3684, 20, 230, 200.11, 10.00, 180.10, '2013-12-30 16:54:14'),
(3685, 20, 231, 200.11, 10.00, 180.10, '2013-12-30 16:54:14'),
(3686, 20, 232, 200.11, 10.00, 180.10, '2013-12-30 16:54:14'),
(3687, 20, 233, 20.00, 10.00, 18.00, '2013-12-30 16:54:14'),
(3688, 20, 234, 38.00, 10.00, 34.20, '2013-12-30 16:54:14'),
(3689, 20, 235, 31.61, 10.00, 28.45, '2013-12-30 16:54:14'),
(3690, 20, 236, 31.61, 10.00, 28.45, '2013-12-30 16:54:14'),
(3691, 20, 237, 31.61, 10.00, 28.45, '2013-12-30 16:54:14'),
(3692, 20, 238, 61.60, 10.00, 55.44, '2013-12-30 16:54:14'),
(3693, 20, 239, 150.00, 10.00, 135.00, '2013-12-30 16:54:14'),
(3694, 20, 240, 80.49, 10.00, 72.44, '2013-12-30 16:54:15'),
(3695, 20, 241, 80.49, 10.00, 72.44, '2013-12-30 16:54:15'),
(3696, 20, 242, 80.49, 10.00, 72.44, '2013-12-30 16:54:15'),
(3697, 20, 243, 80.49, 10.00, 72.44, '2013-12-30 16:54:15'),
(3698, 20, 244, 80.49, 10.00, 72.44, '2013-12-30 16:54:15'),
(3699, 20, 245, 80.49, 10.00, 72.44, '2013-12-30 16:54:15'),
(3700, 20, 246, 78.28, 10.00, 70.45, '2013-12-30 16:54:15'),
(3701, 20, 247, 78.28, 10.00, 70.45, '2013-12-30 16:54:15'),
(3702, 20, 248, 78.28, 10.00, 70.45, '2013-12-30 16:54:15'),
(3703, 20, 249, 178.50, 10.00, 160.65, '2013-12-30 16:54:15'),
(3704, 20, 250, 80.49, 10.00, 72.44, '2013-12-30 16:54:15'),
(3705, 20, 251, 80.49, 10.00, 72.44, '2013-12-30 16:54:15'),
(3706, 20, 252, 80.49, 10.00, 72.44, '2013-12-30 16:54:15'),
(3707, 20, 253, 80.49, 10.00, 72.44, '2013-12-30 16:54:15'),
(3708, 20, 254, 80.49, 10.00, 72.44, '2013-12-30 16:54:15'),
(3709, 20, 255, 80.49, 10.00, 72.44, '2013-12-30 16:54:15'),
(3710, 20, 256, 352.25, 10.00, 317.02, '2013-12-30 16:54:15'),
(3711, 20, 257, 315.00, 10.00, 283.50, '2013-12-30 16:54:15'),
(3712, 20, 258, 183.75, 10.00, 165.37, '2013-12-30 16:54:15'),
(3713, 20, 259, 183.75, 10.00, 165.37, '2013-12-30 16:54:15'),
(3714, 20, 260, 183.75, 10.00, 165.37, '2013-12-30 16:54:15'),
(3715, 20, 261, 183.75, 10.00, 165.37, '2013-12-30 16:54:15'),
(3716, 20, 262, 183.75, 10.00, 165.37, '2013-12-30 16:54:15'),
(3717, 20, 263, 183.75, 10.00, 165.37, '2013-12-30 16:54:16'),
(3718, 20, 264, 89.25, 10.00, 80.32, '2013-12-30 16:54:16'),
(3719, 20, 265, 173.25, 10.00, 155.92, '2013-12-30 16:54:16'),
(3720, 20, 266, 173.25, 10.00, 155.92, '2013-12-30 16:54:16'),
(3721, 20, 267, 173.25, 10.00, 155.92, '2013-12-30 16:54:16'),
(3722, 20, 268, 173.25, 10.00, 155.92, '2013-12-30 16:54:16'),
(3723, 20, 269, 154.00, 10.00, 138.60, '2013-12-30 16:54:16'),
(3724, 20, 270, 154.00, 10.00, 138.60, '2013-12-30 16:54:16'),
(3725, 20, 271, 154.00, 10.00, 138.60, '2013-12-30 16:54:16'),
(3726, 20, 272, 154.00, 10.00, 138.60, '2013-12-30 16:54:16'),
(3727, 20, 273, 154.00, 10.00, 138.60, '2013-12-30 16:54:16'),
(3728, 20, 274, 154.00, 10.00, 138.60, '2013-12-30 16:54:16'),
(3729, 20, 275, 154.00, 10.00, 138.60, '2013-12-30 16:54:16'),
(3730, 20, 276, 154.00, 10.00, 138.60, '2013-12-30 16:54:16'),
(3731, 20, 277, 87.15, 10.00, 78.43, '2013-12-30 16:54:16'),
(3732, 20, 278, 87.15, 10.00, 78.43, '2013-12-30 16:54:16'),
(3733, 20, 279, 87.15, 10.00, 78.43, '2013-12-30 16:54:16'),
(3734, 20, 280, 87.15, 10.00, 78.43, '2013-12-30 16:54:16'),
(3735, 20, 281, 87.15, 10.00, 78.43, '2013-12-30 16:54:16'),
(3736, 20, 282, 87.15, 10.00, 78.43, '2013-12-30 16:54:16'),
(3737, 20, 283, 87.15, 10.00, 78.43, '2013-12-30 16:54:16'),
(3738, 20, 284, 87.15, 10.00, 78.43, '2013-12-30 16:54:16'),
(3739, 20, 285, 73.85, 10.00, 66.46, '2013-12-30 16:54:16'),
(3740, 20, 286, 73.85, 10.00, 66.46, '2013-12-30 16:54:17'),
(3741, 20, 287, 73.85, 10.00, 66.46, '2013-12-30 16:54:17'),
(3742, 20, 288, 73.85, 10.00, 66.46, '2013-12-30 16:54:17'),
(3743, 20, 289, 310.00, 10.00, 279.00, '2013-12-30 16:54:17'),
(3744, 20, 290, 310.00, 10.00, 279.00, '2013-12-30 16:54:17'),
(3745, 20, 291, 310.00, 10.00, 279.00, '2013-12-30 16:54:17'),
(3746, 20, 292, 310.00, 10.00, 279.00, '2013-12-30 16:54:17'),
(3747, 20, 293, 310.00, 10.00, 279.00, '2013-12-30 16:54:17'),
(3748, 20, 294, 310.00, 10.00, 279.00, '2013-12-30 16:54:17'),
(3749, 20, 295, 310.00, 10.00, 279.00, '2013-12-30 16:54:17'),
(3750, 20, 296, 310.00, 10.00, 279.00, '2013-12-30 16:54:17'),
(3751, 20, 297, 89.25, 10.00, 80.32, '2013-12-30 16:54:17'),
(3752, 20, 298, 173.25, 10.00, 155.92, '2013-12-30 16:54:17'),
(3753, 20, 299, 173.25, 10.00, 155.92, '2013-12-30 16:54:17'),
(3754, 20, 300, 173.25, 10.00, 155.92, '2013-12-30 16:54:17'),
(3755, 20, 301, 173.25, 10.00, 155.92, '2013-12-30 16:54:17'),
(3756, 20, 441, 13.25, 20.00, 10.60, '2013-12-30 16:54:17'),
(3757, 20, 442, 22.75, 20.00, 18.20, '2013-12-30 16:54:17'),
(3758, 20, 443, 39.25, 20.00, 31.40, '2013-12-30 16:54:17'),
(3759, 20, 444, 65.25, 20.00, 52.20, '2013-12-30 16:54:17'),
(3760, 20, 445, 75.69, 20.00, 60.55, '2013-12-30 16:54:17'),
(3761, 20, 446, 14.95, 20.00, 11.96, '2013-12-30 16:54:17'),
(3762, 20, 447, 15.50, 20.00, 12.40, '2013-12-30 16:54:17'),
(3763, 20, 448, 28.81, 20.00, 23.05, '2013-12-30 16:54:18'),
(3764, 20, 449, 49.94, 20.00, 39.95, '2013-12-30 16:54:18'),
(3765, 20, 450, 106.18, 20.00, 84.94, '2013-12-30 16:54:18'),
(3766, 20, 451, 79.95, 20.00, 63.96, '2013-12-30 16:54:18'),
(3767, 20, 452, 79.95, 20.00, 63.96, '2013-12-30 16:54:18'),
(3768, 20, 453, 119.95, 20.00, 95.96, '2013-12-30 16:54:18'),
(3769, 20, 463, 13.09, 40.00, 7.85, '2013-12-30 16:54:18'),
(3770, 20, 464, 18.16, 40.00, 10.90, '2013-12-30 16:54:18'),
(3771, 20, 465, 23.11, 40.00, 13.87, '2013-12-30 16:54:18'),
(3772, 20, 466, 28.98, 40.00, 17.39, '2013-12-30 16:54:18'),
(3773, 20, 467, 13.09, 40.00, 7.85, '2013-12-30 16:54:18'),
(3774, 20, 468, 18.16, 40.00, 10.90, '2013-12-30 16:54:18'),
(3775, 20, 469, 23.11, 40.00, 13.87, '2013-12-30 16:54:18'),
(3776, 20, 470, 28.98, 40.00, 17.39, '2013-12-30 16:54:18'),
(3777, 20, 471, 13.09, 40.00, 7.85, '2013-12-30 16:54:18'),
(3778, 20, 472, 18.16, 40.00, 10.90, '2013-12-30 16:54:18'),
(3779, 20, 473, 23.11, 40.00, 13.87, '2013-12-30 16:54:18'),
(3780, 20, 474, 28.98, 40.00, 17.39, '2013-12-30 16:54:18'),
(3781, 20, 1, 79.81, 20.00, 63.85, '2013-12-31 04:31:13'),
(3782, 20, 2, 141.06, 20.00, 112.85, '2013-12-31 04:31:13'),
(3783, 20, 3, 278.11, 20.00, 222.49, '2013-12-31 04:31:14'),
(3784, 20, 4, 401.08, 20.00, 320.86, '2013-12-31 04:31:14'),
(3785, 20, 5, 74.72, 30.00, 52.30, '2013-12-31 04:31:15'),
(3786, 20, 6, 87.91, 30.00, 61.54, '2013-12-31 04:31:15'),
(3787, 20, 7, 113.93, 30.00, 79.75, '2013-12-31 04:31:15'),
(3788, 20, 8, 146.43, 30.00, 102.50, '2013-12-31 04:31:15'),
(3789, 20, 9, 148.90, 30.00, 104.23, '2013-12-31 04:31:16'),
(3790, 20, 10, 170.80, 30.00, 119.56, '2013-12-31 04:31:16'),
(3791, 20, 11, 53.53, 30.00, 37.47, '2013-12-31 04:31:17'),
(3792, 20, 12, 101.46, 30.00, 71.02, '2013-12-31 04:31:17'),
(3793, 20, 13, 179.35, 30.00, 125.54, '2013-12-31 04:31:18'),
(3794, 20, 15, 141.91, 30.00, 99.34, '2013-12-31 04:31:18'),
(3795, 20, 16, 188.03, 30.00, 131.62, '2013-12-31 04:31:19'),
(3796, 20, 17, 188.03, 30.00, 131.62, '2013-12-31 04:31:19'),
(3797, 20, 18, 282.93, 30.00, 198.05, '2013-12-31 04:31:19'),
(3798, 20, 19, 471.57, 30.00, 330.10, '2013-12-31 04:31:20'),
(3799, 20, 20, 518.68, 30.00, 363.08, '2013-12-31 04:31:20'),
(3800, 20, 21, 650.77, 30.00, 455.54, '2013-12-31 04:31:21'),
(3801, 20, 22, 519.18, 30.00, 363.43, '2013-12-31 04:31:21'),
(3802, 20, 23, 622.94, 30.00, 436.06, '2013-12-31 04:31:22'),
(3803, 20, 24, 992.31, 20.00, 793.85, '2013-12-31 04:31:22'),
(3804, 20, 25, 1110.44, 20.00, 888.35, '2013-12-31 04:31:22'),
(3805, 20, 26, 30.57, 20.00, 24.46, '2013-12-31 04:31:23'),
(3806, 20, 27, 38.16, 20.00, 30.53, '2013-12-31 04:31:23'),
(3807, 20, 28, 43.24, 20.00, 34.59, '2013-12-31 04:31:23'),
(3808, 20, 29, 45.79, 20.00, 36.63, '2013-12-31 04:31:25'),
(3809, 20, 30, 63.54, 20.00, 50.83, '2013-12-31 04:31:25'),
(3810, 20, 31, 76.27, 20.00, 61.02, '2013-12-31 04:31:25'),
(3811, 20, 32, 91.57, 20.00, 73.26, '2013-12-31 04:31:25'),
(3812, 20, 33, 37.03, 20.00, 29.62, '2013-12-31 04:31:26'),
(3813, 20, 34, 46.15, 20.00, 36.92, '2013-12-31 04:31:26'),
(3814, 20, 35, 55.60, 20.00, 44.48, '2013-12-31 04:31:26'),
(3815, 20, 36, 65.06, 20.00, 52.05, '2013-12-31 04:31:26'),
(3816, 20, 67, 78.57, 20.00, 62.86, '2013-12-31 04:31:27'),
(3817, 20, 68, 98.18, 20.00, 78.54, '2013-12-31 04:31:27'),
(3818, 20, 69, 117.87, 20.00, 94.30, '2013-12-31 04:31:27'),
(3819, 20, 70, 351.71, 40.00, 211.03, '2013-12-31 04:31:27'),
(3820, 20, 71, 439.65, 40.00, 263.79, '2013-12-31 04:31:27'),
(3821, 20, 72, 527.60, 40.00, 316.56, '2013-12-31 04:31:27'),
(3822, 20, 146, 144.65, 20.00, 115.72, '2013-12-31 04:31:27'),
(3823, 20, 147, 210.10, 20.00, 168.08, '2013-12-31 04:31:28'),
(3824, 20, 148, 324.30, 20.00, 259.44, '2013-12-31 04:31:28'),
(3825, 20, 149, 144.65, 20.00, 115.72, '2013-12-31 04:31:28'),
(3826, 20, 150, 324.30, 20.00, 259.44, '2013-12-31 04:31:28'),
(3827, 20, 151, 144.65, 20.00, 115.72, '2013-12-31 04:31:28'),
(3828, 20, 152, 332.55, 20.00, 266.04, '2013-12-31 04:31:29'),
(3829, 20, 186, 44.88, 10.00, 40.39, '2013-12-31 04:31:29'),
(3830, 20, 187, 41.91, 10.00, 37.72, '2013-12-31 04:31:29'),
(3831, 20, 188, 44.00, 10.00, 39.60, '2013-12-31 04:31:29'),
(3832, 20, 189, 44.00, 10.00, 39.60, '2013-12-31 04:31:30'),
(3833, 20, 190, 44.00, 10.00, 39.60, '2013-12-31 04:31:30'),
(3834, 20, 191, 42.00, 10.00, 37.80, '2013-12-31 04:31:30'),
(3835, 20, 192, 44.00, 10.00, 39.60, '2013-12-31 04:31:30'),
(3836, 20, 193, 44.00, 10.00, 39.60, '2013-12-31 04:31:30'),
(3837, 20, 194, 44.00, 10.00, 39.60, '2013-12-31 04:31:31'),
(3838, 20, 195, 46.20, 10.00, 41.58, '2013-12-31 04:31:31'),
(3839, 20, 196, 47.84, 10.00, 43.06, '2013-12-31 04:31:31'),
(3840, 20, 197, 50.94, 10.00, 45.85, '2013-12-31 04:31:31'),
(3841, 20, 198, 50.94, 10.00, 45.85, '2013-12-31 04:31:32'),
(3842, 20, 199, 50.94, 10.00, 45.85, '2013-12-31 04:31:32'),
(3843, 20, 200, 49.07, 10.00, 44.16, '2013-12-31 04:31:32'),
(3844, 20, 201, 49.07, 10.00, 44.16, '2013-12-31 04:31:32'),
(3845, 20, 202, 49.07, 10.00, 44.16, '2013-12-31 04:31:32'),
(3846, 20, 203, 49.07, 10.00, 44.16, '2013-12-31 04:31:32'),
(3847, 20, 204, 202.32, 10.00, 182.09, '2013-12-31 04:31:32'),
(3848, 20, 205, 202.32, 10.00, 182.09, '2013-12-31 04:31:32'),
(3849, 20, 206, 202.32, 10.00, 182.09, '2013-12-31 04:31:32'),
(3850, 20, 207, 202.32, 10.00, 182.09, '2013-12-31 04:31:32'),
(3851, 20, 208, 220.11, 10.00, 198.10, '2013-12-31 04:31:32'),
(3852, 20, 209, 220.11, 10.00, 198.10, '2013-12-31 04:31:32'),
(3853, 20, 210, 220.11, 10.00, 198.10, '2013-12-31 04:31:32'),
(3854, 20, 211, 220.11, 10.00, 198.10, '2013-12-31 04:31:32'),
(3855, 20, 212, 291.06, 10.00, 261.95, '2013-12-31 04:31:32'),
(3856, 20, 213, 291.06, 10.00, 261.95, '2013-12-31 04:31:33'),
(3857, 20, 214, 291.06, 10.00, 261.95, '2013-12-31 04:31:33'),
(3858, 20, 215, 291.06, 10.00, 261.95, '2013-12-31 04:31:33'),
(3859, 20, 216, 291.06, 10.00, 261.95, '2013-12-31 04:31:33'),
(3860, 20, 217, 291.06, 10.00, 261.95, '2013-12-31 04:31:33'),
(3861, 20, 218, 212.00, 10.00, 190.80, '2013-12-31 04:31:33'),
(3862, 20, 219, 212.00, 10.00, 190.80, '2013-12-31 04:31:33'),
(3863, 20, 220, 212.00, 10.00, 190.80, '2013-12-31 04:31:34'),
(3864, 20, 221, 212.00, 10.00, 190.80, '2013-12-31 04:31:34'),
(3865, 20, 222, 212.00, 10.00, 190.80, '2013-12-31 04:31:35'),
(3866, 20, 223, 212.00, 10.00, 190.80, '2013-12-31 04:31:35'),
(3867, 20, 224, 347.29, 10.00, 312.56, '2013-12-31 04:31:36'),
(3868, 20, 225, 202.59, 10.00, 182.33, '2013-12-31 04:31:36'),
(3869, 20, 226, 225.74, 10.00, 203.17, '2013-12-31 04:31:36'),
(3870, 20, 227, 225.74, 10.00, 203.17, '2013-12-31 04:31:36'),
(3871, 20, 228, 225.74, 10.00, 203.17, '2013-12-31 04:31:36'),
(3872, 20, 229, 200.11, 10.00, 180.10, '2013-12-31 04:31:36'),
(3873, 20, 230, 200.11, 10.00, 180.10, '2013-12-31 04:31:37'),
(3874, 20, 231, 200.11, 10.00, 180.10, '2013-12-31 04:31:37'),
(3875, 20, 232, 200.11, 10.00, 180.10, '2013-12-31 04:31:37'),
(3876, 20, 233, 20.00, 10.00, 18.00, '2013-12-31 04:31:37'),
(3877, 20, 234, 38.00, 10.00, 34.20, '2013-12-31 04:31:37'),
(3878, 20, 235, 31.61, 10.00, 28.45, '2013-12-31 04:31:37'),
(3879, 20, 236, 31.61, 10.00, 28.45, '2013-12-31 04:31:37'),
(3880, 20, 237, 31.61, 10.00, 28.45, '2013-12-31 04:31:37'),
(3881, 20, 238, 61.60, 10.00, 55.44, '2013-12-31 04:31:37'),
(3882, 20, 239, 150.00, 10.00, 135.00, '2013-12-31 04:31:37'),
(3883, 20, 240, 80.49, 10.00, 72.44, '2013-12-31 04:31:37'),
(3884, 20, 241, 80.49, 10.00, 72.44, '2013-12-31 04:31:37'),
(3885, 20, 242, 80.49, 10.00, 72.44, '2013-12-31 04:31:37'),
(3886, 20, 243, 80.49, 10.00, 72.44, '2013-12-31 04:31:38'),
(3887, 20, 244, 80.49, 10.00, 72.44, '2013-12-31 04:31:38'),
(3888, 20, 245, 80.49, 10.00, 72.44, '2013-12-31 04:31:38'),
(3889, 20, 246, 78.28, 10.00, 70.45, '2013-12-31 04:31:38'),
(3890, 20, 247, 78.28, 10.00, 70.45, '2013-12-31 04:31:38'),
(3891, 20, 248, 78.28, 10.00, 70.45, '2013-12-31 04:31:38'),
(3892, 20, 249, 178.50, 10.00, 160.65, '2013-12-31 04:31:38'),
(3893, 20, 250, 80.49, 10.00, 72.44, '2013-12-31 04:31:38'),
(3894, 20, 251, 80.49, 10.00, 72.44, '2013-12-31 04:31:38'),
(3895, 20, 252, 80.49, 10.00, 72.44, '2013-12-31 04:31:38'),
(3896, 20, 253, 80.49, 10.00, 72.44, '2013-12-31 04:31:38'),
(3897, 20, 254, 80.49, 10.00, 72.44, '2013-12-31 04:31:38'),
(3898, 20, 255, 80.49, 10.00, 72.44, '2013-12-31 04:31:38'),
(3899, 20, 256, 352.25, 10.00, 317.02, '2013-12-31 04:31:38'),
(3900, 20, 257, 315.00, 10.00, 283.50, '2013-12-31 04:31:39'),
(3901, 20, 258, 183.75, 10.00, 165.37, '2013-12-31 04:31:39'),
(3902, 20, 259, 183.75, 10.00, 165.37, '2013-12-31 04:31:39'),
(3903, 20, 260, 183.75, 10.00, 165.37, '2013-12-31 04:31:39'),
(3904, 20, 261, 183.75, 10.00, 165.37, '2013-12-31 04:31:39'),
(3905, 20, 262, 183.75, 10.00, 165.37, '2013-12-31 04:31:39'),
(3906, 20, 263, 183.75, 10.00, 165.37, '2013-12-31 04:31:39'),
(3907, 20, 264, 89.25, 10.00, 80.32, '2013-12-31 04:31:39'),
(3908, 20, 265, 173.25, 10.00, 155.92, '2013-12-31 04:31:39'),
(3909, 20, 266, 173.25, 10.00, 155.92, '2013-12-31 04:31:39'),
(3910, 20, 267, 173.25, 10.00, 155.92, '2013-12-31 04:31:39'),
(3911, 20, 268, 173.25, 10.00, 155.92, '2013-12-31 04:31:39'),
(3912, 20, 269, 154.00, 10.00, 138.60, '2013-12-31 04:31:39'),
(3913, 20, 270, 154.00, 10.00, 138.60, '2013-12-31 04:31:39'),
(3914, 20, 271, 154.00, 10.00, 138.60, '2013-12-31 04:31:39'),
(3915, 20, 272, 154.00, 10.00, 138.60, '2013-12-31 04:31:40'),
(3916, 20, 273, 154.00, 10.00, 138.60, '2013-12-31 04:31:40'),
(3917, 20, 274, 154.00, 10.00, 138.60, '2013-12-31 04:31:40'),
(3918, 20, 275, 154.00, 10.00, 138.60, '2013-12-31 04:31:40'),
(3919, 20, 276, 154.00, 10.00, 138.60, '2013-12-31 04:31:40'),
(3920, 20, 277, 87.15, 10.00, 78.43, '2013-12-31 04:31:40'),
(3921, 20, 278, 87.15, 10.00, 78.43, '2013-12-31 04:31:40'),
(3922, 20, 279, 87.15, 10.00, 78.43, '2013-12-31 04:31:40'),
(3923, 20, 280, 87.15, 10.00, 78.43, '2013-12-31 04:31:40'),
(3924, 20, 281, 87.15, 10.00, 78.43, '2013-12-31 04:31:40'),
(3925, 20, 282, 87.15, 10.00, 78.43, '2013-12-31 04:31:40'),
(3926, 20, 283, 87.15, 10.00, 78.43, '2013-12-31 04:31:40'),
(3927, 20, 284, 87.15, 10.00, 78.43, '2013-12-31 04:31:40'),
(3928, 20, 285, 73.85, 10.00, 66.46, '2013-12-31 04:31:40'),
(3929, 20, 286, 73.85, 10.00, 66.46, '2013-12-31 04:31:40'),
(3930, 20, 287, 73.85, 10.00, 66.46, '2013-12-31 04:31:41'),
(3931, 20, 288, 73.85, 10.00, 66.46, '2013-12-31 04:31:41'),
(3932, 20, 289, 310.00, 10.00, 279.00, '2013-12-31 04:31:41'),
(3933, 20, 290, 310.00, 10.00, 279.00, '2013-12-31 04:31:41'),
(3934, 20, 291, 310.00, 10.00, 279.00, '2013-12-31 04:31:41'),
(3935, 20, 292, 310.00, 10.00, 279.00, '2013-12-31 04:31:41'),
(3936, 20, 293, 310.00, 10.00, 279.00, '2013-12-31 04:31:41'),
(3937, 20, 294, 310.00, 10.00, 279.00, '2013-12-31 04:31:41'),
(3938, 20, 295, 310.00, 10.00, 279.00, '2013-12-31 04:31:41'),
(3939, 20, 296, 310.00, 10.00, 279.00, '2013-12-31 04:31:41'),
(3940, 20, 297, 89.25, 10.00, 80.32, '2013-12-31 04:31:41'),
(3941, 20, 298, 173.25, 10.00, 155.92, '2013-12-31 04:31:41'),
(3942, 20, 299, 173.25, 10.00, 155.92, '2013-12-31 04:31:41'),
(3943, 20, 300, 173.25, 10.00, 155.92, '2013-12-31 04:31:41'),
(3944, 20, 301, 173.25, 10.00, 155.92, '2013-12-31 04:31:42'),
(3945, 20, 441, 13.25, 20.00, 10.60, '2013-12-31 04:31:42'),
(3946, 20, 442, 22.75, 20.00, 18.20, '2013-12-31 04:31:42'),
(3947, 20, 443, 39.25, 20.00, 31.40, '2013-12-31 04:31:42'),
(3948, 20, 444, 65.25, 20.00, 52.20, '2013-12-31 04:31:42'),
(3949, 20, 445, 75.69, 20.00, 60.55, '2013-12-31 04:31:42'),
(3950, 20, 446, 14.95, 20.00, 11.96, '2013-12-31 04:31:42'),
(3951, 20, 447, 15.50, 20.00, 12.40, '2013-12-31 04:31:42'),
(3952, 20, 448, 28.81, 20.00, 23.05, '2013-12-31 04:31:42'),
(3953, 20, 449, 49.94, 20.00, 39.95, '2013-12-31 04:31:42'),
(3954, 20, 450, 106.18, 20.00, 84.94, '2013-12-31 04:31:42'),
(3955, 20, 451, 79.95, 20.00, 63.96, '2013-12-31 04:31:42'),
(3956, 20, 452, 79.95, 20.00, 63.96, '2013-12-31 04:31:42'),
(3957, 20, 453, 119.95, 20.00, 95.96, '2013-12-31 04:31:42'),
(3958, 20, 463, 13.09, 40.00, 7.85, '2013-12-31 04:31:42'),
(3959, 20, 464, 18.16, 40.00, 10.90, '2013-12-31 04:31:43'),
(3960, 20, 465, 23.11, 40.00, 13.87, '2013-12-31 04:31:43'),
(3961, 20, 466, 28.98, 40.00, 17.39, '2013-12-31 04:31:43'),
(3962, 20, 467, 13.09, 40.00, 7.85, '2013-12-31 04:31:43'),
(3963, 20, 468, 18.16, 40.00, 10.90, '2013-12-31 04:31:43'),
(3964, 20, 469, 23.11, 40.00, 13.87, '2013-12-31 04:31:43'),
(3965, 20, 470, 28.98, 40.00, 17.39, '2013-12-31 04:31:43'),
(3966, 20, 471, 13.09, 40.00, 7.85, '2013-12-31 04:31:43'),
(3967, 20, 472, 18.16, 40.00, 10.90, '2013-12-31 04:31:43'),
(3968, 20, 473, 23.11, 40.00, 13.87, '2013-12-31 04:31:43'),
(3969, 20, 474, 28.98, 40.00, 17.39, '2013-12-31 04:31:43');

-- --------------------------------------------------------

--
-- Table structure for table `sohorepro_special_pricing_excel`
--

CREATE TABLE IF NOT EXISTS `sohorepro_special_pricing_excel` (
  `sp_id` int(11) NOT NULL AUTO_INCREMENT,
  `sp_user_id` int(11) NOT NULL,
  `sp_product_id` int(11) NOT NULL,
  `sp_list_price` decimal(15,2) NOT NULL,
  `sp_discount` decimal(8,2) NOT NULL,
  `sp_special_price` decimal(8,2) NOT NULL,
  `sp_date` timestamp NOT NULL DEFAULT CURRENT_TIMESTAMP ON UPDATE CURRENT_TIMESTAMP,
  PRIMARY KEY (`sp_id`)
) ENGINE=InnoDB  DEFAULT CHARSET=latin1 AUTO_INCREMENT=202 ;

--
-- Dumping data for table `sohorepro_special_pricing_excel`
--

INSERT INTO `sohorepro_special_pricing_excel` (`sp_id`, `sp_user_id`, `sp_product_id`, `sp_list_price`, `sp_discount`, `sp_special_price`, `sp_date`) VALUES
(1, 0, 1, 79.81, 20.00, 63.85, '2013-11-25 15:25:36'),
(2, 0, 2, 141.06, 20.00, 112.85, '2013-11-25 15:25:36'),
(3, 0, 3, 278.11, 20.00, 222.49, '2013-11-25 15:25:36'),
(4, 0, 4, 401.08, 20.00, 320.86, '2013-11-25 15:25:36'),
(5, 0, 5, 74.72, 30.00, 52.30, '2013-11-25 15:25:36'),
(6, 0, 6, 87.91, 30.00, 61.54, '2013-11-25 15:25:36'),
(7, 0, 7, 113.93, 30.00, 79.75, '2013-11-25 15:25:36'),
(8, 0, 8, 146.43, 30.00, 102.50, '2013-11-25 15:25:36'),
(9, 0, 9, 148.90, 30.00, 104.23, '2013-11-25 15:25:36'),
(10, 0, 10, 170.80, 30.00, 119.56, '2013-11-25 15:25:36'),
(11, 0, 11, 53.53, 30.00, 37.47, '2013-11-25 15:25:36'),
(12, 0, 12, 101.46, 30.00, 71.02, '2013-11-25 15:25:36'),
(13, 0, 13, 179.35, 30.00, 125.54, '2013-11-25 15:25:36'),
(14, 0, 15, 141.91, 30.00, 99.34, '2013-11-25 15:25:36'),
(15, 0, 16, 188.03, 30.00, 131.62, '2013-11-25 15:25:36'),
(16, 0, 17, 188.03, 30.00, 131.62, '2013-11-25 15:25:36'),
(17, 0, 18, 282.93, 30.00, 198.05, '2013-11-25 15:25:36'),
(18, 0, 19, 471.57, 30.00, 330.10, '2013-11-25 15:25:36'),
(19, 0, 20, 518.68, 30.00, 363.08, '2013-11-25 15:25:36'),
(20, 0, 21, 650.77, 30.00, 455.54, '2013-11-25 15:25:36'),
(21, 0, 22, 519.18, 30.00, 363.43, '2013-11-25 15:25:37'),
(22, 0, 23, 622.94, 30.00, 436.06, '2013-11-25 15:25:37'),
(23, 0, 24, 992.31, 20.00, 793.85, '2013-11-25 15:25:37'),
(24, 0, 25, 1110.44, 20.00, 888.35, '2013-11-25 15:25:37'),
(25, 0, 26, 30.57, 20.00, 24.46, '2013-11-25 15:25:37'),
(26, 0, 27, 38.16, 20.00, 30.53, '2013-11-25 15:25:37'),
(27, 0, 28, 43.24, 20.00, 34.59, '2013-11-25 15:25:37'),
(28, 0, 29, 45.79, 20.00, 36.63, '2013-11-25 15:25:37'),
(29, 0, 30, 63.54, 20.00, 50.83, '2013-11-25 15:25:37'),
(30, 0, 31, 76.27, 20.00, 61.02, '2013-11-25 15:25:37'),
(31, 0, 32, 91.57, 20.00, 73.26, '2013-11-25 15:25:37'),
(32, 0, 33, 37.03, 20.00, 29.62, '2013-11-25 15:25:37'),
(33, 0, 34, 46.15, 20.00, 36.92, '2013-11-25 15:25:37'),
(34, 0, 35, 55.60, 20.00, 44.48, '2013-11-25 15:25:37'),
(35, 0, 36, 65.06, 20.00, 52.05, '2013-11-25 15:25:37'),
(36, 0, 67, 78.57, 20.00, 62.86, '2013-11-25 15:25:37'),
(37, 0, 68, 98.18, 20.00, 78.54, '2013-11-25 15:25:37'),
(38, 0, 69, 117.87, 20.00, 94.30, '2013-11-25 15:25:37'),
(39, 0, 70, 351.71, 40.00, 211.03, '2013-11-25 15:25:37'),
(40, 0, 71, 439.65, 40.00, 263.79, '2013-11-25 15:25:37'),
(41, 0, 72, 527.60, 40.00, 316.56, '2013-11-25 15:25:37'),
(42, 0, 146, 144.65, 20.00, 115.72, '2013-11-25 15:25:37'),
(43, 0, 147, 210.10, 20.00, 168.08, '2013-11-25 15:25:37'),
(44, 0, 148, 324.30, 20.00, 259.44, '2013-11-25 15:25:38'),
(45, 0, 149, 144.65, 20.00, 115.72, '2013-11-25 15:25:38'),
(46, 0, 150, 324.30, 20.00, 259.44, '2013-11-25 15:25:38'),
(47, 0, 151, 144.65, 20.00, 115.72, '2013-11-25 15:25:38'),
(48, 0, 152, 332.55, 20.00, 266.04, '2013-11-25 15:25:38'),
(49, 0, 186, 44.88, 10.00, 40.39, '2013-11-25 15:25:38'),
(50, 0, 187, 41.91, 10.00, 37.72, '2013-11-25 15:25:38'),
(51, 0, 188, 44.00, 10.00, 39.60, '2013-11-25 15:25:38'),
(52, 0, 189, 44.00, 10.00, 39.60, '2013-11-25 15:25:38'),
(53, 0, 190, 44.00, 10.00, 39.60, '2013-11-25 15:25:38'),
(54, 0, 191, 42.00, 10.00, 37.80, '2013-11-25 15:25:38'),
(55, 0, 192, 44.00, 10.00, 39.60, '2013-11-25 15:25:38'),
(56, 0, 193, 44.00, 10.00, 39.60, '2013-11-25 15:25:38'),
(57, 0, 194, 44.00, 10.00, 39.60, '2013-11-25 15:25:38'),
(58, 0, 195, 46.20, 10.00, 41.58, '2013-11-25 15:25:38'),
(59, 0, 196, 47.84, 10.00, 43.06, '2013-11-25 15:25:38'),
(60, 0, 197, 50.94, 10.00, 45.85, '2013-11-25 15:25:38'),
(61, 0, 198, 50.94, 10.00, 45.85, '2013-11-25 15:25:38'),
(62, 0, 199, 50.94, 10.00, 45.85, '2013-11-25 15:25:38'),
(63, 0, 200, 49.07, 10.00, 44.16, '2013-11-25 15:25:38'),
(64, 0, 201, 49.07, 10.00, 44.16, '2013-11-25 15:25:38'),
(65, 0, 202, 49.07, 10.00, 44.16, '2013-11-25 15:25:38'),
(66, 0, 203, 49.07, 10.00, 44.16, '2013-11-25 15:25:38'),
(67, 0, 204, 202.32, 10.00, 182.09, '2013-11-25 15:25:39'),
(68, 0, 205, 202.32, 10.00, 182.09, '2013-11-25 15:25:39'),
(69, 0, 206, 202.32, 10.00, 182.09, '2013-11-25 15:25:39'),
(70, 0, 207, 202.32, 10.00, 182.09, '2013-11-25 15:25:39'),
(71, 0, 208, 220.11, 10.00, 198.10, '2013-11-25 15:25:39'),
(72, 0, 209, 220.11, 10.00, 198.10, '2013-11-25 15:25:39'),
(73, 0, 210, 220.11, 10.00, 198.10, '2013-11-25 15:25:39'),
(74, 0, 211, 220.11, 10.00, 198.10, '2013-11-25 15:25:39'),
(75, 0, 212, 291.06, 10.00, 261.95, '2013-11-25 15:25:39'),
(76, 0, 213, 291.06, 10.00, 261.95, '2013-11-25 15:25:39'),
(77, 0, 214, 291.06, 10.00, 261.95, '2013-11-25 15:25:39'),
(78, 0, 215, 291.06, 10.00, 261.95, '2013-11-25 15:25:39'),
(79, 0, 216, 291.06, 10.00, 261.95, '2013-11-25 15:25:39'),
(80, 0, 217, 291.06, 10.00, 261.95, '2013-11-25 15:25:39'),
(81, 0, 218, 212.00, 10.00, 190.80, '2013-11-25 15:25:39'),
(82, 0, 219, 212.00, 10.00, 190.80, '2013-11-25 15:25:39'),
(83, 0, 220, 212.00, 10.00, 190.80, '2013-11-25 15:25:39'),
(84, 0, 221, 212.00, 10.00, 190.80, '2013-11-25 15:25:39'),
(85, 0, 222, 212.00, 10.00, 190.80, '2013-11-25 15:25:39'),
(86, 0, 223, 212.00, 10.00, 190.80, '2013-11-25 15:25:39'),
(87, 0, 224, 347.29, 10.00, 312.56, '2013-11-25 15:25:39'),
(88, 0, 225, 202.59, 10.00, 182.33, '2013-11-25 15:25:39'),
(89, 0, 226, 225.74, 10.00, 203.17, '2013-11-25 15:25:39'),
(90, 0, 227, 225.74, 10.00, 203.17, '2013-11-25 15:25:40'),
(91, 0, 228, 225.74, 10.00, 203.17, '2013-11-25 15:25:40'),
(92, 0, 229, 200.11, 10.00, 180.10, '2013-11-25 15:25:40'),
(93, 0, 230, 200.11, 10.00, 180.10, '2013-11-25 15:25:40'),
(94, 0, 231, 200.11, 10.00, 180.10, '2013-11-25 15:25:40'),
(95, 0, 232, 200.11, 10.00, 180.10, '2013-11-25 15:25:40'),
(96, 0, 233, 20.00, 10.00, 18.00, '2013-11-25 15:25:40'),
(97, 0, 234, 38.00, 10.00, 34.20, '2013-11-25 15:25:40'),
(98, 0, 235, 31.61, 10.00, 28.45, '2013-11-25 15:25:40'),
(99, 0, 236, 31.61, 10.00, 28.45, '2013-11-25 15:25:40'),
(100, 0, 237, 31.61, 10.00, 28.45, '2013-11-25 15:25:40'),
(101, 0, 238, 61.60, 10.00, 55.44, '2013-11-25 15:25:40'),
(102, 0, 239, 150.00, 10.00, 135.00, '2013-11-25 15:25:40'),
(103, 0, 240, 80.49, 10.00, 72.44, '2013-11-25 15:25:40'),
(104, 0, 241, 80.49, 10.00, 72.44, '2013-11-25 15:25:40'),
(105, 0, 242, 80.49, 10.00, 72.44, '2013-11-25 15:25:40'),
(106, 0, 243, 80.49, 10.00, 72.44, '2013-11-25 15:25:40'),
(107, 0, 244, 80.49, 10.00, 72.44, '2013-11-25 15:25:40'),
(108, 0, 245, 80.49, 10.00, 72.44, '2013-11-25 15:25:40'),
(109, 0, 246, 78.28, 10.00, 70.45, '2013-11-25 15:25:40'),
(110, 0, 247, 78.28, 10.00, 70.45, '2013-11-25 15:25:40'),
(111, 0, 248, 78.28, 10.00, 70.45, '2013-11-25 15:25:40'),
(112, 0, 249, 178.50, 10.00, 160.65, '2013-11-25 15:25:41'),
(113, 0, 250, 80.49, 10.00, 72.44, '2013-11-25 15:25:41'),
(114, 0, 251, 80.49, 10.00, 72.44, '2013-11-25 15:25:41'),
(115, 0, 252, 80.49, 10.00, 72.44, '2013-11-25 15:25:41'),
(116, 0, 253, 80.49, 10.00, 72.44, '2013-11-25 15:25:41'),
(117, 0, 254, 80.49, 10.00, 72.44, '2013-11-25 15:25:41'),
(118, 0, 255, 80.49, 10.00, 72.44, '2013-11-25 15:25:41'),
(119, 0, 256, 352.25, 10.00, 317.02, '2013-11-25 15:25:41'),
(120, 0, 257, 315.00, 10.00, 283.50, '2013-11-25 15:25:41'),
(121, 0, 258, 183.75, 10.00, 165.37, '2013-11-25 15:25:41'),
(122, 0, 259, 183.75, 10.00, 165.37, '2013-11-25 15:25:41'),
(123, 0, 260, 183.75, 10.00, 165.37, '2013-11-25 15:25:41'),
(124, 0, 261, 183.75, 10.00, 165.37, '2013-11-25 15:25:41'),
(125, 0, 262, 183.75, 10.00, 165.37, '2013-11-25 15:25:41'),
(126, 0, 263, 183.75, 10.00, 165.37, '2013-11-25 15:25:41'),
(127, 0, 264, 89.25, 10.00, 80.32, '2013-11-25 15:25:41'),
(128, 0, 265, 173.25, 10.00, 155.92, '2013-11-25 15:25:41'),
(129, 0, 266, 173.25, 10.00, 155.92, '2013-11-25 15:25:41'),
(130, 0, 267, 173.25, 10.00, 155.92, '2013-11-25 15:25:41'),
(131, 0, 268, 173.25, 10.00, 155.92, '2013-11-25 15:25:41'),
(132, 0, 269, 154.00, 10.00, 138.60, '2013-11-25 15:25:41'),
(133, 0, 270, 154.00, 10.00, 138.60, '2013-11-25 15:25:41'),
(134, 0, 271, 154.00, 10.00, 138.60, '2013-11-25 15:25:41'),
(135, 0, 272, 154.00, 10.00, 138.60, '2013-11-25 15:25:41'),
(136, 0, 273, 154.00, 10.00, 138.60, '2013-11-25 15:25:42'),
(137, 0, 274, 154.00, 10.00, 138.60, '2013-11-25 15:25:42'),
(138, 0, 275, 154.00, 10.00, 138.60, '2013-11-25 15:25:42'),
(139, 0, 276, 154.00, 10.00, 138.60, '2013-11-25 15:25:42'),
(140, 0, 277, 87.15, 10.00, 78.43, '2013-11-25 15:25:42'),
(141, 0, 278, 87.15, 10.00, 78.43, '2013-11-25 15:25:42'),
(142, 0, 279, 87.15, 10.00, 78.43, '2013-11-25 15:25:42'),
(143, 0, 280, 87.15, 10.00, 78.43, '2013-11-25 15:25:42'),
(144, 0, 281, 87.15, 10.00, 78.43, '2013-11-25 15:25:42'),
(145, 0, 282, 87.15, 10.00, 78.43, '2013-11-25 15:25:42'),
(146, 0, 283, 87.15, 10.00, 78.43, '2013-11-25 15:25:42'),
(147, 0, 284, 87.15, 10.00, 78.43, '2013-11-25 15:25:42'),
(148, 0, 285, 73.85, 10.00, 66.46, '2013-11-25 15:25:42'),
(149, 0, 286, 73.85, 10.00, 66.46, '2013-11-25 15:25:42'),
(150, 0, 287, 73.85, 10.00, 66.46, '2013-11-25 15:25:42'),
(151, 0, 288, 73.85, 10.00, 66.46, '2013-11-25 15:25:42'),
(152, 0, 289, 310.00, 10.00, 279.00, '2013-11-25 15:25:42'),
(153, 0, 290, 310.00, 10.00, 279.00, '2013-11-25 15:25:42'),
(154, 0, 291, 310.00, 10.00, 279.00, '2013-11-25 15:25:42'),
(155, 0, 292, 310.00, 10.00, 279.00, '2013-11-25 15:25:42'),
(156, 0, 293, 310.00, 10.00, 279.00, '2013-11-25 15:25:42'),
(157, 0, 294, 310.00, 10.00, 279.00, '2013-11-25 15:25:42'),
(158, 0, 295, 310.00, 10.00, 279.00, '2013-11-25 15:25:43'),
(159, 0, 296, 310.00, 10.00, 279.00, '2013-11-25 15:25:43'),
(160, 0, 297, 89.25, 10.00, 80.32, '2013-11-25 15:25:43'),
(161, 0, 298, 173.25, 10.00, 155.92, '2013-11-25 15:25:43'),
(162, 0, 299, 173.25, 10.00, 155.92, '2013-11-25 15:25:43'),
(163, 0, 300, 173.25, 10.00, 155.92, '2013-11-25 15:25:43'),
(164, 0, 301, 173.25, 10.00, 155.92, '2013-11-25 15:25:43'),
(165, 0, 441, 13.25, 20.00, 10.60, '2013-11-25 15:25:43'),
(166, 0, 442, 22.75, 20.00, 18.20, '2013-11-25 15:25:43'),
(167, 0, 443, 39.25, 20.00, 31.40, '2013-11-25 15:25:43'),
(168, 0, 444, 65.25, 20.00, 52.20, '2013-11-25 15:25:43'),
(169, 0, 445, 75.69, 20.00, 60.55, '2013-11-25 15:25:43'),
(170, 0, 446, 14.95, 20.00, 11.96, '2013-11-25 15:25:43'),
(171, 0, 447, 15.50, 20.00, 12.40, '2013-11-25 15:25:43'),
(172, 0, 448, 28.81, 20.00, 23.05, '2013-11-25 15:25:43'),
(173, 0, 449, 49.94, 20.00, 39.95, '2013-11-25 15:25:43'),
(174, 0, 450, 106.18, 20.00, 84.94, '2013-11-25 15:25:43'),
(175, 0, 451, 79.95, 20.00, 63.96, '2013-11-25 15:25:43'),
(176, 0, 452, 79.95, 20.00, 63.96, '2013-11-25 15:25:43'),
(177, 0, 453, 119.95, 20.00, 95.96, '2013-11-25 15:25:43'),
(178, 0, 463, 13.09, 40.00, 7.85, '2013-11-25 15:25:43'),
(179, 0, 464, 18.16, 40.00, 10.90, '2013-11-25 15:25:43'),
(180, 0, 465, 23.11, 40.00, 13.87, '2013-11-25 15:25:44'),
(181, 0, 466, 28.98, 40.00, 17.39, '2013-11-25 15:25:44'),
(182, 0, 467, 13.09, 40.00, 7.85, '2013-11-25 15:25:44'),
(183, 0, 468, 18.16, 40.00, 10.90, '2013-11-25 15:25:44'),
(184, 0, 469, 23.11, 40.00, 13.87, '2013-11-25 15:25:44'),
(185, 0, 470, 28.98, 40.00, 17.39, '2013-11-25 15:25:44'),
(186, 0, 471, 13.09, 40.00, 7.85, '2013-11-25 15:25:44'),
(187, 0, 472, 18.16, 40.00, 10.90, '2013-11-25 15:25:44'),
(188, 0, 473, 23.11, 40.00, 13.87, '2013-11-25 15:25:44'),
(189, 0, 474, 28.98, 40.00, 17.39, '2013-11-25 15:25:44'),
(190, 0, 153, 13.09, 40.00, 7.85, '2013-12-11 11:32:42'),
(191, 0, 154, 18.16, 40.00, 10.90, '2013-12-11 11:32:42'),
(192, 0, 155, 23.11, 40.00, 13.87, '2013-12-11 11:32:42'),
(193, 0, 156, 28.98, 40.00, 17.39, '2013-12-11 11:32:42'),
(194, 0, 157, 13.09, 40.00, 7.85, '2013-12-11 11:32:42'),
(195, 0, 158, 18.16, 40.00, 10.90, '2013-12-11 11:32:42'),
(196, 0, 159, 23.11, 40.00, 13.87, '2013-12-11 11:32:42'),
(197, 0, 160, 28.98, 40.00, 17.39, '2013-12-11 11:32:42'),
(198, 0, 161, 13.09, 40.00, 7.85, '2013-12-11 11:32:42'),
(199, 0, 162, 18.16, 40.00, 10.90, '2013-12-11 11:32:42'),
(200, 0, 163, 23.11, 40.00, 13.87, '2013-12-11 11:32:42'),
(201, 0, 164, 28.98, 40.00, 17.39, '2013-12-11 11:32:42');

-- --------------------------------------------------------

--
-- Table structure for table `sohorepro_states`
--

CREATE TABLE IF NOT EXISTS `sohorepro_states` (
  `state_id` smallint(5) unsigned NOT NULL AUTO_INCREMENT COMMENT 'PK: Unique state ID',
  `state_name` varchar(32) COLLATE utf8_unicode_ci NOT NULL COMMENT 'State name with first letter capital',
  `state_abbr` varchar(8) COLLATE utf8_unicode_ci DEFAULT NULL COMMENT 'Optional state abbreviation (US is 2 capital letters)',
  PRIMARY KEY (`state_id`)
) ENGINE=InnoDB  DEFAULT CHARSET=utf8 COLLATE=utf8_unicode_ci AUTO_INCREMENT=52 ;

--
-- Dumping data for table `sohorepro_states`
--

INSERT INTO `sohorepro_states` (`state_id`, `state_name`, `state_abbr`) VALUES
(1, 'Alabama', 'AL'),
(2, 'Alaska', 'AK'),
(3, 'Arizona', 'AZ'),
(4, 'Arkansas', 'AR'),
(5, 'California', 'CA'),
(6, 'Colorado', 'CO'),
(7, 'Connecticut', 'CT'),
(8, 'Delaware', 'DE'),
(9, 'District of Columbia', 'DC'),
(10, 'Florida', 'FL'),
(11, 'Georgia', 'GA'),
(12, 'Hawaii', 'HI'),
(13, 'Idaho', 'ID'),
(14, 'Illinois', 'IL'),
(15, 'Indiana', 'IN'),
(16, 'Iowa', 'IA'),
(17, 'Kansas', 'KS'),
(18, 'Kentucky', 'KY'),
(19, 'Louisiana', 'LA'),
(20, 'Maine', 'ME'),
(21, 'Maryland', 'MD'),
(22, 'Massachusetts', 'MA'),
(23, 'Michigan', 'MI'),
(24, 'Minnesota', 'MN'),
(25, 'Mississippi', 'MS'),
(26, 'Missouri', 'MO'),
(27, 'Montana', 'MT'),
(28, 'Nebraska', 'NE'),
(29, 'Nevada', 'NV'),
(30, 'New Hampshire', 'NH'),
(31, 'New Jersey', 'NJ'),
(32, 'New Mexico', 'NM'),
(33, 'New York', 'NY'),
(34, 'North Carolina', 'NC'),
(35, 'North Dakota', 'ND'),
(36, 'Ohio', 'OH'),
(37, 'Oklahoma', 'OK'),
(38, 'Oregon', 'OR'),
(39, 'Pennsylvania', 'PA'),
(40, 'Rhode Island', 'RI'),
(41, 'South Carolina', 'SC'),
(42, 'South Dakota', 'SD'),
(43, 'Tennessee', 'TN'),
(44, 'Texas', 'TX'),
(45, 'Utah', 'UT'),
(46, 'Vermont', 'VT'),
(47, 'Virginia', 'VA'),
(48, 'Washington', 'WA'),
(49, 'West Virginia', 'WV'),
(50, 'Wisconsin', 'WI'),
(51, 'Wyoming', 'WY');

/*!40101 SET CHARACTER_SET_CLIENT=@OLD_CHARACTER_SET_CLIENT */;
/*!40101 SET CHARACTER_SET_RESULTS=@OLD_CHARACTER_SET_RESULTS */;
/*!40101 SET COLLATION_CONNECTION=@OLD_COLLATION_CONNECTION */;
